{
	"credit": "LongWayToHome (Karel)",
	"texture_size": [8, 8],
	"textures": {
		"0": "item/diamondsword",
		"particle": "item/diamondsword"
	},
	"elements": [
		{
			"name": "bladed",
			"from": [7.4, 0, 7.9],
			"to": [8.6, 2.9, 8.1],
			"faces": {
				"north": {"uv": [12, 8, 16, 12], "texture": "#0"},
				"east": {"uv": [12, 8, 16, 12], "texture": "#0"},
				"south": {"uv": [12, 8, 16, 12], "texture": "#0"},
				"west": {"uv": [12, 8, 16, 12], "texture": "#0"},
				"up": {"uv": [12, 8, 16, 12], "texture": "#0"},
				"down": {"uv": [12, 8, 16, 12], "texture": "#0"}
			}
		},
		{
			"name": "bladed",
			"from": [7.525, 0, 8.075],
			"to": [7.725, 2.9, 8.375],
			"rotation": {"angle": -45, "axis": "y", "origin": [8, 5, 8]},
			"faces": {
				"north": {"uv": [12, 8, 16, 12], "texture": "#0"},
				"east": {"uv": [12, 8, 16, 12], "texture": "#0"},
				"south": {"uv": [12, 8, 16, 12], "texture": "#0"},
				"west": {"uv": [12, 8, 16, 12], "texture": "#0"},
				"up": {"uv": [12, 8, 16, 12], "texture": "#0"},
				"down": {"uv": [12, 8, 16, 12], "texture": "#0"}
			}
		},
		{
			"name": "bladed",
			"from": [7.6, 0, 7.7],
			"to": [7.9, 2.9, 8.3],
			"faces": {
				"north": {"uv": [12, 8, 16, 12], "texture": "#0"},
				"east": {"uv": [12, 8, 16, 12], "texture": "#0"},
				"south": {"uv": [12, 8, 16, 12], "texture": "#0"},
				"west": {"uv": [12, 8, 16, 12], "texture": "#0"},
				"up": {"uv": [12, 8, 16, 12], "texture": "#0"},
				"down": {"uv": [12, 8, 16, 12], "texture": "#0"}
			}
		},
		{
			"name": "bladed",
			"from": [7.9, 0, 7.75],
			"to": [8.1, 2.9, 8.25],
			"faces": {
				"north": {"uv": [12, 8, 16, 12], "texture": "#0"},
				"east": {"uv": [12, 8, 16, 12], "texture": "#0"},
				"south": {"uv": [12, 8, 16, 12], "texture": "#0"},
				"west": {"uv": [12, 8, 16, 12], "texture": "#0"},
				"up": {"uv": [12, 8, 16, 12], "texture": "#0"},
				"down": {"uv": [12, 8, 16, 12], "texture": "#0"}
			}
		},
		{
			"name": "bladed",
			"from": [8.1, 0, 7.7],
			"to": [8.4, 2.9, 8.3],
			"faces": {
				"north": {"uv": [12, 8, 16, 12], "texture": "#0"},
				"east": {"uv": [12, 8, 16, 12], "texture": "#0"},
				"south": {"uv": [12, 8, 16, 12], "texture": "#0"},
				"west": {"uv": [12, 8, 16, 12], "texture": "#0"},
				"up": {"uv": [12, 8, 16, 12], "texture": "#0"},
				"down": {"uv": [12, 8, 16, 12], "texture": "#0"}
			}
		},
		{
			"name": "bladed",
			"from": [8.275, 0, 8.075],
			"to": [8.475, 2.9, 8.375],
			"rotation": {"angle": 45, "axis": "y", "origin": [8, 5, 8]},
			"faces": {
				"north": {"uv": [12, 8, 16, 12], "texture": "#0"},
				"east": {"uv": [12, 8, 16, 12], "texture": "#0"},
				"south": {"uv": [12, 8, 16, 12], "texture": "#0"},
				"west": {"uv": [12, 8, 16, 12], "texture": "#0"},
				"up": {"uv": [12, 8, 16, 12], "rotation": 180, "texture": "#0"},
				"down": {"uv": [12, 8, 16, 12], "rotation": 180, "texture": "#0"}
			}
		},
		{
			"name": "bladed",
			"from": [8.275, 0, 7.625],
			"to": [8.475, 2.9, 7.925],
			"rotation": {"angle": -45, "axis": "y", "origin": [8, 5, 8]},
			"faces": {
				"north": {"uv": [12, 8, 16, 12], "texture": "#0"},
				"east": {"uv": [12, 8, 16, 12], "texture": "#0"},
				"south": {"uv": [12, 8, 16, 12], "texture": "#0"},
				"west": {"uv": [12, 8, 16, 12], "texture": "#0"},
				"up": {"uv": [12, 8, 16, 12], "texture": "#0"},
				"down": {"uv": [12, 8, 16, 12], "texture": "#0"}
			}
		},
		{
			"name": "bladed",
			"from": [7.525, 0, 7.625],
			"to": [7.725, 2.9, 7.925],
			"rotation": {"angle": 45, "axis": "y", "origin": [8, 5, 8]},
			"faces": {
				"north": {"uv": [12, 8, 16, 12], "texture": "#0"},
				"east": {"uv": [12, 8, 16, 12], "texture": "#0"},
				"south": {"uv": [12, 8, 16, 12], "texture": "#0"},
				"west": {"uv": [12, 8, 16, 12], "texture": "#0"},
				"up": {"uv": [12, 8, 16, 12], "rotation": 180, "texture": "#0"},
				"down": {"uv": [12, 8, 16, 12], "rotation": 180, "texture": "#0"}
			}
		},
		{
			"name": "bladed",
			"from": [7.45, 2.9, 7.925],
			"to": [8.55, 5.8, 8.075],
			"rotation": {"angle": 0, "axis": "y", "origin": [0, 2.9, 0]},
			"faces": {
				"north": {"uv": [12, 8, 16, 12], "texture": "#0"},
				"east": {"uv": [12, 8, 16, 12], "texture": "#0"},
				"south": {"uv": [12, 8, 16, 12], "texture": "#0"},
				"west": {"uv": [12, 8, 16, 12], "texture": "#0"},
				"up": {"uv": [12, 8, 16, 12], "texture": "#0"},
				"down": {"uv": [12, 8, 16, 12], "texture": "#0"}
			}
		},
		{
			"name": "bladed",
			"from": [7.575, 2.9, 8.05],
			"to": [7.7, 5.8, 8.325],
			"rotation": {"angle": -45, "axis": "y", "origin": [8, 7.9, 8]},
			"faces": {
				"north": {"uv": [12, 8, 16, 12], "texture": "#0"},
				"east": {"uv": [12, 8, 16, 12], "texture": "#0"},
				"south": {"uv": [12, 8, 16, 12], "texture": "#0"},
				"west": {"uv": [12, 8, 16, 12], "texture": "#0"},
				"up": {"uv": [12, 8, 16, 12], "texture": "#0"},
				"down": {"uv": [12, 8, 16, 12], "texture": "#0"}
			}
		},
		{
			"name": "bladed",
			"from": [7.65, 2.9, 7.725],
			"to": [7.9, 5.8, 8.275],
			"rotation": {"angle": 0, "axis": "y", "origin": [0, 2.9, 0]},
			"faces": {
				"north": {"uv": [12, 8, 16, 12], "texture": "#0"},
				"east": {"uv": [12, 8, 16, 12], "texture": "#0"},
				"south": {"uv": [12, 8, 16, 12], "texture": "#0"},
				"west": {"uv": [12, 8, 16, 12], "texture": "#0"},
				"up": {"uv": [12, 8, 16, 12], "texture": "#0"},
				"down": {"uv": [12, 8, 16, 12], "texture": "#0"}
			}
		},
		{
			"name": "bladed",
			"from": [7.9, 2.9, 7.775],
			"to": [8.1, 5.8, 8.225],
			"rotation": {"angle": 0, "axis": "y", "origin": [0, 2.9, 0]},
			"faces": {
				"north": {"uv": [12, 8, 16, 12], "texture": "#0"},
				"east": {"uv": [12, 8, 16, 12], "texture": "#0"},
				"south": {"uv": [12, 8, 16, 12], "texture": "#0"},
				"west": {"uv": [12, 8, 16, 12], "texture": "#0"},
				"up": {"uv": [12, 8, 16, 12], "texture": "#0"},
				"down": {"uv": [12, 8, 16, 12], "texture": "#0"}
			}
		},
		{
			"name": "bladed",
			"from": [8.1, 2.9, 7.725],
			"to": [8.35, 5.8, 8.275],
			"rotation": {"angle": 0, "axis": "y", "origin": [0, 2.9, 0]},
			"faces": {
				"north": {"uv": [12, 8, 16, 12], "texture": "#0"},
				"east": {"uv": [12, 8, 16, 12], "texture": "#0"},
				"south": {"uv": [12, 8, 16, 12], "texture": "#0"},
				"west": {"uv": [12, 8, 16, 12], "texture": "#0"},
				"up": {"uv": [12, 8, 16, 12], "texture": "#0"},
				"down": {"uv": [12, 8, 16, 12], "texture": "#0"}
			}
		},
		{
			"name": "bladed",
			"from": [8.3, 2.9, 8.05],
			"to": [8.425, 5.8, 8.325],
			"rotation": {"angle": 45, "axis": "y", "origin": [8, 7.9, 8]},
			"faces": {
				"north": {"uv": [12, 8, 16, 12], "texture": "#0"},
				"east": {"uv": [12, 8, 16, 12], "texture": "#0"},
				"south": {"uv": [12, 8, 16, 12], "texture": "#0"},
				"west": {"uv": [12, 8, 16, 12], "texture": "#0"},
				"up": {"uv": [12, 8, 16, 12], "rotation": 180, "texture": "#0"},
				"down": {"uv": [12, 8, 16, 12], "rotation": 180, "texture": "#0"}
			}
		},
		{
			"name": "bladed",
			"from": [8.3, 2.9, 7.675],
			"to": [8.425, 5.8, 7.95],
			"rotation": {"angle": -45, "axis": "y", "origin": [8, 7.9, 8]},
			"faces": {
				"north": {"uv": [12, 8, 16, 12], "texture": "#0"},
				"east": {"uv": [12, 8, 16, 12], "texture": "#0"},
				"south": {"uv": [12, 8, 16, 12], "texture": "#0"},
				"west": {"uv": [12, 8, 16, 12], "texture": "#0"},
				"up": {"uv": [12, 8, 16, 12], "texture": "#0"},
				"down": {"uv": [12, 8, 16, 12], "texture": "#0"}
			}
		},
		{
			"name": "bladed",
			"from": [7.575, 2.9, 7.675],
			"to": [7.7, 5.8, 7.95],
			"rotation": {"angle": 45, "axis": "y", "origin": [8, 7.9, 8]},
			"faces": {
				"north": {"uv": [12, 8, 16, 12], "texture": "#0"},
				"east": {"uv": [12, 8, 16, 12], "texture": "#0"},
				"south": {"uv": [12, 8, 16, 12], "texture": "#0"},
				"west": {"uv": [12, 8, 16, 12], "texture": "#0"},
				"up": {"uv": [12, 8, 16, 12], "rotation": 180, "texture": "#0"},
				"down": {"uv": [12, 8, 16, 12], "rotation": 180, "texture": "#0"}
			}
		},
		{
			"name": "bladed",
			"from": [7.5, 5.8, 7.95],
			"to": [8.5, 8.7, 8.05],
			"rotation": {"angle": 0, "axis": "y", "origin": [0, 5.8, 0]},
			"faces": {
				"north": {"uv": [12, 8, 16, 12], "texture": "#0"},
				"east": {"uv": [12, 8, 16, 12], "texture": "#0"},
				"south": {"uv": [12, 8, 16, 12], "texture": "#0"},
				"west": {"uv": [12, 8, 16, 12], "texture": "#0"},
				"up": {"uv": [12, 8, 16, 12], "texture": "#0"},
				"down": {"uv": [12, 8, 16, 12], "texture": "#0"}
			}
		},
		{
			"name": "bladed",
			"from": [7.625, 5.8, 8.05],
			"to": [7.75, 8.7, 8.325],
			"rotation": {"angle": -45, "axis": "y", "origin": [8, 10.8, 8]},
			"faces": {
				"north": {"uv": [12, 8, 16, 12], "texture": "#0"},
				"east": {"uv": [12, 8, 16, 12], "texture": "#0"},
				"south": {"uv": [12, 8, 16, 12], "texture": "#0"},
				"west": {"uv": [12, 8, 16, 12], "texture": "#0"},
				"up": {"uv": [12, 8, 16, 12], "texture": "#0"},
				"down": {"uv": [12, 8, 16, 12], "texture": "#0"}
			}
		},
		{
			"name": "bladed",
			"from": [7.7, 5.8, 7.75],
			"to": [7.9, 8.7, 8.25],
			"rotation": {"angle": 0, "axis": "y", "origin": [0, 5.8, 0]},
			"faces": {
				"north": {"uv": [12, 8, 16, 12], "texture": "#0"},
				"east": {"uv": [12, 8, 16, 12], "texture": "#0"},
				"south": {"uv": [12, 8, 16, 12], "texture": "#0"},
				"west": {"uv": [12, 8, 16, 12], "texture": "#0"},
				"up": {"uv": [12, 8, 16, 12], "texture": "#0"},
				"down": {"uv": [12, 8, 16, 12], "texture": "#0"}
			}
		},
		{
			"name": "bladed",
			"from": [7.9, 5.8, 7.8],
			"to": [8.1, 8.7, 8.2],
			"rotation": {"angle": 0, "axis": "y", "origin": [0, 5.8, 0]},
			"faces": {
				"north": {"uv": [12, 8, 16, 12], "texture": "#0"},
				"east": {"uv": [12, 8, 16, 12], "texture": "#0"},
				"south": {"uv": [12, 8, 16, 12], "texture": "#0"},
				"west": {"uv": [12, 8, 16, 12], "texture": "#0"},
				"up": {"uv": [12, 8, 16, 12], "texture": "#0"},
				"down": {"uv": [12, 8, 16, 12], "texture": "#0"}
			}
		},
		{
			"name": "bladed",
			"from": [8.1, 5.8, 7.75],
			"to": [8.3, 8.7, 8.25],
			"rotation": {"angle": 0, "axis": "y", "origin": [0, 5.8, 0]},
			"faces": {
				"north": {"uv": [12, 8, 16, 12], "texture": "#0"},
				"east": {"uv": [12, 8, 16, 12], "texture": "#0"},
				"south": {"uv": [12, 8, 16, 12], "texture": "#0"},
				"west": {"uv": [12, 8, 16, 12], "texture": "#0"},
				"up": {"uv": [12, 8, 16, 12], "texture": "#0"},
				"down": {"uv": [12, 8, 16, 12], "texture": "#0"}
			}
		},
		{
			"name": "bladed",
			"from": [8.25, 5.8, 8.05],
			"to": [8.375, 8.7, 8.325],
			"rotation": {"angle": 45, "axis": "y", "origin": [8, 10.8, 8]},
			"faces": {
				"north": {"uv": [12, 8, 16, 12], "texture": "#0"},
				"east": {"uv": [12, 8, 16, 12], "texture": "#0"},
				"south": {"uv": [12, 8, 16, 12], "texture": "#0"},
				"west": {"uv": [12, 8, 16, 12], "texture": "#0"},
				"up": {"uv": [12, 8, 16, 12], "rotation": 180, "texture": "#0"},
				"down": {"uv": [12, 8, 16, 12], "rotation": 180, "texture": "#0"}
			}
		},
		{
			"name": "bladed",
			"from": [8.25, 5.8, 7.675],
			"to": [8.375, 8.7, 7.95],
			"rotation": {"angle": -45, "axis": "y", "origin": [8, 10.8, 8]},
			"faces": {
				"north": {"uv": [12, 8, 16, 12], "texture": "#0"},
				"east": {"uv": [12, 8, 16, 12], "texture": "#0"},
				"south": {"uv": [12, 8, 16, 12], "texture": "#0"},
				"west": {"uv": [12, 8, 16, 12], "texture": "#0"},
				"up": {"uv": [12, 8, 16, 12], "texture": "#0"},
				"down": {"uv": [12, 8, 16, 12], "texture": "#0"}
			}
		},
		{
			"name": "bladed",
			"from": [7.625, 5.8, 7.675],
			"to": [7.75, 8.7, 7.95],
			"rotation": {"angle": 45, "axis": "y", "origin": [8, 10.8, 8]},
			"faces": {
				"north": {"uv": [12, 8, 16, 12], "texture": "#0"},
				"east": {"uv": [12, 8, 16, 12], "texture": "#0"},
				"south": {"uv": [12, 8, 16, 12], "texture": "#0"},
				"west": {"uv": [12, 8, 16, 12], "texture": "#0"},
				"up": {"uv": [12, 8, 16, 12], "rotation": 180, "texture": "#0"},
				"down": {"uv": [12, 8, 16, 12], "rotation": 180, "texture": "#0"}
			}
		},
		{
			"name": "bladed",
			"from": [7.55, 8.7, 7.975],
			"to": [8.45, 11.6, 8.025],
			"rotation": {"angle": 0, "axis": "y", "origin": [0, 8.7, 0]},
			"faces": {
				"north": {"uv": [12, 8, 16, 12], "texture": "#0"},
				"east": {"uv": [12, 8, 16, 12], "texture": "#0"},
				"south": {"uv": [12, 8, 16, 12], "texture": "#0"},
				"west": {"uv": [12, 8, 16, 12], "texture": "#0"},
				"up": {"uv": [12, 8, 16, 12], "texture": "#0"},
				"down": {"uv": [12, 8, 16, 12], "texture": "#0"}
			}
		},
		{
			"name": "bladed",
			"from": [7.675, 8.7, 8.025],
			"to": [7.9, 11.6, 8.3],
			"rotation": {"angle": -45, "axis": "y", "origin": [8, 13.7, 8]},
			"faces": {
				"north": {"uv": [12, 8, 16, 12], "texture": "#0"},
				"east": {"uv": [12, 8, 16, 12], "texture": "#0"},
				"south": {"uv": [12, 8, 16, 12], "texture": "#0"},
				"west": {"uv": [12, 8, 16, 12], "texture": "#0"},
				"up": {"uv": [12, 8, 16, 12], "texture": "#0"},
				"down": {"uv": [12, 8, 16, 12], "texture": "#0"}
			}
		},
		{
			"name": "bladed",
			"from": [7.75, 8.7, 7.775],
			"to": [7.9, 11.6, 8.225],
			"rotation": {"angle": 0, "axis": "y", "origin": [0, 8.7, 0]},
			"faces": {
				"north": {"uv": [12, 8, 16, 12], "texture": "#0"},
				"east": {"uv": [12, 8, 16, 12], "texture": "#0"},
				"south": {"uv": [12, 8, 16, 12], "texture": "#0"},
				"west": {"uv": [12, 8, 16, 12], "texture": "#0"},
				"up": {"uv": [12, 8, 16, 12], "texture": "#0"},
				"down": {"uv": [12, 8, 16, 12], "texture": "#0"}
			}
		},
		{
			"name": "bladed",
			"from": [7.9, 8.7, 7.825],
			"to": [8.1, 11.6, 8.175],
			"rotation": {"angle": 0, "axis": "y", "origin": [0, 8.7, 0]},
			"faces": {
				"north": {"uv": [12, 8, 16, 12], "texture": "#0"},
				"east": {"uv": [12, 8, 16, 12], "texture": "#0"},
				"south": {"uv": [12, 8, 16, 12], "texture": "#0"},
				"west": {"uv": [12, 8, 16, 12], "texture": "#0"},
				"up": {"uv": [12, 8, 16, 12], "texture": "#0"},
				"down": {"uv": [12, 8, 16, 12], "texture": "#0"}
			}
		},
		{
			"name": "bladed",
			"from": [8.1, 8.7, 7.775],
			"to": [8.25, 11.6, 8.225],
			"rotation": {"angle": 0, "axis": "y", "origin": [0, 8.7, 0]},
			"faces": {
				"north": {"uv": [12, 8, 16, 12], "texture": "#0"},
				"east": {"uv": [12, 8, 16, 12], "texture": "#0"},
				"south": {"uv": [12, 8, 16, 12], "texture": "#0"},
				"west": {"uv": [12, 8, 16, 12], "texture": "#0"},
				"up": {"uv": [12, 8, 16, 12], "texture": "#0"},
				"down": {"uv": [12, 8, 16, 12], "texture": "#0"}
			}
		},
		{
			"name": "bladed",
			"from": [8.1, 8.7, 8.025],
			"to": [8.325, 11.6, 8.3],
			"rotation": {"angle": 45, "axis": "y", "origin": [8, 13.7, 8]},
			"faces": {
				"north": {"uv": [12, 8, 16, 12], "texture": "#0"},
				"east": {"uv": [12, 8, 16, 12], "texture": "#0"},
				"south": {"uv": [12, 8, 16, 12], "texture": "#0"},
				"west": {"uv": [12, 8, 16, 12], "texture": "#0"},
				"up": {"uv": [12, 8, 16, 12], "rotation": 180, "texture": "#0"},
				"down": {"uv": [12, 8, 16, 12], "rotation": 180, "texture": "#0"}
			}
		},
		{
			"name": "bladed",
			"from": [8.1, 8.7, 7.7],
			"to": [8.325, 11.6, 7.975],
			"rotation": {"angle": -45, "axis": "y", "origin": [8, 13.7, 8]},
			"faces": {
				"north": {"uv": [12, 8, 16, 12], "texture": "#0"},
				"east": {"uv": [12, 8, 16, 12], "texture": "#0"},
				"south": {"uv": [12, 8, 16, 12], "texture": "#0"},
				"west": {"uv": [12, 8, 16, 12], "texture": "#0"},
				"up": {"uv": [12, 8, 16, 12], "texture": "#0"},
				"down": {"uv": [12, 8, 16, 12], "texture": "#0"}
			}
		},
		{
			"name": "bladed",
			"from": [7.675, 8.7, 7.7],
			"to": [7.9, 11.6, 7.975],
			"rotation": {"angle": 45, "axis": "y", "origin": [8, 13.7, 8]},
			"faces": {
				"north": {"uv": [12, 8, 16, 12], "texture": "#0"},
				"east": {"uv": [12, 8, 16, 12], "texture": "#0"},
				"south": {"uv": [12, 8, 16, 12], "texture": "#0"},
				"west": {"uv": [12, 8, 16, 12], "texture": "#0"},
				"up": {"uv": [12, 8, 16, 12], "rotation": 180, "texture": "#0"},
				"down": {"uv": [12, 8, 16, 12], "rotation": 180, "texture": "#0"}
			}
		},
		{
			"name": "bladed",
			"from": [7.725, 11.6, 8],
			"to": [7.85, 14.5, 8.275],
			"rotation": {"angle": -45, "axis": "y", "origin": [8, 16.6, 8]},
			"faces": {
				"north": {"uv": [12, 8, 16, 12], "texture": "#0"},
				"east": {"uv": [12, 8, 16, 12], "texture": "#0"},
				"south": {"uv": [12, 8, 16, 12], "texture": "#0"},
				"west": {"uv": [12, 8, 16, 12], "texture": "#0"},
				"up": {"uv": [12, 8, 16, 12], "texture": "#0"},
				"down": {"uv": [12, 8, 16, 12], "texture": "#0"}
			}
		},
		{
			"name": "bladed",
			"from": [7.8, 11.6, 7.8],
			"to": [7.925, 14.5, 8.2],
			"rotation": {"angle": 0, "axis": "y", "origin": [0, 11.6, 0]},
			"faces": {
				"north": {"uv": [12, 8, 16, 12], "texture": "#0"},
				"east": {"uv": [12, 8, 16, 12], "texture": "#0"},
				"south": {"uv": [12, 8, 16, 12], "texture": "#0"},
				"west": {"uv": [12, 8, 16, 12], "texture": "#0"},
				"up": {"uv": [12, 8, 16, 12], "texture": "#0"},
				"down": {"uv": [12, 8, 16, 12], "texture": "#0"}
			}
		},
		{
			"name": "bladed",
			"from": [7.925, 11.6, 7.85],
			"to": [8.075, 14.5, 8.15],
			"rotation": {"angle": 0, "axis": "y", "origin": [0, 11.6, 0]},
			"faces": {
				"north": {"uv": [12, 8, 16, 12], "texture": "#0"},
				"east": {"uv": [12, 8, 16, 12], "texture": "#0"},
				"south": {"uv": [12, 8, 16, 12], "texture": "#0"},
				"west": {"uv": [12, 8, 16, 12], "texture": "#0"},
				"up": {"uv": [12, 8, 16, 12], "texture": "#0"},
				"down": {"uv": [12, 8, 16, 12], "texture": "#0"}
			}
		},
		{
			"name": "bladed",
			"from": [8.075, 11.6, 7.8],
			"to": [8.2, 14.5, 8.2],
			"rotation": {"angle": 0, "axis": "y", "origin": [0, 11.6, 0]},
			"faces": {
				"north": {"uv": [12, 8, 16, 12], "texture": "#0"},
				"east": {"uv": [12, 8, 16, 12], "texture": "#0"},
				"south": {"uv": [12, 8, 16, 12], "texture": "#0"},
				"west": {"uv": [12, 8, 16, 12], "texture": "#0"},
				"up": {"uv": [12, 8, 16, 12], "texture": "#0"},
				"down": {"uv": [12, 8, 16, 12], "texture": "#0"}
			}
		},
		{
			"name": "bladed",
			"from": [8.15, 11.6, 8],
			"to": [8.275, 14.5, 8.275],
			"rotation": {"angle": 45, "axis": "y", "origin": [8, 16.6, 8]},
			"faces": {
				"north": {"uv": [12, 8, 16, 12], "texture": "#0"},
				"east": {"uv": [12, 8, 16, 12], "texture": "#0"},
				"south": {"uv": [12, 8, 16, 12], "texture": "#0"},
				"west": {"uv": [12, 8, 16, 12], "texture": "#0"},
				"up": {"uv": [12, 8, 16, 12], "rotation": 180, "texture": "#0"},
				"down": {"uv": [12, 8, 16, 12], "rotation": 180, "texture": "#0"}
			}
		},
		{
			"name": "bladed",
			"from": [8.15, 11.6, 7.725],
			"to": [8.275, 14.5, 8],
			"rotation": {"angle": -45, "axis": "y", "origin": [8, 16.6, 8]},
			"faces": {
				"north": {"uv": [12, 8, 16, 12], "texture": "#0"},
				"east": {"uv": [12, 8, 16, 12], "texture": "#0"},
				"south": {"uv": [12, 8, 16, 12], "texture": "#0"},
				"west": {"uv": [12, 8, 16, 12], "texture": "#0"},
				"up": {"uv": [12, 8, 16, 12], "texture": "#0"},
				"down": {"uv": [12, 8, 16, 12], "texture": "#0"}
			}
		},
		{
			"name": "bladed",
			"from": [7.725, 11.6, 7.725],
			"to": [7.85, 14.5, 8],
			"rotation": {"angle": 45, "axis": "y", "origin": [8, 16.6, 8]},
			"faces": {
				"north": {"uv": [12, 8, 16, 12], "texture": "#0"},
				"east": {"uv": [12, 8, 16, 12], "texture": "#0"},
				"south": {"uv": [12, 8, 16, 12], "texture": "#0"},
				"west": {"uv": [12, 8, 16, 12], "texture": "#0"},
				"up": {"uv": [12, 8, 16, 12], "rotation": 180, "texture": "#0"},
				"down": {"uv": [12, 8, 16, 12], "rotation": 180, "texture": "#0"}
			}
		},
		{
			"name": "bladed",
			"from": [7.775, 14.5, 7.975],
			"to": [8, 17.4, 8.2],
			"rotation": {"angle": -45, "axis": "y", "origin": [8, 19.5, 8]},
			"faces": {
				"north": {"uv": [12, 8, 16, 12], "texture": "#0"},
				"east": {"uv": [12, 8, 16, 12], "texture": "#0"},
				"south": {"uv": [12, 8, 16, 12], "texture": "#0"},
				"west": {"uv": [12, 8, 16, 12], "texture": "#0"},
				"up": {"uv": [12, 8, 16, 12], "texture": "#0"},
				"down": {"uv": [12, 8, 16, 12], "texture": "#0"}
			}
		},
		{
			"name": "bladed",
			"from": [7.85, 14.5, 7.825],
			"to": [7.95, 17.4, 8.175],
			"rotation": {"angle": 0, "axis": "y", "origin": [0, 14.5, 0]},
			"faces": {
				"north": {"uv": [12, 8, 16, 12], "texture": "#0"},
				"east": {"uv": [12, 8, 16, 12], "texture": "#0"},
				"south": {"uv": [12, 8, 16, 12], "texture": "#0"},
				"west": {"uv": [12, 8, 16, 12], "texture": "#0"},
				"up": {"uv": [12, 8, 16, 12], "texture": "#0"},
				"down": {"uv": [12, 8, 16, 12], "texture": "#0"}
			}
		},
		{
			"name": "bladed",
			"from": [7.95, 14.5, 7.875],
			"to": [8.05, 17.4, 8.125],
			"rotation": {"angle": 0, "axis": "y", "origin": [0, 14.5, 0]},
			"faces": {
				"north": {"uv": [12, 8, 16, 12], "texture": "#0"},
				"east": {"uv": [12, 8, 16, 12], "texture": "#0"},
				"south": {"uv": [12, 8, 16, 12], "texture": "#0"},
				"west": {"uv": [12, 8, 16, 12], "texture": "#0"},
				"up": {"uv": [12, 8, 16, 12], "texture": "#0"},
				"down": {"uv": [12, 8, 16, 12], "texture": "#0"}
			}
		},
		{
			"name": "bladed",
			"from": [8.05, 14.5, 7.825],
			"to": [8.15, 17.4, 8.175],
			"rotation": {"angle": 0, "axis": "y", "origin": [0, 14.5, 0]},
			"faces": {
				"north": {"uv": [12, 8, 16, 12], "texture": "#0"},
				"east": {"uv": [12, 8, 16, 12], "texture": "#0"},
				"south": {"uv": [12, 8, 16, 12], "texture": "#0"},
				"west": {"uv": [12, 8, 16, 12], "texture": "#0"},
				"up": {"uv": [12, 8, 16, 12], "texture": "#0"},
				"down": {"uv": [12, 8, 16, 12], "texture": "#0"}
			}
		},
		{
			"name": "bladed",
			"from": [8.2, 14.5, 7.975],
			"to": [8.225, 17.4, 8.225],
			"rotation": {"angle": 45, "axis": "y", "origin": [8, 19.5, 8]},
			"faces": {
				"north": {"uv": [12, 8, 16, 12], "texture": "#0"},
				"east": {"uv": [12, 8, 16, 12], "texture": "#0"},
				"south": {"uv": [12, 8, 16, 12], "texture": "#0"},
				"west": {"uv": [12, 8, 16, 12], "texture": "#0"},
				"up": {"uv": [12, 8, 16, 12], "rotation": 180, "texture": "#0"},
				"down": {"uv": [12, 8, 16, 12], "rotation": 180, "texture": "#0"}
			}
		},
		{
			"name": "bladed",
			"from": [8, 14.5, 7.8],
			"to": [8.225, 17.4, 8.025],
			"rotation": {"angle": -45, "axis": "y", "origin": [8, 19.5, 8]},
			"faces": {
				"north": {"uv": [12, 8, 16, 12], "texture": "#0"},
				"east": {"uv": [12, 8, 16, 12], "texture": "#0"},
				"south": {"uv": [12, 8, 16, 12], "texture": "#0"},
				"west": {"uv": [12, 8, 16, 12], "texture": "#0"},
				"up": {"uv": [12, 8, 16, 12], "texture": "#0"},
				"down": {"uv": [12, 8, 16, 12], "texture": "#0"}
			}
		},
		{
			"name": "bladed",
			"from": [7.775, 14.5, 7.775],
			"to": [7.8, 17.4, 8.025],
			"rotation": {"angle": 45, "axis": "y", "origin": [8, 19.5, 8]},
			"faces": {
				"north": {"uv": [12, 8, 16, 12], "texture": "#0"},
				"east": {"uv": [12, 8, 16, 12], "texture": "#0"},
				"south": {"uv": [12, 8, 16, 12], "texture": "#0"},
				"west": {"uv": [12, 8, 16, 12], "texture": "#0"},
				"up": {"uv": [12, 8, 16, 12], "rotation": 180, "texture": "#0"},
				"down": {"uv": [12, 8, 16, 12], "rotation": 180, "texture": "#0"}
			}
		},
		{
			"name": "bladed",
			"from": [7.825, 17.4, 8],
			"to": [7.95, 20.3, 8.175],
			"rotation": {"angle": -45, "axis": "y", "origin": [8, 22.4, 8]},
			"faces": {
				"north": {"uv": [12, 8, 16, 12], "texture": "#0"},
				"east": {"uv": [12, 8, 16, 12], "texture": "#0"},
				"south": {"uv": [12, 8, 16, 12], "texture": "#0"},
				"west": {"uv": [12, 8, 16, 12], "texture": "#0"},
				"up": {"uv": [12, 8, 16, 12], "texture": "#0"},
				"down": {"uv": [12, 8, 16, 12], "texture": "#0"}
			}
		},
		{
			"name": "bladed",
			"from": [7.875, 17.4, 7.85],
			"to": [7.975, 20.3, 8.15],
			"rotation": {"angle": 0, "axis": "y", "origin": [0, 17.4, 0]},
			"faces": {
				"north": {"uv": [12, 8, 16, 12], "texture": "#0"},
				"east": {"uv": [12, 8, 16, 12], "texture": "#0"},
				"south": {"uv": [12, 8, 16, 12], "texture": "#0"},
				"west": {"uv": [12, 8, 16, 12], "texture": "#0"},
				"up": {"uv": [12, 8, 16, 12], "texture": "#0"},
				"down": {"uv": [12, 8, 16, 12], "texture": "#0"}
			}
		},
		{
			"name": "bladed",
			"from": [7.975, 17.4, 7.9],
			"to": [8.025, 20.3, 8.1],
			"rotation": {"angle": 0, "axis": "y", "origin": [0, 17.4, 0]},
			"faces": {
				"north": {"uv": [12, 8, 16, 12], "texture": "#0"},
				"east": {"uv": [12, 8, 16, 12], "texture": "#0"},
				"south": {"uv": [12, 8, 16, 12], "texture": "#0"},
				"west": {"uv": [12, 8, 16, 12], "texture": "#0"},
				"up": {"uv": [12, 8, 16, 12], "texture": "#0"},
				"down": {"uv": [12, 8, 16, 12], "texture": "#0"}
			}
		},
		{
			"name": "bladed",
			"from": [8.025, 17.4, 7.85],
			"to": [8.125, 20.3, 8.15],
			"rotation": {"angle": 0, "axis": "y", "origin": [0, 17.4, 0]},
			"faces": {
				"north": {"uv": [12, 8, 16, 12], "texture": "#0"},
				"east": {"uv": [12, 8, 16, 12], "texture": "#0"},
				"south": {"uv": [12, 8, 16, 12], "texture": "#0"},
				"west": {"uv": [12, 8, 16, 12], "texture": "#0"},
				"up": {"uv": [12, 8, 16, 12], "texture": "#0"},
				"down": {"uv": [12, 8, 16, 12], "texture": "#0"}
			}
		},
		{
			"name": "bladed",
			"from": [8.0875, 17.4, 7.975],
			"to": [8.1875, 20.3, 8.175],
			"rotation": {"angle": 45, "axis": "y", "origin": [8, 22.4, 8]},
			"faces": {
				"north": {"uv": [12, 8, 16, 12], "texture": "#0"},
				"east": {"uv": [12, 8, 16, 12], "texture": "#0"},
				"south": {"uv": [12, 8, 16, 12], "texture": "#0"},
				"west": {"uv": [12, 8, 16, 12], "texture": "#0"},
				"up": {"uv": [12, 8, 16, 12], "rotation": 180, "texture": "#0"},
				"down": {"uv": [12, 8, 16, 12], "rotation": 180, "texture": "#0"}
			}
		},
		{
			"name": "bladed",
			"from": [8.05, 17.4, 7.825],
			"to": [8.175, 20.3, 8],
			"rotation": {"angle": -45, "axis": "y", "origin": [8, 22.4, 8]},
			"faces": {
				"north": {"uv": [12, 8, 16, 12], "texture": "#0"},
				"east": {"uv": [12, 8, 16, 12], "texture": "#0"},
				"south": {"uv": [12, 8, 16, 12], "texture": "#0"},
				"west": {"uv": [12, 8, 16, 12], "texture": "#0"},
				"up": {"uv": [12, 8, 16, 12], "texture": "#0"},
				"down": {"uv": [12, 8, 16, 12], "texture": "#0"}
			}
		},
		{
			"name": "bladed",
			"from": [7.8125, 17.4, 7.825],
			"to": [7.9125, 20.3, 8.025],
			"rotation": {"angle": 45, "axis": "y", "origin": [8, 22.4, 8]},
			"faces": {
				"north": {"uv": [12, 8, 16, 12], "texture": "#0"},
				"east": {"uv": [12, 8, 16, 12], "texture": "#0"},
				"south": {"uv": [12, 8, 16, 12], "texture": "#0"},
				"west": {"uv": [12, 8, 16, 12], "texture": "#0"},
				"up": {"uv": [12, 8, 16, 12], "rotation": 180, "texture": "#0"},
				"down": {"uv": [12, 8, 16, 12], "rotation": 180, "texture": "#0"}
			}
		},
		{
			"name": "bladed",
			"from": [7.85, 20.3, 7.975],
			"to": [8.025, 23.2, 8.15],
			"rotation": {"angle": -45, "axis": "y", "origin": [8, 25.3, 8]},
			"faces": {
				"north": {"uv": [12, 8, 16, 12], "texture": "#0"},
				"east": {"uv": [12, 8, 16, 12], "texture": "#0"},
				"south": {"uv": [12, 8, 16, 12], "texture": "#0"},
				"west": {"uv": [12, 8, 16, 12], "texture": "#0"},
				"up": {"uv": [12, 8, 16, 12], "texture": "#0"},
				"down": {"uv": [12, 8, 16, 12], "texture": "#0"}
			}
		},
		{
			"name": "bladed",
			"from": [7.9, 20.3, 7.875],
			"to": [7.975, 23.2, 8.125],
			"rotation": {"angle": 0, "axis": "y", "origin": [0, 20.3, 0]},
			"faces": {
				"north": {"uv": [12, 8, 16, 12], "texture": "#0"},
				"east": {"uv": [12, 8, 16, 12], "texture": "#0"},
				"south": {"uv": [12, 8, 16, 12], "texture": "#0"},
				"west": {"uv": [12, 8, 16, 12], "texture": "#0"},
				"up": {"uv": [12, 8, 16, 12], "texture": "#0"},
				"down": {"uv": [12, 8, 16, 12], "texture": "#0"}
			}
		},
		{
			"name": "bladed",
			"from": [7.975, 20.3, 7.925],
			"to": [8.025, 23.2, 8.075],
			"rotation": {"angle": 0, "axis": "y", "origin": [0, 20.3, 0]},
			"faces": {
				"north": {"uv": [12, 8, 16, 12], "texture": "#0"},
				"east": {"uv": [12, 8, 16, 12], "texture": "#0"},
				"south": {"uv": [12, 8, 16, 12], "texture": "#0"},
				"west": {"uv": [12, 8, 16, 12], "texture": "#0"},
				"up": {"uv": [12, 8, 16, 12], "texture": "#0"},
				"down": {"uv": [12, 8, 16, 12], "texture": "#0"}
			}
		},
		{
			"name": "bladed",
			"from": [8.025, 20.3, 7.875],
			"to": [8.1, 23.2, 8.125],
			"rotation": {"angle": 0, "axis": "y", "origin": [0, 20.3, 0]},
			"faces": {
				"north": {"uv": [12, 8, 16, 12], "texture": "#0"},
				"east": {"uv": [12, 8, 16, 12], "texture": "#0"},
				"south": {"uv": [12, 8, 16, 12], "texture": "#0"},
				"west": {"uv": [12, 8, 16, 12], "texture": "#0"},
				"up": {"uv": [12, 8, 16, 12], "texture": "#0"},
				"down": {"uv": [12, 8, 16, 12], "texture": "#0"}
			}
		},
		{
			"name": "bladed",
			"from": [7.975, 20.3, 7.85],
			"to": [8.15, 23.2, 8.025],
			"rotation": {"angle": -45, "axis": "y", "origin": [8, 25.3, 8]},
			"faces": {
				"north": {"uv": [12, 8, 16, 12], "texture": "#0"},
				"east": {"uv": [12, 8, 16, 12], "texture": "#0"},
				"south": {"uv": [12, 8, 16, 12], "texture": "#0"},
				"west": {"uv": [12, 8, 16, 12], "texture": "#0"},
				"up": {"uv": [12, 8, 16, 12], "texture": "#0"},
				"down": {"uv": [12, 8, 16, 12], "texture": "#0"}
			}
		},
		{
			"name": "bladed",
			"from": [7.9, 23.2, 7.975],
			"to": [8.025, 26.1, 8.1],
			"rotation": {"angle": -45, "axis": "y", "origin": [8, 28.2, 8]},
			"faces": {
				"north": {"uv": [12, 8, 16, 12], "texture": "#0"},
				"east": {"uv": [12, 8, 16, 12], "texture": "#0"},
				"south": {"uv": [12, 8, 16, 12], "texture": "#0"},
				"west": {"uv": [12, 8, 16, 12], "texture": "#0"},
				"up": {"uv": [12, 8, 16, 12], "texture": "#0"},
				"down": {"uv": [12, 8, 16, 12], "texture": "#0"}
			}
		},
		{
			"name": "bladed",
			"from": [7.925, 23.2, 7.9],
			"to": [7.975, 26.1, 8.1],
			"rotation": {"angle": 0, "axis": "y", "origin": [0, 23.2, 0]},
			"faces": {
				"north": {"uv": [12, 8, 16, 12], "texture": "#0"},
				"east": {"uv": [12, 8, 16, 12], "texture": "#0"},
				"south": {"uv": [12, 8, 16, 12], "texture": "#0"},
				"west": {"uv": [12, 8, 16, 12], "texture": "#0"},
				"up": {"uv": [12, 8, 16, 12], "texture": "#0"},
				"down": {"uv": [12, 8, 16, 12], "texture": "#0"}
			}
		},
		{
			"name": "bladed",
			"from": [8.025, 23.2, 7.9],
			"to": [8.075, 26.1, 8.1],
			"rotation": {"angle": 0, "axis": "y", "origin": [0, 23.2, 0]},
			"faces": {
				"north": {"uv": [12, 8, 16, 12], "texture": "#0"},
				"east": {"uv": [12, 8, 16, 12], "texture": "#0"},
				"south": {"uv": [12, 8, 16, 12], "texture": "#0"},
				"west": {"uv": [12, 8, 16, 12], "texture": "#0"},
				"up": {"uv": [12, 8, 16, 12], "texture": "#0"},
				"down": {"uv": [12, 8, 16, 12], "texture": "#0"}
			}
		},
		{
			"name": "bladed",
			"from": [7.975, 23.2, 7.9],
			"to": [8.1, 26.1, 8.025],
			"rotation": {"angle": -45, "axis": "y", "origin": [8, 28.2, 8]},
			"faces": {
				"north": {"uv": [12, 8, 16, 12], "texture": "#0"},
				"east": {"uv": [12, 8, 16, 12], "texture": "#0"},
				"south": {"uv": [12, 8, 16, 12], "texture": "#0"},
				"west": {"uv": [12, 8, 16, 12], "texture": "#0"},
				"up": {"uv": [12, 8, 16, 12], "texture": "#0"},
				"down": {"uv": [12, 8, 16, 12], "texture": "#0"}
			}
		},
		{
			"name": "bladed",
			"from": [7.925, 26.1, 7.975],
			"to": [8.025, 28.4, 8.075],
			"rotation": {"angle": -45, "axis": "y", "origin": [8, 31.1, 8]},
			"faces": {
				"north": {"uv": [12, 8, 16, 12], "texture": "#0"},
				"east": {"uv": [12, 8, 16, 12], "texture": "#0"},
				"south": {"uv": [12, 8, 16, 12], "texture": "#0"},
				"west": {"uv": [12, 8, 16, 12], "texture": "#0"},
				"up": {"uv": [12, 8, 16, 12], "texture": "#0"},
				"down": {"uv": [12, 8, 16, 12], "texture": "#0"}
			}
		},
		{
			"name": "bladed",
			"from": [7.95, 26.1, 7.925],
			"to": [8, 28.4, 8.075],
			"rotation": {"angle": 0, "axis": "y", "origin": [0, 26.1, 0]},
			"faces": {
				"north": {"uv": [12, 8, 16, 12], "texture": "#0"},
				"east": {"uv": [12, 8, 16, 12], "texture": "#0"},
				"south": {"uv": [12, 8, 16, 12], "texture": "#0"},
				"west": {"uv": [12, 8, 16, 12], "texture": "#0"},
				"up": {"uv": [12, 8, 16, 12], "texture": "#0"},
				"down": {"uv": [12, 8, 16, 12], "texture": "#0"}
			}
		},
		{
			"name": "bladed",
			"from": [8, 26.1, 7.925],
			"to": [8.05, 28.4, 8.075],
			"rotation": {"angle": 0, "axis": "y", "origin": [0, 26.1, 0]},
			"faces": {
				"north": {"uv": [12, 8, 16, 12], "texture": "#0"},
				"east": {"uv": [12, 8, 16, 12], "texture": "#0"},
				"south": {"uv": [12, 8, 16, 12], "texture": "#0"},
				"west": {"uv": [12, 8, 16, 12], "texture": "#0"},
				"up": {"uv": [12, 8, 16, 12], "texture": "#0"},
				"down": {"uv": [12, 8, 16, 12], "texture": "#0"}
			}
		},
		{
			"name": "bladed",
			"from": [7.975, 26.1, 7.925],
			"to": [8.075, 28.4, 8.025],
			"rotation": {"angle": -45, "axis": "y", "origin": [8, 31.1, 8]},
			"faces": {
				"north": {"uv": [12, 8, 16, 12], "texture": "#0"},
				"east": {"uv": [12, 8, 16, 12], "texture": "#0"},
				"south": {"uv": [12, 8, 16, 12], "texture": "#0"},
				"west": {"uv": [12, 8, 16, 12], "texture": "#0"},
				"up": {"uv": [12, 8, 16, 12], "texture": "#0"},
				"down": {"uv": [12, 8, 16, 12], "texture": "#0"}
			}
		},
		{
			"name": "bladed",
			"from": [7.95, 28.4, 7.975],
			"to": [8.025, 29, 8.05],
			"rotation": {"angle": -45, "axis": "y", "origin": [8, 31.1, 8]},
			"faces": {
				"north": {"uv": [12, 8, 16, 12], "texture": "#0"},
				"east": {"uv": [12, 8, 16, 12], "texture": "#0"},
				"south": {"uv": [12, 8, 16, 12], "texture": "#0"},
				"west": {"uv": [12, 8, 16, 12], "texture": "#0"},
				"up": {"uv": [12, 8, 16, 12], "texture": "#0"},
				"down": {"uv": [12, 8, 16, 12], "texture": "#0"}
			}
		},
		{
			"name": "bladed",
			"from": [7.975, 28.4, 7.95],
			"to": [8, 29, 8.05],
			"rotation": {"angle": 0, "axis": "y", "origin": [0, 26.1, 0]},
			"faces": {
				"north": {"uv": [12, 8, 16, 12], "texture": "#0"},
				"east": {"uv": [12, 8, 16, 12], "texture": "#0"},
				"south": {"uv": [12, 8, 16, 12], "texture": "#0"},
				"west": {"uv": [12, 8, 16, 12], "texture": "#0"},
				"up": {"uv": [12, 8, 16, 12], "texture": "#0"},
				"down": {"uv": [12, 8, 16, 12], "texture": "#0"}
			}
		},
		{
			"name": "bladed",
			"from": [8, 28.4, 7.95],
			"to": [8.025, 29, 8.05],
			"rotation": {"angle": 0, "axis": "y", "origin": [0, 26.1, 0]},
			"faces": {
				"north": {"uv": [12, 8, 16, 12], "texture": "#0"},
				"east": {"uv": [12, 8, 16, 12], "texture": "#0"},
				"south": {"uv": [12, 8, 16, 12], "texture": "#0"},
				"west": {"uv": [12, 8, 16, 12], "texture": "#0"},
				"up": {"uv": [12, 8, 16, 12], "texture": "#0"},
				"down": {"uv": [12, 8, 16, 12], "texture": "#0"}
			}
		},
		{
			"name": "bladed",
			"from": [7.975, 28.4, 7.95],
			"to": [8.05, 29, 8.025],
			"rotation": {"angle": -45, "axis": "y", "origin": [8, 31.1, 8]},
			"faces": {
				"north": {"uv": [12, 8, 16, 12], "texture": "#0"},
				"east": {"uv": [12, 8, 16, 12], "texture": "#0"},
				"south": {"uv": [12, 8, 16, 12], "texture": "#0"},
				"west": {"uv": [12, 8, 16, 12], "texture": "#0"},
				"up": {"uv": [12, 8, 16, 12], "texture": "#0"},
				"down": {"uv": [12, 8, 16, 12], "texture": "#0"}
			}
		},
		{
			"name": "gardac",
			"from": [7.4, -0.575, 7.575],
			"to": [8.6, -0.025, 8.425],
			"faces": {
				"north": {"uv": [12, 8, 16, 12], "texture": "#0"},
				"east": {"uv": [12, 8, 16, 12], "texture": "#0"},
				"south": {"uv": [12, 8, 16, 12], "texture": "#0"},
				"west": {"uv": [12, 8, 16, 12], "texture": "#0"},
				"up": {"uv": [12, 8, 16, 12], "texture": "#0"},
				"down": {"uv": [12, 8, 16, 12], "texture": "#0"}
			}
		},
		{
			"name": "gardac",
			"from": [7.4, -0.6, 7.6],
			"to": [8.6, -0.575, 8.4],
			"faces": {
				"north": {"uv": [8, 12, 12, 16], "texture": "#0"},
				"east": {"uv": [8, 12, 12, 16], "texture": "#0"},
				"south": {"uv": [8, 12, 12, 16], "texture": "#0"},
				"west": {"uv": [8, 12, 12, 16], "texture": "#0"},
				"up": {"uv": [8, 12, 12, 16], "texture": "#0"},
				"down": {"uv": [8, 12, 12, 16], "texture": "#0"}
			}
		},
		{
			"name": "gardac",
			"from": [7.4, -0.025, 7.6],
			"to": [8.6, 0, 8.4],
			"faces": {
				"north": {"uv": [12, 8, 16, 12], "texture": "#0"},
				"east": {"uv": [12, 8, 16, 12], "texture": "#0"},
				"south": {"uv": [12, 8, 16, 12], "texture": "#0"},
				"west": {"uv": [12, 8, 16, 12], "texture": "#0"},
				"up": {"uv": [12, 8, 16, 12], "texture": "#0"},
				"down": {"uv": [12, 8, 16, 12], "texture": "#0"}
			}
		},
		{
			"name": "gardac",
			"from": [7.875, -0.325, 7.45],
			"to": [8.125, -0.275, 8.55],
			"rotation": {"angle": 0, "axis": "y", "origin": [8, -0.3, 7.5125]},
			"faces": {
				"north": {"uv": [12, 8, 16, 12], "texture": "#0"},
				"east": {"uv": [12, 8, 16, 12], "texture": "#0"},
				"south": {"uv": [12, 8, 16, 12], "texture": "#0"},
				"west": {"uv": [12, 8, 16, 12], "texture": "#0"},
				"up": {"uv": [12, 8, 16, 12], "rotation": 180, "texture": "#0"},
				"down": {"uv": [12, 8, 16, 12], "rotation": 180, "texture": "#0"}
			}
		},
		{
			"name": "gardac",
			"from": [7.875, -0.35, 7.475],
			"to": [8.125, -0.25, 8.525],
			"rotation": {"angle": 0, "axis": "y", "origin": [8, -0.3, 7.5125]},
			"faces": {
				"north": {"uv": [12, 8, 16, 12], "texture": "#0"},
				"east": {"uv": [12, 8, 16, 12], "texture": "#0"},
				"south": {"uv": [12, 8, 16, 12], "texture": "#0"},
				"west": {"uv": [12, 8, 16, 12], "texture": "#0"},
				"up": {"uv": [12, 8, 16, 12], "rotation": 180, "texture": "#0"},
				"down": {"uv": [12, 8, 16, 12], "rotation": 180, "texture": "#0"}
			}
		},
		{
			"name": "gardac",
			"from": [7.875, -0.375, 7.5],
			"to": [8.125, -0.225, 8.5],
			"rotation": {"angle": 0, "axis": "y", "origin": [8, -0.3, 7.5125]},
			"faces": {
				"north": {"uv": [12, 8, 16, 12], "texture": "#0"},
				"east": {"uv": [12, 8, 16, 12], "texture": "#0"},
				"south": {"uv": [12, 8, 16, 12], "texture": "#0"},
				"west": {"uv": [12, 8, 16, 12], "texture": "#0"},
				"up": {"uv": [12, 8, 16, 12], "rotation": 180, "texture": "#0"},
				"down": {"uv": [12, 8, 16, 12], "rotation": 180, "texture": "#0"}
			}
		},
		{
			"name": "gardac",
			"from": [7.875, -0.4, 7.525],
			"to": [8.125, -0.2, 8.475],
			"rotation": {"angle": 0, "axis": "y", "origin": [8, -0.3, 7.5125]},
			"faces": {
				"north": {"uv": [12, 8, 16, 12], "texture": "#0"},
				"east": {"uv": [12, 8, 16, 12], "texture": "#0"},
				"south": {"uv": [12, 8, 16, 12], "texture": "#0"},
				"west": {"uv": [12, 8, 16, 12], "texture": "#0"},
				"up": {"uv": [12, 8, 16, 12], "rotation": 180, "texture": "#0"},
				"down": {"uv": [12, 8, 16, 12], "rotation": 180, "texture": "#0"}
			}
		},
		{
			"name": "gardac",
			"from": [7.875, -0.425, 7.55],
			"to": [8.125, -0.175, 8.45],
			"rotation": {"angle": 0, "axis": "y", "origin": [8, -0.3, 7.5125]},
			"faces": {
				"north": {"uv": [12, 8, 16, 12], "texture": "#0"},
				"east": {"uv": [12, 8, 16, 12], "texture": "#0"},
				"south": {"uv": [12, 8, 16, 12], "texture": "#0"},
				"west": {"uv": [12, 8, 16, 12], "texture": "#0"},
				"up": {"uv": [12, 8, 16, 12], "rotation": 180, "texture": "#0"},
				"down": {"uv": [12, 8, 16, 12], "rotation": 180, "texture": "#0"}
			}
		},
		{
			"name": "gardac",
			"from": [7.5, -0.4, 7.55],
			"to": [8.5, -0.2, 8.45],
			"rotation": {"angle": 0, "axis": "y", "origin": [8, -0.3, 7.5125]},
			"faces": {
				"north": {"uv": [12, 8, 16, 12], "texture": "#0"},
				"east": {"uv": [12, 8, 16, 12], "texture": "#0"},
				"south": {"uv": [12, 8, 16, 12], "texture": "#0"},
				"west": {"uv": [12, 8, 16, 12], "texture": "#0"},
				"up": {"uv": [12, 8, 16, 12], "rotation": 180, "texture": "#0"},
				"down": {"uv": [12, 8, 16, 12], "rotation": 180, "texture": "#0"}
			}
		},
		{
			"name": "gardac",
			"from": [7.5, -0.375, 7.525],
			"to": [8.5, -0.225, 8.475],
			"rotation": {"angle": 0, "axis": "y", "origin": [8, -0.3, 7.5125]},
			"faces": {
				"north": {"uv": [12, 8, 16, 12], "texture": "#0"},
				"east": {"uv": [12, 8, 16, 12], "texture": "#0"},
				"south": {"uv": [12, 8, 16, 12], "texture": "#0"},
				"west": {"uv": [12, 8, 16, 12], "texture": "#0"},
				"up": {"uv": [12, 8, 16, 12], "rotation": 180, "texture": "#0"},
				"down": {"uv": [12, 8, 16, 12], "rotation": 180, "texture": "#0"}
			}
		},
		{
			"name": "gardac",
			"from": [7.5, -0.35, 7.5],
			"to": [8.5, -0.25, 8.5],
			"rotation": {"angle": 0, "axis": "y", "origin": [8, -0.3, 7.5125]},
			"faces": {
				"north": {"uv": [12, 8, 16, 12], "texture": "#0"},
				"east": {"uv": [12, 8, 16, 12], "texture": "#0"},
				"south": {"uv": [12, 8, 16, 12], "texture": "#0"},
				"west": {"uv": [12, 8, 16, 12], "texture": "#0"},
				"up": {"uv": [12, 8, 16, 12], "rotation": 180, "texture": "#0"},
				"down": {"uv": [12, 8, 16, 12], "rotation": 180, "texture": "#0"}
			}
		},
		{
			"name": "gardac",
			"from": [7.5, -0.325, 7.475],
			"to": [8.5, -0.275, 8.525],
			"rotation": {"angle": 0, "axis": "y", "origin": [8, -0.3, 7.5125]},
			"faces": {
				"north": {"uv": [12, 8, 16, 12], "texture": "#0"},
				"east": {"uv": [12, 8, 16, 12], "texture": "#0"},
				"south": {"uv": [12, 8, 16, 12], "texture": "#0"},
				"west": {"uv": [12, 8, 16, 12], "texture": "#0"},
				"up": {"uv": [12, 8, 16, 12], "rotation": 180, "texture": "#0"},
				"down": {"uv": [12, 8, 16, 12], "rotation": 180, "texture": "#0"}
			}
		},
		{
			"name": "gardac",
			"from": [8.6, -0.575, 7.625],
			"to": [8.8, 0, 8.375],
			"faces": {
				"north": {"uv": [12, 8, 16, 12], "texture": "#0"},
				"east": {"uv": [12, 8, 16, 12], "texture": "#0"},
				"south": {"uv": [12, 8, 16, 12], "texture": "#0"},
				"west": {"uv": [12, 8, 16, 12], "texture": "#0"},
				"up": {"uv": [12, 8, 16, 12], "texture": "#0"},
				"down": {"uv": [12, 8, 16, 12], "texture": "#0"}
			}
		},
		{
			"name": "gardac",
			"from": [8.8, -0.55, 7.65],
			"to": [9, 0.025, 8.35],
			"faces": {
				"north": {"uv": [12, 8, 16, 12], "texture": "#0"},
				"east": {"uv": [12, 8, 16, 12], "texture": "#0"},
				"south": {"uv": [12, 8, 16, 12], "texture": "#0"},
				"west": {"uv": [12, 8, 16, 12], "texture": "#0"},
				"up": {"uv": [12, 8, 16, 12], "texture": "#0"},
				"down": {"uv": [12, 8, 16, 12], "texture": "#0"}
			}
		},
		{
			"name": "gardac",
			"from": [9.6, -0.45, 7.75],
			"to": [9.8, 0.225, 8.25],
			"faces": {
				"north": {"uv": [12, 8, 16, 12], "texture": "#0"},
				"east": {"uv": [12, 8, 16, 12], "texture": "#0"},
				"south": {"uv": [12, 8, 16, 12], "texture": "#0"},
				"west": {"uv": [12, 8, 16, 12], "texture": "#0"},
				"up": {"uv": [12, 8, 16, 12], "texture": "#0"},
				"down": {"uv": [12, 8, 16, 12], "texture": "#0"}
			}
		},
		{
			"name": "gardac",
			"from": [10, -0.275, 7.8],
			"to": [10.2, 0.35, 8.2],
			"faces": {
				"north": {"uv": [12, 8, 16, 12], "texture": "#0"},
				"east": {"uv": [12, 8, 16, 12], "texture": "#0"},
				"south": {"uv": [12, 8, 16, 12], "texture": "#0"},
				"west": {"uv": [12, 8, 16, 12], "texture": "#0"},
				"up": {"uv": [12, 8, 16, 12], "texture": "#0"},
				"down": {"uv": [12, 8, 16, 12], "texture": "#0"}
			}
		},
		{
			"name": "gardac",
			"from": [10.2, -0.2, 7.825],
			"to": [10.4, 0.5, 8.175],
			"faces": {
				"north": {"uv": [12, 8, 16, 12], "texture": "#0"},
				"east": {"uv": [12, 8, 16, 12], "texture": "#0"},
				"south": {"uv": [12, 8, 16, 12], "texture": "#0"},
				"west": {"uv": [12, 8, 16, 12], "texture": "#0"},
				"up": {"uv": [12, 8, 16, 12], "texture": "#0"},
				"down": {"uv": [12, 8, 16, 12], "texture": "#0"}
			}
		},
		{
			"name": "gardac",
			"from": [10.18435, 0.48312, 7.875],
			"to": [10.38435, 0.65812, 8.125],
			"rotation": {"angle": 45, "axis": "z", "origin": [10.18435, 0.99562, 8]},
			"faces": {
				"north": {"uv": [12, 8, 16, 12], "rotation": 90, "texture": "#0"},
				"east": {"uv": [12, 8, 16, 12], "rotation": 270, "texture": "#0"},
				"south": {"uv": [12, 8, 16, 12], "rotation": 270, "texture": "#0"},
				"west": {"uv": [12, 8, 16, 12], "rotation": 270, "texture": "#0"},
				"up": {"uv": [12, 8, 16, 12], "rotation": 270, "texture": "#0"},
				"down": {"uv": [12, 8, 16, 12], "rotation": 270, "texture": "#0"}
			}
		},
		{
			"name": "gardac",
			"from": [9.8, -0.425, 7.775],
			"to": [10, 0.25, 8.225],
			"faces": {
				"north": {"uv": [12, 8, 16, 12], "texture": "#0"},
				"east": {"uv": [12, 8, 16, 12], "texture": "#0"},
				"south": {"uv": [12, 8, 16, 12], "texture": "#0"},
				"west": {"uv": [12, 8, 16, 12], "texture": "#0"},
				"up": {"uv": [12, 8, 16, 12], "texture": "#0"},
				"down": {"uv": [12, 8, 16, 12], "texture": "#0"}
			}
		},
		{
			"name": "gardac",
			"from": [10.55, 0.15, 7.875],
			"to": [10.7, 0.775, 8.125],
			"faces": {
				"north": {"uv": [12, 8, 16, 12], "texture": "#0"},
				"east": {"uv": [12, 8, 16, 12], "texture": "#0"},
				"south": {"uv": [12, 8, 16, 12], "texture": "#0"},
				"west": {"uv": [12, 8, 16, 12], "texture": "#0"},
				"up": {"uv": [12, 8, 16, 12], "texture": "#0"},
				"down": {"uv": [12, 8, 16, 12], "texture": "#0"}
			}
		},
		{
			"name": "gardac",
			"from": [10.5, 0.025, 7.875],
			"to": [10.55, 0.65, 8.125],
			"faces": {
				"north": {"uv": [12, 8, 16, 12], "texture": "#0"},
				"east": {"uv": [12, 8, 16, 12], "texture": "#0"},
				"south": {"uv": [12, 8, 16, 12], "texture": "#0"},
				"west": {"uv": [12, 8, 16, 12], "texture": "#0"},
				"up": {"uv": [12, 8, 16, 12], "texture": "#0"},
				"down": {"uv": [12, 8, 16, 12], "texture": "#0"}
			}
		},
		{
			"name": "gardac",
			"from": [10.7, 0.275, 7.875],
			"to": [10.825, 0.575, 8.125],
			"faces": {
				"north": {"uv": [12, 8, 16, 12], "texture": "#0"},
				"east": {"uv": [12, 8, 16, 12], "texture": "#0"},
				"south": {"uv": [12, 8, 16, 12], "texture": "#0"},
				"west": {"uv": [12, 8, 16, 12], "texture": "#0"},
				"up": {"uv": [12, 8, 16, 12], "texture": "#0"},
				"down": {"uv": [12, 8, 16, 12], "texture": "#0"}
			}
		},
		{
			"name": "gardac",
			"from": [10.4, -0.1, 7.85],
			"to": [10.5, 0.675, 8.15],
			"faces": {
				"north": {"uv": [12, 8, 16, 12], "texture": "#0"},
				"east": {"uv": [12, 8, 16, 12], "texture": "#0"},
				"south": {"uv": [12, 8, 16, 12], "texture": "#0"},
				"west": {"uv": [12, 8, 16, 12], "texture": "#0"},
				"up": {"uv": [12, 8, 16, 12], "texture": "#0"},
				"down": {"uv": [12, 8, 16, 12], "texture": "#0"}
			}
		},
		{
			"name": "gardac",
			"from": [10.1375, -0.3625, 7.9],
			"to": [10.6625, 0.2875, 8.1],
			"rotation": {"angle": -45, "axis": "z", "origin": [10.85, -0.1125, 8]},
			"faces": {
				"north": {"uv": [12, 8, 16, 12], "rotation": 90, "texture": "#0"},
				"east": {"uv": [12, 8, 16, 12], "rotation": 270, "texture": "#0"},
				"south": {"uv": [12, 8, 16, 12], "rotation": 270, "texture": "#0"},
				"west": {"uv": [12, 8, 16, 12], "rotation": 270, "texture": "#0"},
				"up": {"uv": [12, 8, 16, 12], "rotation": 270, "texture": "#0"},
				"down": {"uv": [12, 8, 16, 12], "rotation": 270, "texture": "#0"}
			}
		},
		{
			"name": "gardac",
			"from": [10.675, 0.275, 7.9],
			"to": [10.85, 0.975, 8.1],
			"rotation": {"angle": 22.5, "axis": "z", "origin": [10.85, 0.6625, 8]},
			"faces": {
				"north": {"uv": [12, 8, 16, 12], "texture": "#0"},
				"east": {"uv": [12, 8, 16, 12], "texture": "#0"},
				"south": {"uv": [12, 8, 16, 12], "texture": "#0"},
				"west": {"uv": [12, 8, 16, 12], "texture": "#0"},
				"up": {"uv": [12, 8, 16, 12], "texture": "#0"},
				"down": {"uv": [12, 8, 16, 12], "texture": "#0"}
			}
		},
		{
			"name": "gardac",
			"from": [9, -0.525, 7.675],
			"to": [9.2, 0.05, 8.325],
			"faces": {
				"north": {"uv": [12, 8, 16, 12], "texture": "#0"},
				"east": {"uv": [12, 8, 16, 12], "texture": "#0"},
				"south": {"uv": [12, 8, 16, 12], "texture": "#0"},
				"west": {"uv": [12, 8, 16, 12], "texture": "#0"},
				"up": {"uv": [12, 8, 16, 12], "texture": "#0"},
				"down": {"uv": [12, 8, 16, 12], "texture": "#0"}
			}
		},
		{
			"name": "gardac",
			"from": [9.2, -0.5, 7.7],
			"to": [9.4, 0, 8.3],
			"faces": {
				"north": {"uv": [12, 8, 16, 12], "texture": "#0"},
				"east": {"uv": [12, 8, 16, 12], "texture": "#0"},
				"south": {"uv": [12, 8, 16, 12], "texture": "#0"},
				"west": {"uv": [12, 8, 16, 12], "texture": "#0"},
				"up": {"uv": [12, 8, 16, 12], "texture": "#0"},
				"down": {"uv": [12, 8, 16, 12], "texture": "#0"}
			}
		},
		{
			"name": "gardac",
			"from": [9.4, -0.475, 7.725],
			"to": [9.6, 0.15, 8.275],
			"faces": {
				"north": {"uv": [12, 8, 16, 12], "texture": "#0"},
				"east": {"uv": [12, 8, 16, 12], "texture": "#0"},
				"south": {"uv": [12, 8, 16, 12], "texture": "#0"},
				"west": {"uv": [12, 8, 16, 12], "texture": "#0"},
				"up": {"uv": [12, 8, 16, 12], "texture": "#0"},
				"down": {"uv": [12, 8, 16, 12], "texture": "#0"}
			}
		},
		{
			"name": "gardac",
			"from": [9.98435, 0.48312, 7.85],
			"to": [10.18435, 0.65812, 8.15],
			"rotation": {"angle": 45, "axis": "z", "origin": [10.18435, 0.99562, 8]},
			"faces": {
				"north": {"uv": [12, 8, 16, 12], "rotation": 90, "texture": "#0"},
				"east": {"uv": [12, 8, 16, 12], "rotation": 270, "texture": "#0"},
				"south": {"uv": [12, 8, 16, 12], "rotation": 270, "texture": "#0"},
				"west": {"uv": [12, 8, 16, 12], "rotation": 270, "texture": "#0"},
				"up": {"uv": [12, 8, 16, 12], "rotation": 270, "texture": "#0"},
				"down": {"uv": [12, 8, 16, 12], "rotation": 270, "texture": "#0"}
			}
		},
		{
			"name": "gardac",
			"from": [9.98738, 0.33512, 7.8],
			"to": [10.18738, 0.51012, 8.2],
			"rotation": {"angle": 22.5, "axis": "z", "origin": [10.23738, 0.44762, 8]},
			"faces": {
				"north": {"uv": [12, 8, 16, 12], "rotation": 90, "texture": "#0"},
				"east": {"uv": [12, 8, 16, 12], "rotation": 270, "texture": "#0"},
				"south": {"uv": [12, 8, 16, 12], "rotation": 270, "texture": "#0"},
				"west": {"uv": [12, 8, 16, 12], "rotation": 270, "texture": "#0"},
				"up": {"uv": [12, 8, 16, 12], "rotation": 270, "texture": "#0"},
				"down": {"uv": [12, 8, 16, 12], "rotation": 270, "texture": "#0"}
			}
		},
		{
			"name": "gardac",
			"from": [10.13738, -0.23988, 7.85],
			"to": [10.28738, -0.06488, 8.15],
			"rotation": {"angle": 22.5, "axis": "z", "origin": [10.23738, 0.44762, 8]},
			"faces": {
				"north": {"uv": [12, 8, 16, 12], "rotation": 90, "texture": "#0"},
				"east": {"uv": [12, 8, 16, 12], "rotation": 270, "texture": "#0"},
				"south": {"uv": [12, 8, 16, 12], "rotation": 270, "texture": "#0"},
				"west": {"uv": [12, 8, 16, 12], "rotation": 270, "texture": "#0"},
				"up": {"uv": [12, 8, 16, 12], "rotation": 270, "texture": "#0"},
				"down": {"uv": [12, 8, 16, 12], "rotation": 270, "texture": "#0"}
			}
		},
		{
			"name": "gardac",
			"from": [9.93738, -0.23988, 7.825],
			"to": [10.13738, -0.06488, 8.175],
			"rotation": {"angle": 22.5, "axis": "z", "origin": [10.23738, 0.44762, 8]},
			"faces": {
				"north": {"uv": [12, 8, 16, 12], "rotation": 90, "texture": "#0"},
				"east": {"uv": [12, 8, 16, 12], "rotation": 270, "texture": "#0"},
				"south": {"uv": [12, 8, 16, 12], "rotation": 270, "texture": "#0"},
				"west": {"uv": [12, 8, 16, 12], "rotation": 270, "texture": "#0"},
				"up": {"uv": [12, 8, 16, 12], "rotation": 270, "texture": "#0"},
				"down": {"uv": [12, 8, 16, 12], "rotation": 270, "texture": "#0"}
			}
		},
		{
			"name": "gardac",
			"from": [9.68738, -0.23988, 7.8],
			"to": [9.93738, -0.06488, 8.2],
			"rotation": {"angle": 22.5, "axis": "z", "origin": [10.23738, 0.44762, 8]},
			"faces": {
				"north": {"uv": [12, 8, 16, 12], "rotation": 90, "texture": "#0"},
				"east": {"uv": [12, 8, 16, 12], "rotation": 270, "texture": "#0"},
				"south": {"uv": [12, 8, 16, 12], "rotation": 270, "texture": "#0"},
				"west": {"uv": [12, 8, 16, 12], "rotation": 270, "texture": "#0"},
				"up": {"uv": [12, 8, 16, 12], "rotation": 270, "texture": "#0"},
				"down": {"uv": [12, 8, 16, 12], "rotation": 270, "texture": "#0"}
			}
		},
		{
			"name": "gardac",
			"from": [9.78738, 0.33512, 7.775],
			"to": [9.98738, 0.51012, 8.225],
			"rotation": {"angle": 22.5, "axis": "z", "origin": [10.23738, 0.44762, 8]},
			"faces": {
				"north": {"uv": [12, 8, 16, 12], "rotation": 90, "texture": "#0"},
				"east": {"uv": [12, 8, 16, 12], "rotation": 270, "texture": "#0"},
				"south": {"uv": [12, 8, 16, 12], "rotation": 270, "texture": "#0"},
				"west": {"uv": [12, 8, 16, 12], "rotation": 270, "texture": "#0"},
				"up": {"uv": [12, 8, 16, 12], "rotation": 270, "texture": "#0"},
				"down": {"uv": [12, 8, 16, 12], "rotation": 270, "texture": "#0"}
			}
		},
		{
			"name": "gardac",
			"from": [9.58738, 0.33512, 7.75],
			"to": [9.78738, 0.51012, 8.25],
			"rotation": {"angle": 22.5, "axis": "z", "origin": [10.23738, 0.44762, 8]},
			"faces": {
				"north": {"uv": [12, 8, 16, 12], "rotation": 90, "texture": "#0"},
				"east": {"uv": [12, 8, 16, 12], "rotation": 270, "texture": "#0"},
				"south": {"uv": [12, 8, 16, 12], "rotation": 270, "texture": "#0"},
				"west": {"uv": [12, 8, 16, 12], "rotation": 270, "texture": "#0"},
				"up": {"uv": [12, 8, 16, 12], "rotation": 270, "texture": "#0"},
				"down": {"uv": [12, 8, 16, 12], "rotation": 270, "texture": "#0"}
			}
		},
		{
			"name": "gardac",
			"from": [9.38738, 0.33512, 7.725],
			"to": [9.58738, 0.51012, 8.275],
			"rotation": {"angle": 22.5, "axis": "z", "origin": [10.23738, 0.44762, 8]},
			"faces": {
				"north": {"uv": [12, 8, 16, 12], "rotation": 90, "texture": "#0"},
				"east": {"uv": [12, 8, 16, 12], "rotation": 270, "texture": "#0"},
				"south": {"uv": [12, 8, 16, 12], "rotation": 270, "texture": "#0"},
				"west": {"uv": [12, 8, 16, 12], "rotation": 270, "texture": "#0"},
				"up": {"uv": [12, 8, 16, 12], "rotation": 270, "texture": "#0"},
				"down": {"uv": [12, 8, 16, 12], "rotation": 270, "texture": "#0"}
			}
		},
		{
			"name": "gardac",
			"from": [9.18738, 0.33512, 7.7],
			"to": [9.38738, 0.51012, 8.3],
			"rotation": {"angle": 22.5, "axis": "z", "origin": [10.23738, 0.44762, 8]},
			"faces": {
				"north": {"uv": [12, 8, 16, 12], "rotation": 90, "texture": "#0"},
				"east": {"uv": [12, 8, 16, 12], "rotation": 270, "texture": "#0"},
				"south": {"uv": [12, 8, 16, 12], "rotation": 270, "texture": "#0"},
				"west": {"uv": [12, 8, 16, 12], "rotation": 270, "texture": "#0"},
				"up": {"uv": [12, 8, 16, 12], "rotation": 270, "texture": "#0"},
				"down": {"uv": [12, 8, 16, 12], "rotation": 270, "texture": "#0"}
			}
		},
		{
			"name": "gardac",
			"from": [9.03738, 0.33512, 7.675],
			"to": [9.18738, 0.51012, 8.325],
			"rotation": {"angle": 22.5, "axis": "z", "origin": [10.23738, 0.44762, 8]},
			"faces": {
				"north": {"uv": [12, 8, 16, 12], "rotation": 90, "texture": "#0"},
				"east": {"uv": [12, 8, 16, 12], "rotation": 270, "texture": "#0"},
				"south": {"uv": [12, 8, 16, 12], "rotation": 270, "texture": "#0"},
				"west": {"uv": [12, 8, 16, 12], "rotation": 270, "texture": "#0"},
				"up": {"uv": [12, 8, 16, 12], "rotation": 270, "texture": "#0"},
				"down": {"uv": [12, 8, 16, 12], "rotation": 270, "texture": "#0"}
			}
		},
		{
			"name": "gardac",
			"from": [9.68435, 0.48312, 7.825],
			"to": [9.98435, 0.65812, 8.175],
			"rotation": {"angle": 45, "axis": "z", "origin": [10.18435, 0.99562, 8]},
			"faces": {
				"north": {"uv": [12, 8, 16, 12], "rotation": 90, "texture": "#0"},
				"east": {"uv": [12, 8, 16, 12], "rotation": 270, "texture": "#0"},
				"south": {"uv": [12, 8, 16, 12], "rotation": 270, "texture": "#0"},
				"west": {"uv": [12, 8, 16, 12], "rotation": 270, "texture": "#0"},
				"up": {"uv": [12, 8, 16, 12], "rotation": 270, "texture": "#0"},
				"down": {"uv": [12, 8, 16, 12], "rotation": 270, "texture": "#0"}
			}
		},
		{
			"name": "gardac",
			"from": [9.68435, 0.48312, 7.825],
			"to": [9.98435, 0.65812, 8.175],
			"rotation": {"angle": 45, "axis": "z", "origin": [10.18435, 0.99562, 8]},
			"faces": {
				"north": {"uv": [12, 8, 16, 12], "rotation": 90, "texture": "#0"},
				"east": {"uv": [12, 8, 16, 12], "rotation": 270, "texture": "#0"},
				"south": {"uv": [12, 8, 16, 12], "rotation": 270, "texture": "#0"},
				"west": {"uv": [12, 8, 16, 12], "rotation": 270, "texture": "#0"},
				"up": {"uv": [12, 8, 16, 12], "rotation": 270, "texture": "#0"},
				"down": {"uv": [12, 8, 16, 12], "rotation": 270, "texture": "#0"}
			}
		},
		{
			"name": "gardac",
			"from": [7.09648, -2.85578, 7.825],
			"to": [7.39648, -2.68078, 8.175],
			"rotation": {"angle": -45, "axis": "z", "origin": [10.39648, 0.60672, 8]},
			"faces": {
				"north": {"uv": [12, 8, 16, 12], "rotation": 270, "texture": "#0"},
				"east": {"uv": [12, 8, 16, 12], "rotation": 90, "texture": "#0"},
				"south": {"uv": [12, 8, 16, 12], "rotation": 90, "texture": "#0"},
				"west": {"uv": [12, 8, 16, 12], "rotation": 90, "texture": "#0"},
				"up": {"uv": [12, 8, 16, 12], "rotation": 90, "texture": "#0"},
				"down": {"uv": [12, 8, 16, 12], "rotation": 90, "texture": "#0"}
			}
		},
		{
			"name": "gardac",
			"from": [6.6185, -3.645, 7.9],
			"to": [7.2685, -3.12, 8.1],
			"rotation": {"angle": -45, "axis": "z", "origin": [10.58483, 0.25873, 8]},
			"faces": {
				"north": {"uv": [12, 8, 16, 12], "rotation": 180, "texture": "#0"},
				"east": {"uv": [12, 8, 16, 12], "rotation": 180, "texture": "#0"},
				"south": {"uv": [12, 8, 16, 12], "rotation": 180, "texture": "#0"},
				"west": {"uv": [12, 8, 16, 12], "rotation": 180, "texture": "#0"},
				"up": {"uv": [12, 8, 16, 12], "rotation": 180, "texture": "#0"},
				"down": {"uv": [12, 8, 16, 12], "rotation": 180, "texture": "#0"}
			}
		},
		{
			"name": "gardac",
			"from": [5.57101, -1.88063, 7.9],
			"to": [5.72101, -1.15563, 8.1],
			"rotation": {"angle": -22.5, "axis": "z", "origin": [10.78351, 0.59437, 8]},
			"faces": {
				"north": {"uv": [12, 8, 16, 12], "rotation": 180, "texture": "#0"},
				"east": {"uv": [12, 8, 16, 12], "rotation": 180, "texture": "#0"},
				"south": {"uv": [12, 8, 16, 12], "rotation": 180, "texture": "#0"},
				"west": {"uv": [12, 8, 16, 12], "rotation": 180, "texture": "#0"},
				"up": {"uv": [12, 8, 16, 12], "rotation": 180, "texture": "#0"},
				"down": {"uv": [12, 8, 16, 12], "rotation": 180, "texture": "#0"}
			}
		},
		{
			"name": "gardac",
			"from": [6.67148, -2.85578, 7.875],
			"to": [6.89648, -2.68078, 8.125],
			"rotation": {"angle": -45, "axis": "z", "origin": [10.39648, 0.60672, 8]},
			"faces": {
				"north": {"uv": [12, 8, 16, 12], "rotation": 270, "texture": "#0"},
				"east": {"uv": [12, 8, 16, 12], "rotation": 90, "texture": "#0"},
				"south": {"uv": [12, 8, 16, 12], "rotation": 90, "texture": "#0"},
				"west": {"uv": [12, 8, 16, 12], "rotation": 90, "texture": "#0"},
				"up": {"uv": [12, 8, 16, 12], "rotation": 90, "texture": "#0"},
				"down": {"uv": [12, 8, 16, 12], "rotation": 90, "texture": "#0"}
			}
		},
		{
			"name": "gardac",
			"from": [6.89648, -2.85578, 7.85],
			"to": [7.09648, -2.68078, 8.15],
			"rotation": {"angle": -45, "axis": "z", "origin": [10.39648, 0.60672, 8]},
			"faces": {
				"north": {"uv": [12, 8, 16, 12], "rotation": 270, "texture": "#0"},
				"east": {"uv": [12, 8, 16, 12], "rotation": 90, "texture": "#0"},
				"south": {"uv": [12, 8, 16, 12], "rotation": 90, "texture": "#0"},
				"west": {"uv": [12, 8, 16, 12], "rotation": 90, "texture": "#0"},
				"up": {"uv": [12, 8, 16, 12], "rotation": 90, "texture": "#0"},
				"down": {"uv": [12, 8, 16, 12], "rotation": 90, "texture": "#0"}
			}
		},
		{
			"name": "gardac",
			"from": [5.80912, -2.00532, 7.85],
			"to": [5.95912, -1.83032, 8.15],
			"rotation": {"angle": -22.5, "axis": "z", "origin": [10.25912, -0.19282, 8]},
			"faces": {
				"north": {"uv": [12, 8, 16, 12], "rotation": 270, "texture": "#0"},
				"east": {"uv": [12, 8, 16, 12], "rotation": 90, "texture": "#0"},
				"south": {"uv": [12, 8, 16, 12], "rotation": 90, "texture": "#0"},
				"west": {"uv": [12, 8, 16, 12], "rotation": 90, "texture": "#0"},
				"up": {"uv": [12, 8, 16, 12], "rotation": 90, "texture": "#0"},
				"down": {"uv": [12, 8, 16, 12], "rotation": 90, "texture": "#0"}
			}
		},
		{
			"name": "gardac",
			"from": [5.95912, -2.00532, 7.825],
			"to": [6.15912, -1.83032, 8.175],
			"rotation": {"angle": -22.5, "axis": "z", "origin": [10.25912, -0.19282, 8]},
			"faces": {
				"north": {"uv": [12, 8, 16, 12], "rotation": 270, "texture": "#0"},
				"east": {"uv": [12, 8, 16, 12], "rotation": 90, "texture": "#0"},
				"south": {"uv": [12, 8, 16, 12], "rotation": 90, "texture": "#0"},
				"west": {"uv": [12, 8, 16, 12], "rotation": 90, "texture": "#0"},
				"up": {"uv": [12, 8, 16, 12], "rotation": 90, "texture": "#0"},
				"down": {"uv": [12, 8, 16, 12], "rotation": 90, "texture": "#0"}
			}
		},
		{
			"name": "gardac",
			"from": [6.15912, -2.00532, 7.8],
			"to": [6.40912, -1.83032, 8.2],
			"rotation": {"angle": -22.5, "axis": "z", "origin": [10.25912, -0.19282, 8]},
			"faces": {
				"north": {"uv": [12, 8, 16, 12], "rotation": 270, "texture": "#0"},
				"east": {"uv": [12, 8, 16, 12], "rotation": 90, "texture": "#0"},
				"south": {"uv": [12, 8, 16, 12], "rotation": 90, "texture": "#0"},
				"west": {"uv": [12, 8, 16, 12], "rotation": 90, "texture": "#0"},
				"up": {"uv": [12, 8, 16, 12], "rotation": 90, "texture": "#0"},
				"down": {"uv": [12, 8, 16, 12], "rotation": 90, "texture": "#0"}
			}
		},
		{
			"name": "gardac",
			"from": [6.19548, -1.18194, 7.775],
			"to": [6.39548, -1.00694, 8.225],
			"rotation": {"angle": -22.5, "axis": "z", "origin": [9.65798, 0.18056, 8]},
			"faces": {
				"north": {"uv": [12, 8, 16, 12], "rotation": 270, "texture": "#0"},
				"east": {"uv": [12, 8, 16, 12], "rotation": 90, "texture": "#0"},
				"south": {"uv": [12, 8, 16, 12], "rotation": 90, "texture": "#0"},
				"west": {"uv": [12, 8, 16, 12], "rotation": 90, "texture": "#0"},
				"up": {"uv": [12, 8, 16, 12], "rotation": 90, "texture": "#0"},
				"down": {"uv": [12, 8, 16, 12], "rotation": 90, "texture": "#0"}
			}
		},
		{
			"name": "gardac",
			"from": [5.99548, -1.18194, 7.8],
			"to": [6.19548, -1.00694, 8.2],
			"rotation": {"angle": -22.5, "axis": "z", "origin": [9.65798, 0.18056, 8]},
			"faces": {
				"north": {"uv": [12, 8, 16, 12], "rotation": 270, "texture": "#0"},
				"east": {"uv": [12, 8, 16, 12], "rotation": 90, "texture": "#0"},
				"south": {"uv": [12, 8, 16, 12], "rotation": 90, "texture": "#0"},
				"west": {"uv": [12, 8, 16, 12], "rotation": 90, "texture": "#0"},
				"up": {"uv": [12, 8, 16, 12], "rotation": 90, "texture": "#0"},
				"down": {"uv": [12, 8, 16, 12], "rotation": 90, "texture": "#0"}
			}
		},
		{
			"name": "gardac",
			"from": [6.39548, -1.18194, 7.75],
			"to": [6.59548, -1.00694, 8.25],
			"rotation": {"angle": -22.5, "axis": "z", "origin": [9.65798, 0.18056, 8]},
			"faces": {
				"north": {"uv": [12, 8, 16, 12], "rotation": 270, "texture": "#0"},
				"east": {"uv": [12, 8, 16, 12], "rotation": 90, "texture": "#0"},
				"south": {"uv": [12, 8, 16, 12], "rotation": 90, "texture": "#0"},
				"west": {"uv": [12, 8, 16, 12], "rotation": 90, "texture": "#0"},
				"up": {"uv": [12, 8, 16, 12], "rotation": 90, "texture": "#0"},
				"down": {"uv": [12, 8, 16, 12], "rotation": 90, "texture": "#0"}
			}
		},
		{
			"name": "gardac",
			"from": [6.59548, -1.18194, 7.725],
			"to": [6.79548, -1.00694, 8.275],
			"rotation": {"angle": -22.5, "axis": "z", "origin": [9.65798, 0.18056, 8]},
			"faces": {
				"north": {"uv": [12, 8, 16, 12], "rotation": 270, "texture": "#0"},
				"east": {"uv": [12, 8, 16, 12], "rotation": 90, "texture": "#0"},
				"south": {"uv": [12, 8, 16, 12], "rotation": 90, "texture": "#0"},
				"west": {"uv": [12, 8, 16, 12], "rotation": 90, "texture": "#0"},
				"up": {"uv": [12, 8, 16, 12], "rotation": 90, "texture": "#0"},
				"down": {"uv": [12, 8, 16, 12], "rotation": 90, "texture": "#0"}
			}
		},
		{
			"name": "gardac",
			"from": [6.79548, -1.18194, 7.7],
			"to": [6.99548, -1.00694, 8.3],
			"rotation": {"angle": -22.5, "axis": "z", "origin": [9.65798, 0.18056, 8]},
			"faces": {
				"north": {"uv": [12, 8, 16, 12], "rotation": 270, "texture": "#0"},
				"east": {"uv": [12, 8, 16, 12], "rotation": 90, "texture": "#0"},
				"south": {"uv": [12, 8, 16, 12], "rotation": 90, "texture": "#0"},
				"west": {"uv": [12, 8, 16, 12], "rotation": 90, "texture": "#0"},
				"up": {"uv": [12, 8, 16, 12], "rotation": 90, "texture": "#0"},
				"down": {"uv": [12, 8, 16, 12], "rotation": 90, "texture": "#0"}
			}
		},
		{
			"name": "gardac",
			"from": [6.99548, -1.18194, 7.675],
			"to": [7.14548, -1.00694, 8.325],
			"rotation": {"angle": -22.5, "axis": "z", "origin": [9.65798, 0.18056, 8]},
			"faces": {
				"north": {"uv": [12, 8, 16, 12], "rotation": 270, "texture": "#0"},
				"east": {"uv": [12, 8, 16, 12], "rotation": 90, "texture": "#0"},
				"south": {"uv": [12, 8, 16, 12], "rotation": 90, "texture": "#0"},
				"west": {"uv": [12, 8, 16, 12], "rotation": 90, "texture": "#0"},
				"up": {"uv": [12, 8, 16, 12], "rotation": 90, "texture": "#0"},
				"down": {"uv": [12, 8, 16, 12], "rotation": 90, "texture": "#0"}
			}
		},
		{
			"name": "gardac",
			"from": [7.2, -0.575, 7.625],
			"to": [7.4, 0, 8.375],
			"rotation": {"angle": 0, "axis": "y", "origin": [9.74176, 0.23916, 8]},
			"faces": {
				"north": {"uv": [12, 8, 16, 12], "texture": "#0"},
				"east": {"uv": [12, 8, 16, 12], "texture": "#0"},
				"south": {"uv": [12, 8, 16, 12], "texture": "#0"},
				"west": {"uv": [12, 8, 16, 12], "texture": "#0"},
				"up": {"uv": [12, 8, 16, 12], "rotation": 180, "texture": "#0"},
				"down": {"uv": [12, 8, 16, 12], "rotation": 180, "texture": "#0"}
			}
		},
		{
			"name": "gardac",
			"from": [7, -0.55, 7.65],
			"to": [7.2, 0.025, 8.35],
			"rotation": {"angle": 0, "axis": "y", "origin": [9.74176, 0.23916, 8]},
			"faces": {
				"north": {"uv": [12, 8, 16, 12], "texture": "#0"},
				"east": {"uv": [12, 8, 16, 12], "texture": "#0"},
				"south": {"uv": [12, 8, 16, 12], "texture": "#0"},
				"west": {"uv": [12, 8, 16, 12], "texture": "#0"},
				"up": {"uv": [12, 8, 16, 12], "rotation": 180, "texture": "#0"},
				"down": {"uv": [12, 8, 16, 12], "rotation": 180, "texture": "#0"}
			}
		},
		{
			"name": "gardac",
			"from": [6.8, -0.525, 7.675],
			"to": [7, 0.05, 8.325],
			"rotation": {"angle": 0, "axis": "y", "origin": [9.74176, 0.23916, 8]},
			"faces": {
				"north": {"uv": [12, 8, 16, 12], "texture": "#0"},
				"east": {"uv": [12, 8, 16, 12], "texture": "#0"},
				"south": {"uv": [12, 8, 16, 12], "texture": "#0"},
				"west": {"uv": [12, 8, 16, 12], "texture": "#0"},
				"up": {"uv": [12, 8, 16, 12], "rotation": 180, "texture": "#0"},
				"down": {"uv": [12, 8, 16, 12], "rotation": 180, "texture": "#0"}
			}
		},
		{
			"name": "gardac",
			"from": [6.6, -0.5, 7.7],
			"to": [6.8, 0, 8.3],
			"rotation": {"angle": 0, "axis": "y", "origin": [9.74176, 0.23916, 8]},
			"faces": {
				"north": {"uv": [12, 8, 16, 12], "texture": "#0"},
				"east": {"uv": [12, 8, 16, 12], "texture": "#0"},
				"south": {"uv": [12, 8, 16, 12], "texture": "#0"},
				"west": {"uv": [12, 8, 16, 12], "texture": "#0"},
				"up": {"uv": [12, 8, 16, 12], "rotation": 180, "texture": "#0"},
				"down": {"uv": [12, 8, 16, 12], "rotation": 180, "texture": "#0"}
			}
		},
		{
			"name": "gardac",
			"from": [6.4, -0.475, 7.725],
			"to": [6.6, 0.15, 8.275],
			"rotation": {"angle": 0, "axis": "y", "origin": [9.74176, 0.23916, 8]},
			"faces": {
				"north": {"uv": [12, 8, 16, 12], "texture": "#0"},
				"east": {"uv": [12, 8, 16, 12], "texture": "#0"},
				"south": {"uv": [12, 8, 16, 12], "texture": "#0"},
				"west": {"uv": [12, 8, 16, 12], "texture": "#0"},
				"up": {"uv": [12, 8, 16, 12], "rotation": 180, "texture": "#0"},
				"down": {"uv": [12, 8, 16, 12], "rotation": 180, "texture": "#0"}
			}
		},
		{
			"name": "gardac",
			"from": [6.2, -0.45, 7.75],
			"to": [6.4, 0.225, 8.25],
			"rotation": {"angle": 0, "axis": "y", "origin": [9.74176, 0.23916, 8]},
			"faces": {
				"north": {"uv": [12, 8, 16, 12], "texture": "#0"},
				"east": {"uv": [12, 8, 16, 12], "texture": "#0"},
				"south": {"uv": [12, 8, 16, 12], "texture": "#0"},
				"west": {"uv": [12, 8, 16, 12], "texture": "#0"},
				"up": {"uv": [12, 8, 16, 12], "rotation": 180, "texture": "#0"},
				"down": {"uv": [12, 8, 16, 12], "rotation": 180, "texture": "#0"}
			}
		},
		{
			"name": "gardac",
			"from": [6, -0.425, 7.775],
			"to": [6.2, 0.25, 8.225],
			"rotation": {"angle": 0, "axis": "y", "origin": [9.74176, 0.23916, 8]},
			"faces": {
				"north": {"uv": [12, 8, 16, 12], "texture": "#0"},
				"east": {"uv": [12, 8, 16, 12], "texture": "#0"},
				"south": {"uv": [12, 8, 16, 12], "texture": "#0"},
				"west": {"uv": [12, 8, 16, 12], "texture": "#0"},
				"up": {"uv": [12, 8, 16, 12], "rotation": 180, "texture": "#0"},
				"down": {"uv": [12, 8, 16, 12], "rotation": 180, "texture": "#0"}
			}
		},
		{
			"name": "gardac",
			"from": [5.8, -0.275, 7.8],
			"to": [6, 0.35, 8.2],
			"rotation": {"angle": 0, "axis": "y", "origin": [9.74176, 0.23916, 8]},
			"faces": {
				"north": {"uv": [12, 8, 16, 12], "texture": "#0"},
				"east": {"uv": [12, 8, 16, 12], "texture": "#0"},
				"south": {"uv": [12, 8, 16, 12], "texture": "#0"},
				"west": {"uv": [12, 8, 16, 12], "texture": "#0"},
				"up": {"uv": [12, 8, 16, 12], "rotation": 180, "texture": "#0"},
				"down": {"uv": [12, 8, 16, 12], "rotation": 180, "texture": "#0"}
			}
		},
		{
			"name": "gardac",
			"from": [5.6, -0.2, 7.825],
			"to": [5.8, 0.5, 8.175],
			"rotation": {"angle": 0, "axis": "y", "origin": [9.74176, 0.23916, 8]},
			"faces": {
				"north": {"uv": [12, 8, 16, 12], "texture": "#0"},
				"east": {"uv": [12, 8, 16, 12], "texture": "#0"},
				"south": {"uv": [12, 8, 16, 12], "texture": "#0"},
				"west": {"uv": [12, 8, 16, 12], "texture": "#0"},
				"up": {"uv": [12, 8, 16, 12], "rotation": 180, "texture": "#0"},
				"down": {"uv": [12, 8, 16, 12], "rotation": 180, "texture": "#0"}
			}
		},
		{
			"name": "gardac",
			"from": [5.3, 0.15, 7.875],
			"to": [5.45, 0.8, 8.125],
			"rotation": {"angle": 0, "axis": "y", "origin": [9.74176, 0.23916, 8]},
			"faces": {
				"north": {"uv": [12, 8, 16, 12], "texture": "#0"},
				"east": {"uv": [12, 8, 16, 12], "texture": "#0"},
				"south": {"uv": [12, 8, 16, 12], "texture": "#0"},
				"west": {"uv": [12, 8, 16, 12], "texture": "#0"},
				"up": {"uv": [12, 8, 16, 12], "rotation": 180, "texture": "#0"},
				"down": {"uv": [12, 8, 16, 12], "rotation": 180, "texture": "#0"}
			}
		},
		{
			"name": "gardac",
			"from": [5.45, 0.025, 7.875],
			"to": [5.5, 0.65, 8.125],
			"rotation": {"angle": 0, "axis": "y", "origin": [9.74176, 0.23916, 8]},
			"faces": {
				"north": {"uv": [12, 8, 16, 12], "texture": "#0"},
				"east": {"uv": [12, 8, 16, 12], "texture": "#0"},
				"south": {"uv": [12, 8, 16, 12], "texture": "#0"},
				"west": {"uv": [12, 8, 16, 12], "texture": "#0"},
				"up": {"uv": [12, 8, 16, 12], "rotation": 180, "texture": "#0"},
				"down": {"uv": [12, 8, 16, 12], "rotation": 180, "texture": "#0"}
			}
		},
		{
			"name": "gardac",
			"from": [5.175, 0.275, 7.875],
			"to": [5.3, 0.575, 8.125],
			"rotation": {"angle": 0, "axis": "y", "origin": [9.74176, 0.23916, 8]},
			"faces": {
				"north": {"uv": [12, 8, 16, 12], "texture": "#0"},
				"east": {"uv": [12, 8, 16, 12], "texture": "#0"},
				"south": {"uv": [12, 8, 16, 12], "texture": "#0"},
				"west": {"uv": [12, 8, 16, 12], "texture": "#0"},
				"up": {"uv": [12, 8, 16, 12], "rotation": 180, "texture": "#0"},
				"down": {"uv": [12, 8, 16, 12], "rotation": 180, "texture": "#0"}
			}
		},
		{
			"name": "gardac",
			"from": [5.5, -0.1, 7.85],
			"to": [5.6, 0.625, 8.15],
			"rotation": {"angle": 0, "axis": "y", "origin": [9.74176, 0.23916, 8]},
			"faces": {
				"north": {"uv": [12, 8, 16, 12], "texture": "#0"},
				"east": {"uv": [12, 8, 16, 12], "texture": "#0"},
				"south": {"uv": [12, 8, 16, 12], "texture": "#0"},
				"west": {"uv": [12, 8, 16, 12], "texture": "#0"},
				"up": {"uv": [12, 8, 16, 12], "rotation": 180, "texture": "#0"},
				"down": {"uv": [12, 8, 16, 12], "rotation": 180, "texture": "#0"}
			}
		},
		{
			"name": "gardac",
			"from": [5.61889, -0.0514, 7.825],
			"to": [5.91889, 0.1236, 8.175],
			"rotation": {"angle": 0, "axis": "y", "origin": [9.74176, 0.23916, 8]},
			"faces": {
				"north": {"uv": [12, 8, 16, 12], "rotation": 270, "texture": "#0"},
				"east": {"uv": [12, 8, 16, 12], "rotation": 270, "texture": "#0"},
				"south": {"uv": [12, 8, 16, 12], "rotation": 90, "texture": "#0"},
				"west": {"uv": [12, 8, 16, 12], "rotation": 270, "texture": "#0"},
				"up": {"uv": [12, 8, 16, 12], "rotation": 90, "texture": "#0"},
				"down": {"uv": [12, 8, 16, 12], "rotation": 90, "texture": "#0"}
			}
		},
		{
			"name": "gripd",
			"from": [7.45, -4.4, 7.55],
			"to": [8.55, -4, 8.45],
			"faces": {
				"north": {"uv": [0, 4, 4, 8], "texture": "#0"},
				"east": {"uv": [0, 4, 4, 8], "texture": "#0"},
				"south": {"uv": [0, 4, 4, 8], "texture": "#0"},
				"west": {"uv": [0, 4, 4, 8], "texture": "#0"},
				"up": {"uv": [0, 4, 4, 8], "texture": "#0"},
				"down": {"uv": [0, 4, 4, 8], "texture": "#0"}
			}
		},
		{
			"name": "gripd",
			"from": [7.6, -6.9, 7.6],
			"to": [8.4, -5.9, 8.4],
			"faces": {
				"north": {"uv": [0, 4, 4, 8], "texture": "#0"},
				"east": {"uv": [0, 4, 4, 8], "texture": "#0"},
				"south": {"uv": [0, 4, 4, 8], "texture": "#0"},
				"west": {"uv": [0, 4, 4, 8], "texture": "#0"},
				"up": {"uv": [0, 4, 4, 8], "texture": "#0"},
				"down": {"uv": [0, 4, 4, 8], "texture": "#0"}
			}
		},
		{
			"name": "gripd",
			"from": [7.525, -5.9, 7.575],
			"to": [8.475, -5, 8.425],
			"faces": {
				"north": {"uv": [0, 4, 4, 8], "texture": "#0"},
				"east": {"uv": [0, 4, 4, 8], "texture": "#0"},
				"south": {"uv": [0, 4, 4, 8], "texture": "#0"},
				"west": {"uv": [0, 4, 4, 8], "texture": "#0"},
				"up": {"uv": [0, 4, 4, 8], "texture": "#0"},
				"down": {"uv": [0, 4, 4, 8], "texture": "#0"}
			}
		},
		{
			"name": "griph",
			"from": [7.45, -3.5, 7.55],
			"to": [8.55, -3.3, 8.45],
			"faces": {
				"north": {"uv": [0, 4, 4, 8], "texture": "#0"},
				"east": {"uv": [0, 4, 4, 8], "texture": "#0"},
				"south": {"uv": [0, 4, 4, 8], "texture": "#0"},
				"west": {"uv": [0, 4, 4, 8], "texture": "#0"},
				"up": {"uv": [0, 4, 4, 8], "texture": "#0"},
				"down": {"uv": [0, 4, 4, 8], "texture": "#0"}
			}
		},
		{
			"name": "griph",
			"from": [7.55, -1.6, 7.65],
			"to": [8.45, -0.7, 8.35],
			"faces": {
				"north": {"uv": [0, 4, 4, 8], "texture": "#0"},
				"east": {"uv": [0, 4, 4, 8], "texture": "#0"},
				"south": {"uv": [0, 4, 4, 8], "texture": "#0"},
				"west": {"uv": [0, 4, 4, 8], "texture": "#0"},
				"up": {"uv": [0, 4, 4, 8], "texture": "#0"},
				"down": {"uv": [0, 4, 4, 8], "texture": "#0"}
			}
		},
		{
			"name": "griph",
			"from": [7.525, -2.6, 7.625],
			"to": [8.475, -1.6, 8.375],
			"faces": {
				"north": {"uv": [0, 4, 4, 8], "texture": "#0"},
				"east": {"uv": [0, 4, 4, 8], "texture": "#0"},
				"south": {"uv": [0, 4, 4, 8], "texture": "#0"},
				"west": {"uv": [0, 4, 4, 8], "texture": "#0"},
				"up": {"uv": [0, 4, 4, 8], "texture": "#0"},
				"down": {"uv": [0, 4, 4, 8], "texture": "#0"}
			}
		},
		{
			"name": "griph",
			"from": [7.45, -3.1, 7.55],
			"to": [8.55, -2.9, 8.45],
			"faces": {
				"north": {"uv": [0, 4, 4, 8], "texture": "#0"},
				"east": {"uv": [0, 4, 4, 8], "texture": "#0"},
				"south": {"uv": [0, 4, 4, 8], "texture": "#0"},
				"west": {"uv": [0, 4, 4, 8], "texture": "#0"},
				"up": {"uv": [0, 4, 4, 8], "texture": "#0"},
				"down": {"uv": [0, 4, 4, 8], "texture": "#0"}
			}
		},
		{
			"name": "griph",
			"from": [7.475, -5, 7.575],
			"to": [8.525, -2.6, 8.425],
			"faces": {
				"north": {"uv": [0, 4, 4, 8], "texture": "#0"},
				"east": {"uv": [0, 4, 4, 8], "texture": "#0"},
				"south": {"uv": [0, 4, 4, 8], "texture": "#0"},
				"west": {"uv": [0, 4, 4, 8], "texture": "#0"},
				"up": {"uv": [0, 4, 4, 8], "texture": "#0"},
				"down": {"uv": [0, 4, 4, 8], "texture": "#0"}
			}
		},
		{
			"name": "griph",
			"from": [7.425, -3.3, 7.525],
			"to": [8.575, -3.1, 8.475],
			"faces": {
				"north": {"uv": [0, 4, 4, 8], "texture": "#0"},
				"east": {"uv": [0, 4, 4, 8], "texture": "#0"},
				"south": {"uv": [0, 4, 4, 8], "texture": "#0"},
				"west": {"uv": [0, 4, 4, 8], "texture": "#0"},
				"up": {"uv": [0, 4, 4, 8], "texture": "#0"},
				"down": {"uv": [0, 4, 4, 8], "texture": "#0"}
			}
		},
		{
			"name": "griph",
			"from": [7.5, -0.65, 7.6],
			"to": [8.5, -0.6, 8.4],
			"faces": {
				"north": {"uv": [0, 4, 4, 8], "texture": "#0"},
				"east": {"uv": [0, 4, 4, 8], "texture": "#0"},
				"south": {"uv": [0, 4, 4, 8], "texture": "#0"},
				"west": {"uv": [0, 4, 4, 8], "texture": "#0"},
				"up": {"uv": [0, 4, 4, 8], "texture": "#0"},
				"down": {"uv": [0, 4, 4, 8], "texture": "#0"}
			}
		},
		{
			"name": "griph",
			"from": [7.525, -0.7, 7.625],
			"to": [8.475, -0.65, 8.375],
			"faces": {
				"north": {"uv": [0, 4, 4, 8], "texture": "#0"},
				"east": {"uv": [0, 4, 4, 8], "texture": "#0"},
				"south": {"uv": [0, 4, 4, 8], "texture": "#0"},
				"west": {"uv": [0, 4, 4, 8], "texture": "#0"},
				"up": {"uv": [0, 4, 4, 8], "texture": "#0"},
				"down": {"uv": [0, 4, 4, 8], "texture": "#0"}
			}
		},
		{
			"name": "gripm",
			"from": [7.45, -3.9, 7.55],
			"to": [8.55, -3.6, 8.45],
			"faces": {
				"north": {"uv": [0, 4, 4, 8], "texture": "#0"},
				"east": {"uv": [0, 4, 4, 8], "texture": "#0"},
				"south": {"uv": [0, 4, 4, 8], "texture": "#0"},
				"west": {"uv": [0, 4, 4, 8], "texture": "#0"},
				"up": {"uv": [0, 4, 4, 8], "texture": "#0"},
				"down": {"uv": [0, 4, 4, 8], "texture": "#0"}
			}
		},
		{
			"name": "pommel",
			"from": [7.6, -7, 7.6],
			"to": [8.4, -6.9, 8.4],
			"faces": {
				"north": {"uv": [8, 8, 12, 12], "texture": "#0"},
				"east": {"uv": [8, 8, 12, 12], "texture": "#0"},
				"south": {"uv": [8, 8, 12, 12], "texture": "#0"},
				"west": {"uv": [8, 8, 12, 12], "texture": "#0"},
				"up": {"uv": [8, 8, 12, 12], "texture": "#0"},
				"down": {"uv": [8, 8, 12, 12], "texture": "#0"}
			}
		},
		{
			"name": "pommel",
			"from": [7.625, -7.3, 7.625],
			"to": [8.375, -7, 8.375],
			"faces": {
				"north": {"uv": [8, 8, 12, 12], "texture": "#0"},
				"east": {"uv": [8, 8, 12, 12], "texture": "#0"},
				"south": {"uv": [8, 8, 12, 12], "texture": "#0"},
				"west": {"uv": [8, 8, 12, 12], "texture": "#0"},
				"up": {"uv": [8, 8, 12, 12], "texture": "#0"},
				"down": {"uv": [8, 8, 12, 12], "texture": "#0"}
			}
		},
		{
			"name": "pommel",
			"from": [7.6, -7.6, 7.6],
			"to": [8.4, -7.3, 8.4],
			"faces": {
				"north": {"uv": [8, 8, 12, 12], "texture": "#0"},
				"east": {"uv": [8, 8, 12, 12], "texture": "#0"},
				"south": {"uv": [8, 8, 12, 12], "texture": "#0"},
				"west": {"uv": [8, 8, 12, 12], "texture": "#0"},
				"up": {"uv": [8, 8, 12, 12], "texture": "#0"},
				"down": {"uv": [8, 8, 12, 12], "texture": "#0"}
			}
		},
		{
			"name": "pommel",
			"from": [7.575, -7.85, 7.575],
			"to": [8.425, -7.6, 8.425],
			"faces": {
				"north": {"uv": [8, 8, 12, 12], "texture": "#0"},
				"east": {"uv": [8, 8, 12, 12], "texture": "#0"},
				"south": {"uv": [8, 8, 12, 12], "texture": "#0"},
				"west": {"uv": [8, 8, 12, 12], "texture": "#0"},
				"up": {"uv": [8, 8, 12, 12], "texture": "#0"},
				"down": {"uv": [8, 8, 12, 12], "texture": "#0"}
			}
		},
		{
			"name": "pommel",
			"from": [7.55, -8.1, 7.55],
			"to": [8.45, -7.85, 8.45],
			"faces": {
				"north": {"uv": [8, 8, 12, 12], "texture": "#0"},
				"east": {"uv": [8, 8, 12, 12], "texture": "#0"},
				"south": {"uv": [8, 8, 12, 12], "texture": "#0"},
				"west": {"uv": [8, 8, 12, 12], "texture": "#0"},
				"up": {"uv": [8, 8, 12, 12], "texture": "#0"},
				"down": {"uv": [8, 8, 12, 12], "texture": "#0"}
			}
		},
		{
			"name": "pommel",
			"from": [7.525, -8.35, 7.525],
			"to": [8.475, -8.1, 8.475],
			"faces": {
				"north": {"uv": [8, 8, 12, 12], "texture": "#0"},
				"east": {"uv": [8, 8, 12, 12], "texture": "#0"},
				"south": {"uv": [8, 8, 12, 12], "texture": "#0"},
				"west": {"uv": [8, 8, 12, 12], "texture": "#0"},
				"up": {"uv": [8, 8, 12, 12], "texture": "#0"},
				"down": {"uv": [8, 8, 12, 12], "texture": "#0"}
			}
		},
		{
			"name": "pommel",
			"from": [7.5, -8.6, 7.5],
			"to": [8.5, -8.35, 8.5],
			"faces": {
				"north": {"uv": [8, 8, 12, 12], "texture": "#0"},
				"east": {"uv": [8, 8, 12, 12], "texture": "#0"},
				"south": {"uv": [8, 8, 12, 12], "texture": "#0"},
				"west": {"uv": [8, 8, 12, 12], "texture": "#0"},
				"up": {"uv": [8, 8, 12, 12], "texture": "#0"},
				"down": {"uv": [8, 8, 12, 12], "texture": "#0"}
			}
		},
		{
			"name": "pommel",
			"from": [7.475, -8.85, 7.475],
			"to": [8.525, -8.6, 8.525],
			"faces": {
				"north": {"uv": [8, 8, 12, 12], "texture": "#0"},
				"east": {"uv": [8, 8, 12, 12], "texture": "#0"},
				"south": {"uv": [8, 8, 12, 12], "texture": "#0"},
				"west": {"uv": [8, 8, 12, 12], "texture": "#0"},
				"up": {"uv": [8, 8, 12, 12], "texture": "#0"},
				"down": {"uv": [8, 8, 12, 12], "texture": "#0"}
			}
		},
		{
			"name": "pommel",
			"from": [7.45, -9.1, 7.45],
			"to": [8.55, -8.85, 8.55],
			"faces": {
				"north": {"uv": [8, 8, 12, 12], "texture": "#0"},
				"east": {"uv": [8, 8, 12, 12], "texture": "#0"},
				"south": {"uv": [8, 8, 12, 12], "texture": "#0"},
				"west": {"uv": [8, 8, 12, 12], "texture": "#0"},
				"up": {"uv": [8, 8, 12, 12], "texture": "#0"},
				"down": {"uv": [8, 8, 12, 12], "texture": "#0"}
			}
		},
		{
			"name": "pommel",
			"from": [7.425, -9.35, 7.425],
			"to": [8.575, -9.1, 8.575],
			"faces": {
				"north": {"uv": [8, 8, 12, 12], "texture": "#0"},
				"east": {"uv": [8, 8, 12, 12], "texture": "#0"},
				"south": {"uv": [8, 8, 12, 12], "texture": "#0"},
				"west": {"uv": [8, 8, 12, 12], "texture": "#0"},
				"up": {"uv": [8, 8, 12, 12], "texture": "#0"},
				"down": {"uv": [8, 8, 12, 12], "texture": "#0"}
			}
		},
		{
			"name": "pommel",
			"from": [7.4, -9.6, 7.4],
			"to": [8.6, -9.35, 8.6],
			"faces": {
				"north": {"uv": [8, 8, 12, 12], "texture": "#0"},
				"east": {"uv": [8, 8, 12, 12], "texture": "#0"},
				"south": {"uv": [8, 8, 12, 12], "texture": "#0"},
				"west": {"uv": [8, 8, 12, 12], "texture": "#0"},
				"up": {"uv": [8, 8, 12, 12], "texture": "#0"},
				"down": {"uv": [8, 8, 12, 12], "texture": "#0"}
			}
		},
		{
			"name": "pommel",
			"from": [7.425, -9.7, 7.425],
			"to": [8.575, -9.6, 8.575],
			"faces": {
				"north": {"uv": [8, 8, 12, 12], "texture": "#0"},
				"east": {"uv": [8, 8, 12, 12], "texture": "#0"},
				"south": {"uv": [8, 8, 12, 12], "texture": "#0"},
				"west": {"uv": [8, 8, 12, 12], "texture": "#0"},
				"up": {"uv": [8, 8, 12, 12], "texture": "#0"},
				"down": {"uv": [8, 8, 12, 12], "texture": "#0"}
			}
		},
		{
			"name": "pommel",
			"from": [7.45, -9.8, 7.45],
			"to": [8.55, -9.7, 8.55],
			"faces": {
				"north": {"uv": [8, 8, 12, 12], "texture": "#0"},
				"east": {"uv": [8, 8, 12, 12], "texture": "#0"},
				"south": {"uv": [8, 8, 12, 12], "texture": "#0"},
				"west": {"uv": [8, 8, 12, 12], "texture": "#0"},
				"up": {"uv": [8, 8, 12, 12], "texture": "#0"},
				"down": {"uv": [8, 8, 12, 12], "texture": "#0"}
			}
		},
		{
			"name": "pommel",
			"from": [7.475, -9.9, 7.475],
			"to": [8.525, -9.8, 8.525],
			"faces": {
				"north": {"uv": [8, 8, 12, 12], "texture": "#0"},
				"east": {"uv": [8, 8, 12, 12], "texture": "#0"},
				"south": {"uv": [8, 8, 12, 12], "texture": "#0"},
				"west": {"uv": [8, 8, 12, 12], "texture": "#0"},
				"up": {"uv": [8, 8, 12, 12], "texture": "#0"},
				"down": {"uv": [8, 8, 12, 12], "texture": "#0"}
			}
		},
		{
			"name": "pommel",
			"from": [7.5, -10, 7.5],
			"to": [8.5, -9.9, 8.5],
			"faces": {
				"north": {"uv": [8, 8, 12, 12], "texture": "#0"},
				"east": {"uv": [8, 8, 12, 12], "texture": "#0"},
				"south": {"uv": [8, 8, 12, 12], "texture": "#0"},
				"west": {"uv": [8, 8, 12, 12], "texture": "#0"},
				"up": {"uv": [8, 8, 12, 12], "texture": "#0"},
				"down": {"uv": [8, 8, 12, 12], "texture": "#0"}
			}
		}
	],
	"display": {
		"thirdperson_righthand": {
			"rotation": [0, 90, 0],
			"translation": [0, 7.25, 1.25],
			"scale": [0.8, 0.8, 0.8]
		},
		"thirdperson_lefthand": {
			"rotation": [0, -69, 180],
			"translation": [0, -11.75, 1],
			"scale": [0.9, 0.9, 0.9]
		},
		"firstperson_righthand": {
			"rotation": [0, 95, 0],
			"translation": [-2.75, 8, 4.25],
			"scale": [0.5, 0.5, 0.5]
		},
		"firstperson_lefthand": {
			"rotation": [0, 87, 134],
			"translation": [-2.5, -1.5, 9.75],
			"scale": [0.5, 0.5, 0.5]
		},
		"ground": {
			"rotation": [135, 135, 0],
			"translation": [0, 8.75, 0],
			"scale": [0.8, 0.8, 0.8]
		},
		"gui": {
			"rotation": [0, 0, -45],
			"translation": [-0.25, 0, 0],
			"scale": [1.1, 0.6, 0.6]
		},
		"head": {
			"rotation": [145, 106, 0],
			"translation": [0, 2.75, 0],
			"scale": [2, 2, 2]
		},
		"fixed": {
			"rotation": [0, 0, 45],
			"translation": [0.5, -0.75, 0],
			"scale": [1.05, 0.65, 0.65]
		}
	},
	"groups": [
		{
			"name": "bladed",
			"origin": [0, 0, 0],
			"color": 0,
			"children": [
				{
					"name": "bladed",
					"origin": [8, 5, 8],
					"color": 0,
					"children": [0, 1, 2, 3, 4, 5, 6, 7]
				},
				{
					"name": "bladed",
					"origin": [8, 5, 8],
					"color": 0,
					"children": [8, 9, 10, 11, 12, 13, 14, 15]
				},
				{
					"name": "bladed",
					"origin": [8, 5, 8],
					"color": 0,
					"children": [16, 17, 18, 19, 20, 21, 22, 23]
				},
				{
					"name": "bladed",
					"origin": [8, 5, 8],
					"color": 0,
					"children": [24, 25, 26, 27, 28, 29, 30, 31]
				},
				{
					"name": "bladed",
					"origin": [8, 5, 8],
					"color": 0,
					"children": [32, 33, 34, 35, 36, 37, 38]
				},
				{
					"name": "bladed",
					"origin": [8, 5, 8],
					"color": 0,
					"children": [39, 40, 41, 42, 43, 44, 45]
				},
				{
					"name": "bladed",
					"origin": [8, 5, 8],
					"color": 0,
					"children": [46, 47, 48, 49, 50, 51, 52]
				},
				{
					"name": "bladed",
					"origin": [8, 5, 8],
					"color": 0,
					"children": [53, 54, 55, 56, 57]
				},
				{
					"name": "bladed",
					"origin": [8, 5, 8],
					"color": 0,
					"children": [58, 59, 60, 61]
				},
				{
					"name": "bladed",
					"origin": [8, 5, 8],
					"color": 0,
					"children": [62, 63, 64, 65]
				},
				{
					"name": "bladed",
					"origin": [8, 5, 8],
					"color": 0,
					"children": [66, 67, 68, 69]
				}
			]
		},
		{
			"name": "garda",
			"origin": [5.7, -0.3, 8],
			"color": 0,
			"children": [
				{
					"name": "gardam",
					"origin": [0, 0, 0],
					"color": 0,
					"children": [70, 71, 72]
				},
				{
					"name": "inc1",
					"origin": [0, 0, 0],
					"color": 0,
					"children": [73, 74, 75, 76, 77, 78, 79, 80, 81]
				},
				{
					"name": "gardar",
					"origin": [10.23738, 0.44762, 8],
					"color": 0,
					"children": [82, 83, 84, 85, 86, 87, 88, 89, 90, 91, 92, 93, 94, 95, 96, 97, 98, 99, 100, 101, 102, 103, 104, 105, 106, 107, 108, 109]
				},
				{
					"name": "gardal",
					"origin": [9.74176, 0.23916, 8],
					"color": 0,
					"children": [110, 111, 112, 113, 114, 115, 116, 117, 118, 119, 120, 121, 122, 123, 124, 125, 126, 127, 128, 129, 130, 131, 132, 133, 134, 135, 136, 137]
				}
			]
		},
		{
			"name": "handle",
			"origin": [0, 0, 0],
			"color": 0,
			"children": [
				{
					"name": "gripd",
					"origin": [0, 0, 0],
					"color": 0,
					"children": [138, 139, 140]
				},
				{
					"name": "griph",
					"origin": [0, 0, 0],
					"color": 0,
					"children": [141, 142, 143, 144, 145, 146, 147, 148]
				},
				{
					"name": "gripm",
					"origin": [0, 0, 0],
					"color": 0,
					"children": [149]
				}
			]
		},
		{
			"name": "pommel",
			"origin": [0, 0, 0],
			"color": 0,
			"children": [150, 151, 152, 153, 154, 155, 156, 157, 158, 159, 160, 161, 162, 163, 164]
		}
	]
}