{
	"credit": "LongWayToHome (Karel)",
	"texture_size": [64, 64],
	"textures": {
		"0": "item/ironsword",
		"particle": "item/ironsword"
	},
	"elements": [
		{
			"from": [7.775, -1.625, 7.625],
			"to": [8.425, -0.975, 8.375],
			"rotation": {"angle": -45, "axis": "z", "origin": [8, -1.2, 8]},
			"faces": {
				"north": {"uv": [2, 7.5, 2.25, 7.75], "texture": "#0"},
				"east": {"uv": [7.5, 2, 7.75, 2.25], "texture": "#0"},
				"south": {"uv": [2.25, 7.5, 2.5, 7.75], "texture": "#0"},
				"west": {"uv": [7.5, 2.25, 7.75, 2.5], "texture": "#0"},
				"up": {"uv": [2.75, 7.75, 2.5, 7.5], "texture": "#0"},
				"down": {"uv": [7.75, 2.5, 7.5, 2.75], "texture": "#0"}
			}
		},
		{
			"from": [7.175, -1.75, 7.65],
			"to": [8.425, -1.05, 8.35],
			"rotation": {"angle": -45, "axis": "z", "origin": [8, -1.2, 8]},
			"faces": {
				"north": {"uv": [2.75, 7.5, 3, 7.75], "texture": "#0"},
				"east": {"uv": [7.5, 2.75, 7.75, 3], "texture": "#0"},
				"south": {"uv": [3, 7.5, 3.25, 7.75], "texture": "#0"},
				"west": {"uv": [7.5, 3.75, 7.75, 4], "texture": "#0"},
				"up": {"uv": [7.75, 4.25, 7.5, 4], "texture": "#0"},
				"down": {"uv": [7.75, 4.25, 7.5, 4.5], "texture": "#0"}
			}
		},
		{
			"from": [7.85, -1.625, 7.65],
			"to": [8.55, -0.375, 8.35],
			"rotation": {"angle": -45, "axis": "z", "origin": [8, -1.2, 8]},
			"faces": {
				"north": {"uv": [7.5, 4.5, 7.75, 4.75], "texture": "#0"},
				"east": {"uv": [7.5, 4.75, 7.75, 5], "texture": "#0"},
				"south": {"uv": [7.5, 5, 7.75, 5.25], "texture": "#0"},
				"west": {"uv": [7.5, 5.25, 7.75, 5.5], "texture": "#0"},
				"up": {"uv": [5.75, 7.75, 5.5, 7.5], "texture": "#0"},
				"down": {"uv": [7.75, 5.5, 7.5, 5.75], "texture": "#0"}
			}
		},
		{
			"from": [7.9, -1.9, 7.6375],
			"to": [8.1, -1.8, 8.3625],
			"faces": {
				"north": {"uv": [5.75, 7.5, 6, 7.75], "texture": "#0"},
				"east": {"uv": [7.5, 5.75, 7.75, 6], "texture": "#0"},
				"south": {"uv": [6, 7.5, 6.25, 7.75], "texture": "#0"},
				"west": {"uv": [7.5, 6, 7.75, 6.25], "texture": "#0"},
				"up": {"uv": [6.5, 7.75, 6.25, 7.5], "texture": "#0"},
				"down": {"uv": [7.75, 6.25, 7.5, 6.5], "texture": "#0"}
			}
		},
		{
			"from": [7.4, -0.4, 7.6],
			"to": [8.6, 0, 8.4],
			"faces": {
				"north": {"uv": [6.5, 7.5, 6.75, 7.75], "texture": "#0"},
				"east": {"uv": [7.5, 6.5, 7.75, 6.75], "texture": "#0"},
				"south": {"uv": [6.75, 7.5, 7, 7.75], "texture": "#0"},
				"west": {"uv": [7.5, 6.75, 7.75, 7], "texture": "#0"},
				"up": {"uv": [7.25, 7.75, 7, 7.5], "texture": "#0"},
				"down": {"uv": [7.75, 7, 7.5, 7.25], "texture": "#0"}
			}
		},
		{
			"from": [7.525, -0.275, 7.625],
			"to": [8.05, 0.2, 8.375],
			"rotation": {"angle": 45, "axis": "z", "origin": [8, -0.7, 8]},
			"faces": {
				"north": {"uv": [7.25, 7.5, 7.5, 7.75], "texture": "#0"},
				"east": {"uv": [7.5, 7.25, 7.75, 7.5], "texture": "#0"},
				"south": {"uv": [7.5, 7.5, 7.75, 7.75], "texture": "#0"},
				"west": {"uv": [0, 7.75, 0.25, 8], "texture": "#0"},
				"up": {"uv": [8, 0.25, 7.75, 0], "texture": "#0"},
				"down": {"uv": [0.5, 7.75, 0.25, 8], "texture": "#0"}
			}
		},
		{
			"from": [8.6, -1.175, 7.625],
			"to": [8.9, -0.625, 8.375],
			"rotation": {"angle": 45, "axis": "z", "origin": [8, -0.7, 8]},
			"faces": {
				"north": {"uv": [7.75, 0.25, 8, 0.5], "texture": "#0"},
				"east": {"uv": [0.5, 7.75, 0.75, 8], "texture": "#0"},
				"south": {"uv": [7.75, 0.5, 8, 0.75], "texture": "#0"},
				"west": {"uv": [0.75, 7.75, 1, 8], "texture": "#0"},
				"up": {"uv": [8, 1, 7.75, 0.75], "texture": "#0"},
				"down": {"uv": [1.25, 7.75, 1, 8], "texture": "#0"}
			}
		},
		{
			"from": [7, -1, 7.6],
			"to": [9, -0.4, 8.4],
			"faces": {
				"north": {"uv": [7, 3.75, 7.5, 4], "texture": "#0"},
				"east": {"uv": [7.75, 1, 8, 1.25], "texture": "#0"},
				"south": {"uv": [4, 7, 4.5, 7.25], "texture": "#0"},
				"west": {"uv": [1.25, 7.75, 1.5, 8], "texture": "#0"},
				"up": {"uv": [7.5, 4.25, 7, 4], "texture": "#0"},
				"down": {"uv": [7.5, 4.25, 7, 4.5], "texture": "#0"}
			}
		},
		{
			"from": [7.45, 0, 7.85],
			"to": [7.65, 6.7, 8.15],
			"rotation": {"angle": -45, "axis": "y", "origin": [7.8, 3.35, 8]},
			"faces": {
				"north": {"uv": [0.5, 1, 0.75, 2.75], "texture": "#0"},
				"east": {"uv": [0.75, 1, 1, 2.75], "texture": "#0"},
				"south": {"uv": [1, 1, 1.25, 2.75], "texture": "#0"},
				"west": {"uv": [1.25, 1, 1.5, 2.75], "texture": "#0"},
				"up": {"uv": [8, 1.5, 7.75, 1.25], "texture": "#0"},
				"down": {"uv": [1.75, 7.75, 1.5, 8], "texture": "#0"}
			}
		},
		{
			"from": [7.45, 0, 7.85],
			"to": [8.55, 6.7, 8.15],
			"faces": {
				"north": {"uv": [1.5, 0, 1.75, 1.75], "texture": "#0"},
				"east": {"uv": [1.75, 0, 2, 1.75], "texture": "#0"},
				"south": {"uv": [1.5, 1.75, 1.75, 3.5], "texture": "#0"},
				"west": {"uv": [1.75, 1.75, 2, 3.5], "texture": "#0"},
				"up": {"uv": [8, 1.75, 7.75, 1.5], "texture": "#0"},
				"down": {"uv": [2, 7.75, 1.75, 8], "texture": "#0"}
			}
		},
		{
			"from": [7.925, 0, 7.3625],
			"to": [8.225, 6.7, 7.5125],
			"rotation": {"angle": -45, "axis": "y", "origin": [7.8, 3.35, 8]},
			"faces": {
				"north": {"uv": [0, 2, 0.25, 3.75], "texture": "#0"},
				"east": {"uv": [2, 0, 2.25, 1.75], "texture": "#0"},
				"south": {"uv": [0.25, 2, 0.5, 3.75], "texture": "#0"},
				"west": {"uv": [2, 1.75, 2.25, 3.5], "texture": "#0"},
				"up": {"uv": [8, 2, 7.75, 1.75], "texture": "#0"},
				"down": {"uv": [2.25, 7.75, 2, 8], "texture": "#0"}
			}
		},
		{
			"from": [8.2875, 0, 7.575],
			"to": [8.4375, 6.7, 7.875],
			"rotation": {"angle": -45, "axis": "y", "origin": [7.8, 3.35, 8]},
			"faces": {
				"north": {"uv": [2.25, 0, 2.5, 1.75], "texture": "#0"},
				"east": {"uv": [2.25, 1.75, 2.5, 3.5], "texture": "#0"},
				"south": {"uv": [2.5, 0, 2.75, 1.75], "texture": "#0"},
				"west": {"uv": [2.5, 1.75, 2.75, 3.5], "texture": "#0"},
				"up": {"uv": [8, 2.25, 7.75, 2], "texture": "#0"},
				"down": {"uv": [2.5, 7.75, 2.25, 8], "texture": "#0"}
			}
		},
		{
			"from": [7.65, 0, 7.65],
			"to": [8.35, 6.7, 8.35],
			"faces": {
				"north": {"uv": [2.75, 0, 3, 1.75], "texture": "#0"},
				"east": {"uv": [0.5, 2.75, 0.75, 4.5], "texture": "#0"},
				"south": {"uv": [0.75, 2.75, 1, 4.5], "texture": "#0"},
				"west": {"uv": [1, 2.75, 1.25, 4.5], "texture": "#0"},
				"up": {"uv": [8, 2.5, 7.75, 2.25], "texture": "#0"},
				"down": {"uv": [2.75, 7.75, 2.5, 8], "texture": "#0"}
			}
		},
		{
			"from": [7.65, 0, 8.15],
			"to": [7.95, 6.7, 8.35],
			"rotation": {"angle": -45, "axis": "y", "origin": [7.8, 3.35, 8]},
			"faces": {
				"north": {"uv": [1.25, 2.75, 1.5, 4.5], "texture": "#0"},
				"east": {"uv": [2.75, 1.75, 3, 3.5], "texture": "#0"},
				"south": {"uv": [3, 0, 3.25, 1.75], "texture": "#0"},
				"west": {"uv": [3, 1.75, 3.25, 3.5], "texture": "#0"},
				"up": {"uv": [8, 2.75, 7.75, 2.5], "texture": "#0"},
				"down": {"uv": [3, 7.75, 2.75, 8], "texture": "#0"}
			}
		},
		{
			"from": [7.4, 7.6, 7.825],
			"to": [7.6, 11.4, 8.175],
			"faces": {
				"north": {"uv": [3.25, 0, 3.5, 1], "texture": "#0"},
				"east": {"uv": [3.25, 1, 3.5, 2], "texture": "#0"},
				"south": {"uv": [3.25, 2, 3.5, 3], "texture": "#0"},
				"west": {"uv": [3.25, 3, 3.5, 4], "texture": "#0"},
				"up": {"uv": [8, 3, 7.75, 2.75], "texture": "#0"},
				"down": {"uv": [3.25, 7.75, 3, 8], "texture": "#0"}
			}
		},
		{
			"from": [7.2125, 7.6, 7.9],
			"to": [8.7875, 11.4, 8.1],
			"faces": {
				"north": {"uv": [0, 0, 0.5, 1], "texture": "#0"},
				"east": {"uv": [3.5, 0, 3.75, 1], "texture": "#0"},
				"south": {"uv": [0.5, 0, 1, 1], "texture": "#0"},
				"west": {"uv": [3.5, 1, 3.75, 2], "texture": "#0"},
				"up": {"uv": [5, 7.25, 4.5, 7], "texture": "#0"},
				"down": {"uv": [7.5, 4.5, 7, 4.75], "texture": "#0"}
			}
		},
		{
			"from": [7.25788, 7.6, 7.86623],
			"to": [7.45788, 11.4, 7.96623],
			"rotation": {"angle": 22.5, "axis": "y", "origin": [7.325, 8.55, 7.99]},
			"faces": {
				"north": {"uv": [1.5, 3.5, 1.75, 4.5], "texture": "#0"},
				"east": {"uv": [1.75, 3.5, 2, 4.5], "texture": "#0"},
				"south": {"uv": [2, 3.5, 2.25, 4.5], "texture": "#0"},
				"west": {"uv": [3.5, 2, 3.75, 3], "texture": "#0"},
				"up": {"uv": [8, 3.25, 7.75, 3], "texture": "#0"},
				"down": {"uv": [3.5, 7.75, 3.25, 8], "texture": "#0"}
			}
		},
		{
			"from": [7.25781, 7.6, 8.03521],
			"to": [7.45781, 11.4, 8.13521],
			"rotation": {"angle": -22.5, "axis": "y", "origin": [7.325, 8.55, 8.01]},
			"faces": {
				"north": {"uv": [2.25, 3.5, 2.5, 4.5], "texture": "#0"},
				"east": {"uv": [2.5, 3.5, 2.75, 4.5], "texture": "#0"},
				"south": {"uv": [2.75, 3.5, 3, 4.5], "texture": "#0"},
				"west": {"uv": [3, 3.5, 3.25, 4.5], "texture": "#0"},
				"up": {"uv": [8, 3.5, 7.75, 3.25], "texture": "#0"},
				"down": {"uv": [3.75, 7.75, 3.5, 8], "texture": "#0"}
			}
		},
		{
			"from": [8.532, 7.6, 8.063],
			"to": [8.732, 11.4, 8.163],
			"rotation": {"angle": 22.5, "axis": "y", "origin": [8.6, 8.55, 8]},
			"faces": {
				"north": {"uv": [3.5, 3, 3.75, 4], "texture": "#0"},
				"east": {"uv": [0, 3.75, 0.25, 4.75], "texture": "#0"},
				"south": {"uv": [3.75, 0, 4, 1], "texture": "#0"},
				"west": {"uv": [0.25, 3.75, 0.5, 4.75], "texture": "#0"},
				"up": {"uv": [8, 3.75, 7.75, 3.5], "texture": "#0"},
				"down": {"uv": [4, 7.75, 3.75, 8], "texture": "#0"}
			}
		},
		{
			"from": [7.8665, 7.6, 8.65],
			"to": [7.9665, 11.4, 8.75],
			"rotation": {"angle": -45, "axis": "y", "origin": [8.5, 8.55, 8]},
			"faces": {
				"north": {"uv": [3.75, 1, 4, 2], "texture": "#0"},
				"east": {"uv": [3.75, 2, 4, 3], "texture": "#0"},
				"south": {"uv": [3.75, 3, 4, 4], "texture": "#0"},
				"west": {"uv": [4, 0, 4.25, 1], "texture": "#0"},
				"up": {"uv": [8, 4, 7.75, 3.75], "texture": "#0"},
				"down": {"uv": [4.25, 7.75, 4, 8], "texture": "#0"}
			}
		},
		{
			"from": [7.75, 7.6, 8.535],
			"to": [7.85, 11.4, 8.635],
			"rotation": {"angle": -45, "axis": "y", "origin": [8.5, 8.55, 8]},
			"faces": {
				"north": {"uv": [4, 1, 4.25, 2], "texture": "#0"},
				"east": {"uv": [4, 2, 4.25, 3], "texture": "#0"},
				"south": {"uv": [4, 3, 4.25, 4], "texture": "#0"},
				"west": {"uv": [3.25, 4, 3.5, 5], "texture": "#0"},
				"up": {"uv": [8, 4.25, 7.75, 4], "texture": "#0"},
				"down": {"uv": [4.5, 7.75, 4.25, 8], "texture": "#0"}
			}
		},
		{
			"from": [8.45, 7.6, 8.075],
			"to": [8.55, 11.4, 8.175],
			"rotation": {"angle": -45, "axis": "y", "origin": [8.5, 8.55, 8]},
			"faces": {
				"north": {"uv": [3.5, 4, 3.75, 5], "texture": "#0"},
				"east": {"uv": [3.75, 4, 4, 5], "texture": "#0"},
				"south": {"uv": [4, 4, 4.25, 5], "texture": "#0"},
				"west": {"uv": [4.25, 0, 4.5, 1], "texture": "#0"},
				"up": {"uv": [8, 4.5, 7.75, 4.25], "texture": "#0"},
				"down": {"uv": [4.75, 7.75, 4.5, 8], "texture": "#0"}
			}
		},
		{
			"from": [8.325, 7.6, 7.95],
			"to": [8.425, 11.4, 8.05],
			"rotation": {"angle": -45, "axis": "y", "origin": [8.5, 8.55, 8]},
			"faces": {
				"north": {"uv": [4.25, 1, 4.5, 2], "texture": "#0"},
				"east": {"uv": [4.25, 2, 4.5, 3], "texture": "#0"},
				"south": {"uv": [4.25, 3, 4.5, 4], "texture": "#0"},
				"west": {"uv": [4.25, 4, 4.5, 5], "texture": "#0"},
				"up": {"uv": [8, 4.75, 7.75, 4.5], "texture": "#0"},
				"down": {"uv": [5, 7.75, 4.75, 8], "texture": "#0"}
			}
		},
		{
			"from": [8.525, 7.6, 7.8],
			"to": [8.725, 11.4, 7.9],
			"rotation": {"angle": -22.5, "axis": "y", "origin": [8.5, 8.55, 8]},
			"faces": {
				"north": {"uv": [4.5, 0, 4.75, 1], "texture": "#0"},
				"east": {"uv": [0.5, 4.5, 0.75, 5.5], "texture": "#0"},
				"south": {"uv": [0.75, 4.5, 1, 5.5], "texture": "#0"},
				"west": {"uv": [1, 4.5, 1.25, 5.5], "texture": "#0"},
				"up": {"uv": [8, 5, 7.75, 4.75], "texture": "#0"},
				"down": {"uv": [5.25, 7.75, 5, 8], "texture": "#0"}
			}
		},
		{
			"from": [8.4, 7.6, 7.825],
			"to": [8.6, 11.4, 8.175],
			"faces": {
				"north": {"uv": [4.5, 1, 4.75, 2], "texture": "#0"},
				"east": {"uv": [1.25, 4.5, 1.5, 5.5], "texture": "#0"},
				"south": {"uv": [1.5, 4.5, 1.75, 5.5], "texture": "#0"},
				"west": {"uv": [1.75, 4.5, 2, 5.5], "texture": "#0"},
				"up": {"uv": [8, 5.25, 7.75, 5], "texture": "#0"},
				"down": {"uv": [5.5, 7.75, 5.25, 8], "texture": "#0"}
			}
		},
		{
			"from": [7.4, 11.4, 7.85],
			"to": [7.6, 15.2, 8.15],
			"rotation": {"angle": 0, "axis": "y", "origin": [0, 3.8, 0]},
			"faces": {
				"north": {"uv": [2, 4.5, 2.25, 5.5], "texture": "#0"},
				"east": {"uv": [4.5, 2, 4.75, 3], "texture": "#0"},
				"south": {"uv": [2.25, 4.5, 2.5, 5.5], "texture": "#0"},
				"west": {"uv": [2.5, 4.5, 2.75, 5.5], "texture": "#0"},
				"up": {"uv": [8, 5.5, 7.75, 5.25], "texture": "#0"},
				"down": {"uv": [5.75, 7.75, 5.5, 8], "texture": "#0"}
			}
		},
		{
			"from": [7.2375, 11.4, 7.925],
			"to": [8.7625, 15.2, 8.075],
			"rotation": {"angle": 0, "axis": "y", "origin": [0, 3.8, 0]},
			"faces": {
				"north": {"uv": [0, 1, 0.5, 2], "texture": "#0"},
				"east": {"uv": [2.75, 4.5, 3, 5.5], "texture": "#0"},
				"south": {"uv": [1, 0, 1.5, 1], "texture": "#0"},
				"west": {"uv": [3, 4.5, 3.25, 5.5], "texture": "#0"},
				"up": {"uv": [7.5, 5, 7, 4.75], "texture": "#0"},
				"down": {"uv": [5.5, 7, 5, 7.25], "texture": "#0"}
			}
		},
		{
			"from": [7.25788, 11.4, 7.89123],
			"to": [7.45788, 15.2, 7.96623],
			"rotation": {"angle": 22.5, "axis": "y", "origin": [7.325, 12.35, 7.99]},
			"faces": {
				"north": {"uv": [4.5, 3, 4.75, 4], "texture": "#0"},
				"east": {"uv": [4.5, 4, 4.75, 5], "texture": "#0"},
				"south": {"uv": [0, 4.75, 0.25, 5.75], "texture": "#0"},
				"west": {"uv": [4.75, 0, 5, 1], "texture": "#0"},
				"up": {"uv": [8, 5.75, 7.75, 5.5], "texture": "#0"},
				"down": {"uv": [6, 7.75, 5.75, 8], "texture": "#0"}
			}
		},
		{
			"from": [7.25781, 11.4, 8.03521],
			"to": [7.45781, 15.2, 8.11021],
			"rotation": {"angle": -22.5, "axis": "y", "origin": [7.325, 12.35, 8.01]},
			"faces": {
				"north": {"uv": [0.25, 4.75, 0.5, 5.75], "texture": "#0"},
				"east": {"uv": [4.75, 1, 5, 2], "texture": "#0"},
				"south": {"uv": [4.75, 2, 5, 3], "texture": "#0"},
				"west": {"uv": [4.75, 3, 5, 4], "texture": "#0"},
				"up": {"uv": [8, 6, 7.75, 5.75], "texture": "#0"},
				"down": {"uv": [6.25, 7.75, 6, 8], "texture": "#0"}
			}
		},
		{
			"from": [8.532, 11.4, 8.063],
			"to": [8.732, 15.2, 8.138],
			"rotation": {"angle": 22.5, "axis": "y", "origin": [8.6, 12.35, 8]},
			"faces": {
				"north": {"uv": [4.75, 4, 5, 5], "texture": "#0"},
				"east": {"uv": [5, 0, 5.25, 1], "texture": "#0"},
				"south": {"uv": [5, 1, 5.25, 2], "texture": "#0"},
				"west": {"uv": [5, 2, 5.25, 3], "texture": "#0"},
				"up": {"uv": [8, 6.25, 7.75, 6], "texture": "#0"},
				"down": {"uv": [6.5, 7.75, 6.25, 8], "texture": "#0"}
			}
		},
		{
			"from": [7.8915, 11.4, 8.675],
			"to": [7.9415, 15.2, 8.725],
			"rotation": {"angle": -45, "axis": "y", "origin": [8.5, 12.35, 8]},
			"faces": {
				"north": {"uv": [5, 3, 5.25, 4], "texture": "#0"},
				"east": {"uv": [3.25, 5, 3.5, 6], "texture": "#0"},
				"south": {"uv": [3.5, 5, 3.75, 6], "texture": "#0"},
				"west": {"uv": [3.75, 5, 4, 6], "texture": "#0"},
				"up": {"uv": [8, 6.5, 7.75, 6.25], "texture": "#0"},
				"down": {"uv": [6.75, 7.75, 6.5, 8], "texture": "#0"}
			}
		},
		{
			"from": [7.775, 11.4, 8.56],
			"to": [7.825, 15.2, 8.61],
			"rotation": {"angle": -45, "axis": "y", "origin": [8.5, 12.35, 8]},
			"faces": {
				"north": {"uv": [4, 5, 4.25, 6], "texture": "#0"},
				"east": {"uv": [5, 4, 5.25, 5], "texture": "#0"},
				"south": {"uv": [4.25, 5, 4.5, 6], "texture": "#0"},
				"west": {"uv": [4.5, 5, 4.75, 6], "texture": "#0"},
				"up": {"uv": [8, 6.75, 7.75, 6.5], "texture": "#0"},
				"down": {"uv": [7, 7.75, 6.75, 8], "texture": "#0"}
			}
		},
		{
			"from": [8.475, 11.4, 8.1],
			"to": [8.525, 15.2, 8.15],
			"rotation": {"angle": -45, "axis": "y", "origin": [8.5, 12.35, 8]},
			"faces": {
				"north": {"uv": [4.75, 5, 5, 6], "texture": "#0"},
				"east": {"uv": [5, 5, 5.25, 6], "texture": "#0"},
				"south": {"uv": [5.25, 0, 5.5, 1], "texture": "#0"},
				"west": {"uv": [5.25, 1, 5.5, 2], "texture": "#0"},
				"up": {"uv": [8, 7, 7.75, 6.75], "texture": "#0"},
				"down": {"uv": [7.25, 7.75, 7, 8], "texture": "#0"}
			}
		},
		{
			"from": [8.35, 11.4, 7.975],
			"to": [8.4, 15.2, 8.025],
			"rotation": {"angle": -45, "axis": "y", "origin": [8.5, 12.35, 8]},
			"faces": {
				"north": {"uv": [5.25, 2, 5.5, 3], "texture": "#0"},
				"east": {"uv": [5.25, 3, 5.5, 4], "texture": "#0"},
				"south": {"uv": [5.25, 4, 5.5, 5], "texture": "#0"},
				"west": {"uv": [5.25, 5, 5.5, 6], "texture": "#0"},
				"up": {"uv": [8, 7.25, 7.75, 7], "texture": "#0"},
				"down": {"uv": [7.5, 7.75, 7.25, 8], "texture": "#0"}
			}
		},
		{
			"from": [8.525, 11.4, 7.825],
			"to": [8.725, 15.2, 7.9],
			"rotation": {"angle": -22.5, "axis": "y", "origin": [8.5, 12.35, 8]},
			"faces": {
				"north": {"uv": [5.5, 0, 5.75, 1], "texture": "#0"},
				"east": {"uv": [0.5, 5.5, 0.75, 6.5], "texture": "#0"},
				"south": {"uv": [0.75, 5.5, 1, 6.5], "texture": "#0"},
				"west": {"uv": [1, 5.5, 1.25, 6.5], "texture": "#0"},
				"up": {"uv": [8, 7.5, 7.75, 7.25], "texture": "#0"},
				"down": {"uv": [7.75, 7.75, 7.5, 8], "texture": "#0"}
			}
		},
		{
			"from": [8.4, 11.4, 7.85],
			"to": [8.6, 15.2, 8.15],
			"rotation": {"angle": 0, "axis": "y", "origin": [0, 3.8, 0]},
			"faces": {
				"north": {"uv": [5.5, 1, 5.75, 2], "texture": "#0"},
				"east": {"uv": [1.25, 5.5, 1.5, 6.5], "texture": "#0"},
				"south": {"uv": [1.5, 5.5, 1.75, 6.5], "texture": "#0"},
				"west": {"uv": [1.75, 5.5, 2, 6.5], "texture": "#0"},
				"up": {"uv": [8, 7.75, 7.75, 7.5], "texture": "#0"},
				"down": {"uv": [8, 7.75, 7.75, 8], "texture": "#0"}
			}
		},
		{
			"from": [8.532, 15.6, 7.988],
			"to": [8.707, 19.2, 8.113],
			"rotation": {"angle": 22.5, "axis": "y", "origin": [8.6, 16.55, 8]},
			"faces": {
				"north": {"uv": [2, 5.5, 2.25, 6.5], "texture": "#0"},
				"east": {"uv": [5.5, 2, 5.75, 3], "texture": "#0"},
				"south": {"uv": [2.25, 5.5, 2.5, 6.5], "texture": "#0"},
				"west": {"uv": [2.5, 5.5, 2.75, 6.5], "texture": "#0"},
				"up": {"uv": [0.25, 8.25, 0, 8], "texture": "#0"},
				"down": {"uv": [8.25, 0, 8, 0.25], "texture": "#0"}
			}
		},
		{
			"from": [8.525, 15.6, 7.85],
			"to": [8.7, 19.2, 7.975],
			"rotation": {"angle": -22.5, "axis": "y", "origin": [8.5, 16.55, 8]},
			"faces": {
				"north": {"uv": [2.75, 5.5, 3, 6.5], "texture": "#0"},
				"east": {"uv": [3, 5.5, 3.25, 6.5], "texture": "#0"},
				"south": {"uv": [5.5, 3, 5.75, 4], "texture": "#0"},
				"west": {"uv": [5.5, 4, 5.75, 5], "texture": "#0"},
				"up": {"uv": [0.5, 8.25, 0.25, 8], "texture": "#0"},
				"down": {"uv": [8.25, 0.25, 8, 0.5], "texture": "#0"}
			}
		},
		{
			"from": [7.9, 15.6, 7.8],
			"to": [8.1, 19.2, 8.2],
			"rotation": {"angle": 0, "axis": "y", "origin": [0, 8, 0]},
			"faces": {
				"north": {"uv": [5.5, 5, 5.75, 6], "texture": "#0"},
				"east": {"uv": [0, 5.75, 0.25, 6.75], "texture": "#0"},
				"south": {"uv": [5.75, 0, 6, 1], "texture": "#0"},
				"west": {"uv": [0.25, 5.75, 0.5, 6.75], "texture": "#0"},
				"up": {"uv": [0.75, 8.25, 0.5, 8], "texture": "#0"},
				"down": {"uv": [8.25, 0.5, 8, 0.75], "texture": "#0"}
			}
		},
		{
			"from": [7.75, 15.6, 7.825],
			"to": [8.25, 19.2, 8.175],
			"rotation": {"angle": 0, "axis": "y", "origin": [0, 8, 0]},
			"faces": {
				"north": {"uv": [5.75, 1, 6, 2], "texture": "#0"},
				"east": {"uv": [5.75, 2, 6, 3], "texture": "#0"},
				"south": {"uv": [5.75, 3, 6, 4], "texture": "#0"},
				"west": {"uv": [5.75, 4, 6, 5], "texture": "#0"},
				"up": {"uv": [1, 8.25, 0.75, 8], "texture": "#0"},
				"down": {"uv": [8.25, 0.75, 8, 1], "texture": "#0"}
			}
		},
		{
			"from": [7.6, 15.6, 7.85],
			"to": [8.4, 19.2, 8.15],
			"rotation": {"angle": 0, "axis": "y", "origin": [0, 8, 0]},
			"faces": {
				"north": {"uv": [5.75, 5, 6, 6], "texture": "#0"},
				"east": {"uv": [6, 0, 6.25, 1], "texture": "#0"},
				"south": {"uv": [6, 1, 6.25, 2], "texture": "#0"},
				"west": {"uv": [6, 2, 6.25, 3], "texture": "#0"},
				"up": {"uv": [1.25, 8.25, 1, 8], "texture": "#0"},
				"down": {"uv": [8.25, 1, 8, 1.25], "texture": "#0"}
			}
		},
		{
			"from": [7.2625, 15.6, 7.95],
			"to": [8.7375, 19.2, 8.05],
			"rotation": {"angle": 0, "axis": "y", "origin": [0, 8, 0]},
			"faces": {
				"north": {"uv": [6, 3, 6.25, 4], "texture": "#0"},
				"east": {"uv": [3.25, 6, 3.5, 7], "texture": "#0"},
				"south": {"uv": [3.5, 6, 3.75, 7], "texture": "#0"},
				"west": {"uv": [3.75, 6, 4, 7], "texture": "#0"},
				"up": {"uv": [1.5, 8.25, 1.25, 8], "texture": "#0"},
				"down": {"uv": [8.25, 1.25, 8, 1.5], "texture": "#0"}
			}
		},
		{
			"from": [7.28281, 15.6, 7.96021],
			"to": [7.45781, 19.2, 8.08521],
			"rotation": {"angle": -22.5, "axis": "y", "origin": [7.325, 16.55, 8.01]},
			"faces": {
				"north": {"uv": [4, 6, 4.25, 7], "texture": "#0"},
				"east": {"uv": [6, 4, 6.25, 5], "texture": "#0"},
				"south": {"uv": [4.25, 6, 4.5, 7], "texture": "#0"},
				"west": {"uv": [4.5, 6, 4.75, 7], "texture": "#0"},
				"up": {"uv": [1.75, 8.25, 1.5, 8], "texture": "#0"},
				"down": {"uv": [8.25, 1.5, 8, 1.75], "texture": "#0"}
			}
		},
		{
			"from": [7.28288, 15.6, 7.91623],
			"to": [7.45788, 19.2, 8.04123],
			"rotation": {"angle": 22.5, "axis": "y", "origin": [7.325, 16.55, 7.99]},
			"faces": {
				"north": {"uv": [4.75, 6, 5, 7], "texture": "#0"},
				"east": {"uv": [5, 6, 5.25, 7], "texture": "#0"},
				"south": {"uv": [6, 5, 6.25, 6], "texture": "#0"},
				"west": {"uv": [5.25, 6, 5.5, 7], "texture": "#0"},
				"up": {"uv": [2, 8.25, 1.75, 8], "texture": "#0"},
				"down": {"uv": [8.25, 1.75, 8, 2], "texture": "#0"}
			}
		},
		{
			"from": [7.4, 15.6, 7.875],
			"to": [8.6, 19.2, 8.125],
			"rotation": {"angle": 0, "axis": "y", "origin": [0, 8, 0]},
			"faces": {
				"north": {"uv": [5.5, 6, 5.75, 7], "texture": "#0"},
				"east": {"uv": [5.75, 6, 6, 7], "texture": "#0"},
				"south": {"uv": [6, 6, 6.25, 7], "texture": "#0"},
				"west": {"uv": [6.25, 0, 6.5, 1], "texture": "#0"},
				"up": {"uv": [2.25, 8.25, 2, 8], "texture": "#0"},
				"down": {"uv": [8.25, 2, 8, 2.25], "texture": "#0"}
			}
		},
		{
			"from": [8.532, 15.2, 7.988],
			"to": [8.707, 15.6, 8.113],
			"rotation": {"angle": 22.5, "axis": "y", "origin": [8.6, 16.15, 8]},
			"faces": {
				"north": {"uv": [2.25, 8, 2.5, 8.25], "texture": "#0"},
				"east": {"uv": [8, 2.25, 8.25, 2.5], "texture": "#0"},
				"south": {"uv": [2.5, 8, 2.75, 8.25], "texture": "#0"},
				"west": {"uv": [8, 2.5, 8.25, 2.75], "texture": "#0"},
				"up": {"uv": [3, 8.25, 2.75, 8], "texture": "#0"},
				"down": {"uv": [8.25, 2.75, 8, 3], "texture": "#0"}
			}
		},
		{
			"from": [8.525, 15.2, 7.85],
			"to": [8.7, 15.6, 7.975],
			"rotation": {"angle": -22.5, "axis": "y", "origin": [8.5, 16.15, 8]},
			"faces": {
				"north": {"uv": [3, 8, 3.25, 8.25], "texture": "#0"},
				"east": {"uv": [8, 3, 8.25, 3.25], "texture": "#0"},
				"south": {"uv": [3.25, 8, 3.5, 8.25], "texture": "#0"},
				"west": {"uv": [8, 3.25, 8.25, 3.5], "texture": "#0"},
				"up": {"uv": [3.75, 8.25, 3.5, 8], "texture": "#0"},
				"down": {"uv": [8.25, 3.5, 8, 3.75], "texture": "#0"}
			}
		},
		{
			"from": [8.4, 15.2, 7.875],
			"to": [8.6, 15.6, 8.125],
			"rotation": {"angle": 0, "axis": "y", "origin": [0, 7.6, 0]},
			"faces": {
				"north": {"uv": [3.75, 8, 4, 8.25], "texture": "#0"},
				"east": {"uv": [8, 3.75, 8.25, 4], "texture": "#0"},
				"south": {"uv": [4, 8, 4.25, 8.25], "texture": "#0"},
				"west": {"uv": [8, 4, 8.25, 4.25], "texture": "#0"},
				"up": {"uv": [4.5, 8.25, 4.25, 8], "texture": "#0"},
				"down": {"uv": [8.25, 4.25, 8, 4.5], "texture": "#0"}
			}
		},
		{
			"from": [7.9, 15.525, 7.8125],
			"to": [7.95, 15.6, 8.1875],
			"rotation": {"angle": 0, "axis": "y", "origin": [8.2, 15.4875, 8]},
			"faces": {
				"north": {"uv": [4.5, 8, 4.75, 8.25], "texture": "#0"},
				"east": {"uv": [8, 4.5, 8.25, 4.75], "texture": "#0"},
				"south": {"uv": [4.75, 8, 5, 8.25], "texture": "#0"},
				"west": {"uv": [8, 4.75, 8.25, 5], "texture": "#0"},
				"up": {"uv": [5.25, 8.25, 5, 8], "texture": "#0"},
				"down": {"uv": [8.25, 5, 8, 5.25], "texture": "#0"}
			}
		},
		{
			"from": [7.6, 15.2, 7.8625],
			"to": [7.65, 15.6, 8.1375],
			"rotation": {"angle": 0, "axis": "y", "origin": [8.2, 15.4875, 8]},
			"faces": {
				"north": {"uv": [5.25, 8, 5.5, 8.25], "texture": "#0"},
				"east": {"uv": [8, 5.25, 8.25, 5.5], "texture": "#0"},
				"south": {"uv": [5.5, 8, 5.75, 8.25], "texture": "#0"},
				"west": {"uv": [8, 5.5, 8.25, 5.75], "texture": "#0"},
				"up": {"uv": [6, 8.25, 5.75, 8], "texture": "#0"},
				"down": {"uv": [8.25, 5.75, 8, 6], "texture": "#0"}
			}
		},
		{
			"from": [7.65, 15.275, 7.85],
			"to": [7.7, 15.6, 8.15],
			"rotation": {"angle": 0, "axis": "y", "origin": [8.2, 15.4875, 8]},
			"faces": {
				"north": {"uv": [6, 8, 6.25, 8.25], "texture": "#0"},
				"east": {"uv": [8, 6, 8.25, 6.25], "texture": "#0"},
				"south": {"uv": [6.25, 8, 6.5, 8.25], "texture": "#0"},
				"west": {"uv": [8, 6.25, 8.25, 6.5], "texture": "#0"},
				"up": {"uv": [6.75, 8.25, 6.5, 8], "texture": "#0"},
				"down": {"uv": [8.25, 6.5, 8, 6.75], "texture": "#0"}
			}
		},
		{
			"from": [7.75, 15.425, 7.8375],
			"to": [7.8, 15.6, 8.1625],
			"rotation": {"angle": 0, "axis": "y", "origin": [8.2, 15.4875, 8]},
			"faces": {
				"north": {"uv": [6.75, 8, 7, 8.25], "texture": "#0"},
				"east": {"uv": [8, 6.75, 8.25, 7], "texture": "#0"},
				"south": {"uv": [7, 8, 7.25, 8.25], "texture": "#0"},
				"west": {"uv": [8, 7, 8.25, 7.25], "texture": "#0"},
				"up": {"uv": [7.5, 8.25, 7.25, 8], "texture": "#0"},
				"down": {"uv": [8.25, 7.25, 8, 7.5], "texture": "#0"}
			}
		},
		{
			"from": [7.8, 15.475, 7.825],
			"to": [7.85, 15.6, 8.175],
			"rotation": {"angle": 0, "axis": "y", "origin": [8.2, 15.4875, 8]},
			"faces": {
				"north": {"uv": [7.5, 8, 7.75, 8.25], "texture": "#0"},
				"east": {"uv": [8, 7.5, 8.25, 7.75], "texture": "#0"},
				"south": {"uv": [7.75, 8, 8, 8.25], "texture": "#0"},
				"west": {"uv": [8, 7.75, 8.25, 8], "texture": "#0"},
				"up": {"uv": [8.25, 8.25, 8, 8], "texture": "#0"},
				"down": {"uv": [0.25, 8.25, 0, 8.5], "texture": "#0"}
			}
		},
		{
			"from": [7.85, 15.5, 7.825],
			"to": [7.9, 15.6, 8.175],
			"rotation": {"angle": 0, "axis": "y", "origin": [8.2, 15.4875, 8]},
			"faces": {
				"north": {"uv": [8.25, 0, 8.5, 0.25], "texture": "#0"},
				"east": {"uv": [0.25, 8.25, 0.5, 8.5], "texture": "#0"},
				"south": {"uv": [8.25, 0.25, 8.5, 0.5], "texture": "#0"},
				"west": {"uv": [0.5, 8.25, 0.75, 8.5], "texture": "#0"},
				"up": {"uv": [8.5, 0.75, 8.25, 0.5], "texture": "#0"},
				"down": {"uv": [1, 8.25, 0.75, 8.5], "texture": "#0"}
			}
		},
		{
			"from": [7.7, 15.35, 7.85],
			"to": [7.75, 15.6, 8.15],
			"rotation": {"angle": 0, "axis": "y", "origin": [8.2, 15.4875, 8]},
			"faces": {
				"north": {"uv": [8.25, 0.75, 8.5, 1], "texture": "#0"},
				"east": {"uv": [1, 8.25, 1.25, 8.5], "texture": "#0"},
				"south": {"uv": [8.25, 1, 8.5, 1.25], "texture": "#0"},
				"west": {"uv": [1.25, 8.25, 1.5, 8.5], "texture": "#0"},
				"up": {"uv": [8.5, 1.5, 8.25, 1.25], "texture": "#0"},
				"down": {"uv": [1.75, 8.25, 1.5, 8.5], "texture": "#0"}
			}
		},
		{
			"from": [7.95, 15.55, 7.8],
			"to": [8, 15.6, 8.2],
			"rotation": {"angle": 0, "axis": "y", "origin": [8.2, 15.4875, 8]},
			"faces": {
				"north": {"uv": [8.25, 1.5, 8.5, 1.75], "texture": "#0"},
				"east": {"uv": [1.75, 8.25, 2, 8.5], "texture": "#0"},
				"south": {"uv": [8.25, 1.75, 8.5, 2], "texture": "#0"},
				"west": {"uv": [2, 8.25, 2.25, 8.5], "texture": "#0"},
				"up": {"uv": [8.5, 2.25, 8.25, 2], "texture": "#0"},
				"down": {"uv": [2.5, 8.25, 2.25, 8.5], "texture": "#0"}
			}
		},
		{
			"from": [8.05, 15.525, 7.8125],
			"to": [8.1, 15.6, 8.1875],
			"rotation": {"angle": 0, "axis": "y", "origin": [0, 7.6, 0]},
			"faces": {
				"north": {"uv": [8.25, 2.25, 8.5, 2.5], "texture": "#0"},
				"east": {"uv": [2.5, 8.25, 2.75, 8.5], "texture": "#0"},
				"south": {"uv": [8.25, 2.5, 8.5, 2.75], "texture": "#0"},
				"west": {"uv": [2.75, 8.25, 3, 8.5], "texture": "#0"},
				"up": {"uv": [8.5, 3, 8.25, 2.75], "texture": "#0"},
				"down": {"uv": [3.25, 8.25, 3, 8.5], "texture": "#0"}
			}
		},
		{
			"from": [8, 15.55, 7.8],
			"to": [8.05, 15.6, 8.2],
			"rotation": {"angle": 0, "axis": "y", "origin": [0, 7.6, 0]},
			"faces": {
				"north": {"uv": [8.25, 3, 8.5, 3.25], "texture": "#0"},
				"east": {"uv": [3.25, 8.25, 3.5, 8.5], "texture": "#0"},
				"south": {"uv": [8.25, 3.25, 8.5, 3.5], "texture": "#0"},
				"west": {"uv": [3.5, 8.25, 3.75, 8.5], "texture": "#0"},
				"up": {"uv": [8.5, 3.75, 8.25, 3.5], "texture": "#0"},
				"down": {"uv": [4, 8.25, 3.75, 8.5], "texture": "#0"}
			}
		},
		{
			"from": [8.2, 15.425, 7.8375],
			"to": [8.25, 15.6, 8.1625],
			"rotation": {"angle": 0, "axis": "y", "origin": [0, 7.6, 0]},
			"faces": {
				"north": {"uv": [8.25, 3.75, 8.5, 4], "texture": "#0"},
				"east": {"uv": [4, 8.25, 4.25, 8.5], "texture": "#0"},
				"south": {"uv": [8.25, 4, 8.5, 4.25], "texture": "#0"},
				"west": {"uv": [4.25, 8.25, 4.5, 8.5], "texture": "#0"},
				"up": {"uv": [8.5, 4.5, 8.25, 4.25], "texture": "#0"},
				"down": {"uv": [4.75, 8.25, 4.5, 8.5], "texture": "#0"}
			}
		},
		{
			"from": [8.15, 15.475, 7.825],
			"to": [8.2, 15.6, 8.175],
			"rotation": {"angle": 0, "axis": "y", "origin": [0, 7.6, 0]},
			"faces": {
				"north": {"uv": [8.25, 4.5, 8.5, 4.75], "texture": "#0"},
				"east": {"uv": [4.75, 8.25, 5, 8.5], "texture": "#0"},
				"south": {"uv": [8.25, 4.75, 8.5, 5], "texture": "#0"},
				"west": {"uv": [5, 8.25, 5.25, 8.5], "texture": "#0"},
				"up": {"uv": [8.5, 5.25, 8.25, 5], "texture": "#0"},
				"down": {"uv": [5.5, 8.25, 5.25, 8.5], "texture": "#0"}
			}
		},
		{
			"from": [8.1, 15.5, 7.825],
			"to": [8.15, 15.6, 8.175],
			"rotation": {"angle": 0, "axis": "y", "origin": [0, 7.6, 0]},
			"faces": {
				"north": {"uv": [8.25, 5.25, 8.5, 5.5], "texture": "#0"},
				"east": {"uv": [5.5, 8.25, 5.75, 8.5], "texture": "#0"},
				"south": {"uv": [8.25, 5.5, 8.5, 5.75], "texture": "#0"},
				"west": {"uv": [5.75, 8.25, 6, 8.5], "texture": "#0"},
				"up": {"uv": [8.5, 6, 8.25, 5.75], "texture": "#0"},
				"down": {"uv": [6.25, 8.25, 6, 8.5], "texture": "#0"}
			}
		},
		{
			"from": [8.35, 15.2, 7.8625],
			"to": [8.4, 15.6, 8.1375],
			"rotation": {"angle": 0, "axis": "y", "origin": [0, 7.6, 0]},
			"faces": {
				"north": {"uv": [8.25, 6, 8.5, 6.25], "texture": "#0"},
				"east": {"uv": [6.25, 8.25, 6.5, 8.5], "texture": "#0"},
				"south": {"uv": [8.25, 6.25, 8.5, 6.5], "texture": "#0"},
				"west": {"uv": [6.5, 8.25, 6.75, 8.5], "texture": "#0"},
				"up": {"uv": [8.5, 6.75, 8.25, 6.5], "texture": "#0"},
				"down": {"uv": [7, 8.25, 6.75, 8.5], "texture": "#0"}
			}
		},
		{
			"from": [8.3, 15.275, 7.85],
			"to": [8.35, 15.6, 8.15],
			"rotation": {"angle": 0, "axis": "y", "origin": [0, 7.6, 0]},
			"faces": {
				"north": {"uv": [8.25, 6.75, 8.5, 7], "texture": "#0"},
				"east": {"uv": [7, 8.25, 7.25, 8.5], "texture": "#0"},
				"south": {"uv": [8.25, 7, 8.5, 7.25], "texture": "#0"},
				"west": {"uv": [7.25, 8.25, 7.5, 8.5], "texture": "#0"},
				"up": {"uv": [8.5, 7.5, 8.25, 7.25], "texture": "#0"},
				"down": {"uv": [7.75, 8.25, 7.5, 8.5], "texture": "#0"}
			}
		},
		{
			"from": [8.25, 15.35, 7.85],
			"to": [8.3, 15.6, 8.15],
			"rotation": {"angle": 0, "axis": "y", "origin": [0, 7.6, 0]},
			"faces": {
				"north": {"uv": [8.25, 7.5, 8.5, 7.75], "texture": "#0"},
				"east": {"uv": [7.75, 8.25, 8, 8.5], "texture": "#0"},
				"south": {"uv": [8.25, 7.75, 8.5, 8], "texture": "#0"},
				"west": {"uv": [8, 8.25, 8.25, 8.5], "texture": "#0"},
				"up": {"uv": [8.5, 8.25, 8.25, 8], "texture": "#0"},
				"down": {"uv": [8.5, 8.25, 8.25, 8.5], "texture": "#0"}
			}
		},
		{
			"from": [7.65, 15.2, 7.925],
			"to": [8.35, 15.6, 8.075],
			"rotation": {"angle": 0, "axis": "y", "origin": [0, 7.6, 0]},
			"faces": {
				"north": {"uv": [0, 8.5, 0.25, 8.75], "texture": "#0"},
				"east": {"uv": [8.5, 0, 8.75, 0.25], "texture": "#0"},
				"south": {"uv": [0.25, 8.5, 0.5, 8.75], "texture": "#0"},
				"west": {"uv": [8.5, 0.25, 8.75, 0.5], "texture": "#0"},
				"up": {"uv": [0.75, 8.75, 0.5, 8.5], "texture": "#0"},
				"down": {"uv": [8.75, 0.5, 8.5, 0.75], "texture": "#0"}
			}
		},
		{
			"from": [7.2625, 15.2, 7.95],
			"to": [8.7375, 15.6, 8.05],
			"rotation": {"angle": 0, "axis": "y", "origin": [0, 7.6, 0]},
			"faces": {
				"north": {"uv": [0.75, 8.5, 1, 8.75], "texture": "#0"},
				"east": {"uv": [8.5, 0.75, 8.75, 1], "texture": "#0"},
				"south": {"uv": [1, 8.5, 1.25, 8.75], "texture": "#0"},
				"west": {"uv": [8.5, 1, 8.75, 1.25], "texture": "#0"},
				"up": {"uv": [1.5, 8.75, 1.25, 8.5], "texture": "#0"},
				"down": {"uv": [8.75, 1.25, 8.5, 1.5], "texture": "#0"}
			}
		},
		{
			"from": [7.28281, 15.2, 7.96021],
			"to": [7.45781, 15.6, 8.08521],
			"rotation": {"angle": -22.5, "axis": "y", "origin": [7.325, 16.15, 8.01]},
			"faces": {
				"north": {"uv": [1.5, 8.5, 1.75, 8.75], "texture": "#0"},
				"east": {"uv": [8.5, 1.5, 8.75, 1.75], "texture": "#0"},
				"south": {"uv": [1.75, 8.5, 2, 8.75], "texture": "#0"},
				"west": {"uv": [8.5, 1.75, 8.75, 2], "texture": "#0"},
				"up": {"uv": [2.25, 8.75, 2, 8.5], "texture": "#0"},
				"down": {"uv": [8.75, 2, 8.5, 2.25], "texture": "#0"}
			}
		},
		{
			"from": [7.28288, 15.2, 7.91623],
			"to": [7.45788, 15.6, 8.04123],
			"rotation": {"angle": 22.5, "axis": "y", "origin": [7.325, 16.15, 7.99]},
			"faces": {
				"north": {"uv": [2.25, 8.5, 2.5, 8.75], "texture": "#0"},
				"east": {"uv": [8.5, 2.25, 8.75, 2.5], "texture": "#0"},
				"south": {"uv": [2.5, 8.5, 2.75, 8.75], "texture": "#0"},
				"west": {"uv": [8.5, 2.5, 8.75, 2.75], "texture": "#0"},
				"up": {"uv": [3, 8.75, 2.75, 8.5], "texture": "#0"},
				"down": {"uv": [8.75, 2.75, 8.5, 3], "texture": "#0"}
			}
		},
		{
			"from": [7.4, 15.2, 7.875],
			"to": [7.6, 15.6, 8.125],
			"rotation": {"angle": 0, "axis": "y", "origin": [0, 7.6, 0]},
			"faces": {
				"north": {"uv": [3, 8.5, 3.25, 8.75], "texture": "#0"},
				"east": {"uv": [8.5, 3, 8.75, 3.25], "texture": "#0"},
				"south": {"uv": [3.25, 8.5, 3.5, 8.75], "texture": "#0"},
				"west": {"uv": [8.5, 3.25, 8.75, 3.5], "texture": "#0"},
				"up": {"uv": [3.75, 8.75, 3.5, 8.5], "texture": "#0"},
				"down": {"uv": [8.75, 3.5, 8.5, 3.75], "texture": "#0"}
			}
		},
		{
			"from": [7.95, 26.4, 7.95],
			"to": [8.05, 26.475, 8.05],
			"rotation": {"angle": 0, "axis": "y", "origin": [0, 17.3, 0]},
			"faces": {
				"north": {"uv": [3.75, 8.5, 4, 8.75], "texture": "#0"},
				"east": {"uv": [8.5, 3.75, 8.75, 4], "texture": "#0"},
				"south": {"uv": [4, 8.5, 4.25, 8.75], "texture": "#0"},
				"west": {"uv": [8.5, 4, 8.75, 4.25], "texture": "#0"},
				"up": {"uv": [4.5, 8.75, 4.25, 8.5], "texture": "#0"},
				"down": {"uv": [8.75, 4.25, 8.5, 4.5], "texture": "#0"}
			}
		},
		{
			"from": [7.9, 26.35, 7.975],
			"to": [8.1, 26.425, 8.025],
			"rotation": {"angle": 0, "axis": "y", "origin": [0, 17.3, 0]},
			"faces": {
				"north": {"uv": [4.5, 8.5, 4.75, 8.75], "texture": "#0"},
				"east": {"uv": [8.5, 4.5, 8.75, 4.75], "texture": "#0"},
				"south": {"uv": [4.75, 8.5, 5, 8.75], "texture": "#0"},
				"west": {"uv": [8.5, 4.75, 8.75, 5], "texture": "#0"},
				"up": {"uv": [5.25, 8.75, 5, 8.5], "texture": "#0"},
				"down": {"uv": [8.75, 5, 8.5, 5.25], "texture": "#0"}
			}
		},
		{
			"from": [7.875, 26.275, 7.975],
			"to": [8.125, 26.35, 8.025],
			"rotation": {"angle": 0, "axis": "y", "origin": [0, 17.3, 0]},
			"faces": {
				"north": {"uv": [5.25, 8.5, 5.5, 8.75], "texture": "#0"},
				"east": {"uv": [8.5, 5.25, 8.75, 5.5], "texture": "#0"},
				"south": {"uv": [5.5, 8.5, 5.75, 8.75], "texture": "#0"},
				"west": {"uv": [8.5, 5.5, 8.75, 5.75], "texture": "#0"},
				"up": {"uv": [6, 8.75, 5.75, 8.5], "texture": "#0"},
				"down": {"uv": [8.75, 5.75, 8.5, 6], "texture": "#0"}
			}
		},
		{
			"from": [7.85, 26.2, 7.975],
			"to": [8.15, 26.275, 8.025],
			"rotation": {"angle": 0, "axis": "y", "origin": [0, 17.3, 0]},
			"faces": {
				"north": {"uv": [6, 8.5, 6.25, 8.75], "texture": "#0"},
				"east": {"uv": [8.5, 6, 8.75, 6.25], "texture": "#0"},
				"south": {"uv": [6.25, 8.5, 6.5, 8.75], "texture": "#0"},
				"west": {"uv": [8.5, 6.25, 8.75, 6.5], "texture": "#0"},
				"up": {"uv": [6.75, 8.75, 6.5, 8.5], "texture": "#0"},
				"down": {"uv": [8.75, 6.5, 8.5, 6.75], "texture": "#0"}
			}
		},
		{
			"from": [7.825, 26.125, 7.975],
			"to": [8.175, 26.2, 8.025],
			"rotation": {"angle": 0, "axis": "y", "origin": [0, 17.3, 0]},
			"faces": {
				"north": {"uv": [6.75, 8.5, 7, 8.75], "texture": "#0"},
				"east": {"uv": [8.5, 6.75, 8.75, 7], "texture": "#0"},
				"south": {"uv": [7, 8.5, 7.25, 8.75], "texture": "#0"},
				"west": {"uv": [8.5, 7, 8.75, 7.25], "texture": "#0"},
				"up": {"uv": [7.5, 8.75, 7.25, 8.5], "texture": "#0"},
				"down": {"uv": [8.75, 7.25, 8.5, 7.5], "texture": "#0"}
			}
		},
		{
			"from": [7.8, 26.05, 7.975],
			"to": [8.2, 26.125, 8.025],
			"rotation": {"angle": 0, "axis": "y", "origin": [0, 17.3, 0]},
			"faces": {
				"north": {"uv": [7.5, 8.5, 7.75, 8.75], "texture": "#0"},
				"east": {"uv": [8.5, 7.5, 8.75, 7.75], "texture": "#0"},
				"south": {"uv": [7.75, 8.5, 8, 8.75], "texture": "#0"},
				"west": {"uv": [8.5, 7.75, 8.75, 8], "texture": "#0"},
				"up": {"uv": [8.25, 8.75, 8, 8.5], "texture": "#0"},
				"down": {"uv": [8.75, 8, 8.5, 8.25], "texture": "#0"}
			}
		},
		{
			"from": [7.775, 25.975, 7.975],
			"to": [8.225, 26.05, 8.025],
			"rotation": {"angle": 0, "axis": "y", "origin": [0, 17.3, 0]},
			"faces": {
				"north": {"uv": [8.25, 8.5, 8.5, 8.75], "texture": "#0"},
				"east": {"uv": [8.5, 8.25, 8.75, 8.5], "texture": "#0"},
				"south": {"uv": [8.5, 8.5, 8.75, 8.75], "texture": "#0"},
				"west": {"uv": [0, 8.75, 0.25, 9], "texture": "#0"},
				"up": {"uv": [9, 0.25, 8.75, 0], "texture": "#0"},
				"down": {"uv": [0.5, 8.75, 0.25, 9], "texture": "#0"}
			}
		},
		{
			"from": [7.75, 25.9, 7.975],
			"to": [8.25, 25.975, 8.025],
			"rotation": {"angle": 0, "axis": "y", "origin": [0, 17.3, 0]},
			"faces": {
				"north": {"uv": [8.75, 0.25, 9, 0.5], "texture": "#0"},
				"east": {"uv": [0.5, 8.75, 0.75, 9], "texture": "#0"},
				"south": {"uv": [8.75, 0.5, 9, 0.75], "texture": "#0"},
				"west": {"uv": [0.75, 8.75, 1, 9], "texture": "#0"},
				"up": {"uv": [9, 1, 8.75, 0.75], "texture": "#0"},
				"down": {"uv": [1.25, 8.75, 1, 9], "texture": "#0"}
			}
		},
		{
			"from": [7.725, 25.825, 7.975],
			"to": [8.275, 25.9, 8.025],
			"rotation": {"angle": 0, "axis": "y", "origin": [0, 17.3, 0]},
			"faces": {
				"north": {"uv": [8.75, 1, 9, 1.25], "texture": "#0"},
				"east": {"uv": [1.25, 8.75, 1.5, 9], "texture": "#0"},
				"south": {"uv": [8.75, 1.25, 9, 1.5], "texture": "#0"},
				"west": {"uv": [1.5, 8.75, 1.75, 9], "texture": "#0"},
				"up": {"uv": [9, 1.75, 8.75, 1.5], "texture": "#0"},
				"down": {"uv": [2, 8.75, 1.75, 9], "texture": "#0"}
			}
		},
		{
			"from": [7.7, 25.75, 7.975],
			"to": [8.3, 25.825, 8.025],
			"rotation": {"angle": 0, "axis": "y", "origin": [0, 17.3, 0]},
			"faces": {
				"north": {"uv": [8.75, 1.75, 9, 2], "texture": "#0"},
				"east": {"uv": [2, 8.75, 2.25, 9], "texture": "#0"},
				"south": {"uv": [8.75, 2, 9, 2.25], "texture": "#0"},
				"west": {"uv": [2.25, 8.75, 2.5, 9], "texture": "#0"},
				"up": {"uv": [9, 2.5, 8.75, 2.25], "texture": "#0"},
				"down": {"uv": [2.75, 8.75, 2.5, 9], "texture": "#0"}
			}
		},
		{
			"from": [7.675, 25.675, 7.975],
			"to": [8.325, 25.75, 8.025],
			"rotation": {"angle": 0, "axis": "y", "origin": [0, 17.3, 0]},
			"faces": {
				"north": {"uv": [8.75, 2.5, 9, 2.75], "texture": "#0"},
				"east": {"uv": [2.75, 8.75, 3, 9], "texture": "#0"},
				"south": {"uv": [8.75, 2.75, 9, 3], "texture": "#0"},
				"west": {"uv": [3, 8.75, 3.25, 9], "texture": "#0"},
				"up": {"uv": [9, 3.25, 8.75, 3], "texture": "#0"},
				"down": {"uv": [3.5, 8.75, 3.25, 9], "texture": "#0"}
			}
		},
		{
			"from": [7.65, 25.6, 7.975],
			"to": [8.35, 25.675, 8.025],
			"rotation": {"angle": 0, "axis": "y", "origin": [0, 17.3, 0]},
			"faces": {
				"north": {"uv": [8.75, 3.25, 9, 3.5], "texture": "#0"},
				"east": {"uv": [3.5, 8.75, 3.75, 9], "texture": "#0"},
				"south": {"uv": [8.75, 3.5, 9, 3.75], "texture": "#0"},
				"west": {"uv": [3.75, 8.75, 4, 9], "texture": "#0"},
				"up": {"uv": [9, 4, 8.75, 3.75], "texture": "#0"},
				"down": {"uv": [4.25, 8.75, 4, 9], "texture": "#0"}
			}
		},
		{
			"from": [7.625, 25.525, 7.975],
			"to": [8.375, 25.6, 8.025],
			"rotation": {"angle": 0, "axis": "y", "origin": [0, 17.3, 0]},
			"faces": {
				"north": {"uv": [8.75, 4, 9, 4.25], "texture": "#0"},
				"east": {"uv": [4.25, 8.75, 4.5, 9], "texture": "#0"},
				"south": {"uv": [8.75, 4.25, 9, 4.5], "texture": "#0"},
				"west": {"uv": [4.5, 8.75, 4.75, 9], "texture": "#0"},
				"up": {"uv": [9, 4.75, 8.75, 4.5], "texture": "#0"},
				"down": {"uv": [5, 8.75, 4.75, 9], "texture": "#0"}
			}
		},
		{
			"from": [7.6, 25.45, 7.975],
			"to": [8.4, 25.525, 8.025],
			"rotation": {"angle": 0, "axis": "y", "origin": [0, 17.3, 0]},
			"faces": {
				"north": {"uv": [8.75, 4.75, 9, 5], "texture": "#0"},
				"east": {"uv": [5, 8.75, 5.25, 9], "texture": "#0"},
				"south": {"uv": [8.75, 5, 9, 5.25], "texture": "#0"},
				"west": {"uv": [5.25, 8.75, 5.5, 9], "texture": "#0"},
				"up": {"uv": [9, 5.5, 8.75, 5.25], "texture": "#0"},
				"down": {"uv": [5.75, 8.75, 5.5, 9], "texture": "#0"}
			}
		},
		{
			"from": [7.575, 25.375, 7.975],
			"to": [8.425, 25.45, 8.025],
			"rotation": {"angle": 0, "axis": "y", "origin": [0, 17.3, 0]},
			"faces": {
				"north": {"uv": [8.75, 5.5, 9, 5.75], "texture": "#0"},
				"east": {"uv": [5.75, 8.75, 6, 9], "texture": "#0"},
				"south": {"uv": [8.75, 5.75, 9, 6], "texture": "#0"},
				"west": {"uv": [6, 8.75, 6.25, 9], "texture": "#0"},
				"up": {"uv": [9, 6.25, 8.75, 6], "texture": "#0"},
				"down": {"uv": [6.5, 8.75, 6.25, 9], "texture": "#0"}
			}
		},
		{
			"from": [7.55, 25.3, 7.975],
			"to": [8.45, 25.375, 8.025],
			"rotation": {"angle": 0, "axis": "y", "origin": [0, 17.3, 0]},
			"faces": {
				"north": {"uv": [8.75, 6.25, 9, 6.5], "texture": "#0"},
				"east": {"uv": [6.5, 8.75, 6.75, 9], "texture": "#0"},
				"south": {"uv": [8.75, 6.5, 9, 6.75], "texture": "#0"},
				"west": {"uv": [6.75, 8.75, 7, 9], "texture": "#0"},
				"up": {"uv": [9, 7, 8.75, 6.75], "texture": "#0"},
				"down": {"uv": [7.25, 8.75, 7, 9], "texture": "#0"}
			}
		},
		{
			"from": [7.525, 25.225, 7.975],
			"to": [8.475, 25.3, 8.025],
			"rotation": {"angle": 0, "axis": "y", "origin": [0, 17.3, 0]},
			"faces": {
				"north": {"uv": [8.75, 7, 9, 7.25], "texture": "#0"},
				"east": {"uv": [7.25, 8.75, 7.5, 9], "texture": "#0"},
				"south": {"uv": [8.75, 7.25, 9, 7.5], "texture": "#0"},
				"west": {"uv": [7.5, 8.75, 7.75, 9], "texture": "#0"},
				"up": {"uv": [9, 7.75, 8.75, 7.5], "texture": "#0"},
				"down": {"uv": [8, 8.75, 7.75, 9], "texture": "#0"}
			}
		},
		{
			"from": [7.5, 25.15, 7.975],
			"to": [8.5, 25.225, 8.025],
			"rotation": {"angle": 0, "axis": "y", "origin": [0, 17.3, 0]},
			"faces": {
				"north": {"uv": [8.75, 7.75, 9, 8], "texture": "#0"},
				"east": {"uv": [8, 8.75, 8.25, 9], "texture": "#0"},
				"south": {"uv": [8.75, 8, 9, 8.25], "texture": "#0"},
				"west": {"uv": [8.25, 8.75, 8.5, 9], "texture": "#0"},
				"up": {"uv": [9, 8.5, 8.75, 8.25], "texture": "#0"},
				"down": {"uv": [8.75, 8.75, 8.5, 9], "texture": "#0"}
			}
		},
		{
			"from": [7.475, 25.075, 7.975],
			"to": [8.525, 25.15, 8.025],
			"rotation": {"angle": 0, "axis": "y", "origin": [0, 17.3, 0]},
			"faces": {
				"north": {"uv": [8.75, 8.5, 9, 8.75], "texture": "#0"},
				"east": {"uv": [8.75, 8.75, 9, 9], "texture": "#0"},
				"south": {"uv": [0, 9, 0.25, 9.25], "texture": "#0"},
				"west": {"uv": [9, 0, 9.25, 0.25], "texture": "#0"},
				"up": {"uv": [0.5, 9.25, 0.25, 9], "texture": "#0"},
				"down": {"uv": [9.25, 0.25, 9, 0.5], "texture": "#0"}
			}
		},
		{
			"from": [7.45, 25, 7.975],
			"to": [8.55, 25.075, 8.025],
			"rotation": {"angle": 0, "axis": "y", "origin": [0, 17.3, 0]},
			"faces": {
				"north": {"uv": [0.5, 9, 0.75, 9.25], "texture": "#0"},
				"east": {"uv": [9, 0.5, 9.25, 0.75], "texture": "#0"},
				"south": {"uv": [0.75, 9, 1, 9.25], "texture": "#0"},
				"west": {"uv": [9, 0.75, 9.25, 1], "texture": "#0"},
				"up": {"uv": [1.25, 9.25, 1, 9], "texture": "#0"},
				"down": {"uv": [9.25, 1, 9, 1.25], "texture": "#0"}
			}
		},
		{
			"from": [7.425, 24.925, 7.975],
			"to": [8.575, 25, 8.025],
			"rotation": {"angle": 0, "axis": "y", "origin": [0, 17.3, 0]},
			"faces": {
				"north": {"uv": [1.25, 9, 1.5, 9.25], "texture": "#0"},
				"east": {"uv": [9, 1.25, 9.25, 1.5], "texture": "#0"},
				"south": {"uv": [1.5, 9, 1.75, 9.25], "texture": "#0"},
				"west": {"uv": [9, 1.5, 9.25, 1.75], "texture": "#0"},
				"up": {"uv": [2, 9.25, 1.75, 9], "texture": "#0"},
				"down": {"uv": [9.25, 1.75, 9, 2], "texture": "#0"}
			}
		},
		{
			"from": [7.4, 24.85, 7.975],
			"to": [8.6, 24.925, 8.025],
			"rotation": {"angle": 0, "axis": "y", "origin": [0, 17.3, 0]},
			"faces": {
				"north": {"uv": [2, 9, 2.25, 9.25], "texture": "#0"},
				"east": {"uv": [9, 2, 9.25, 2.25], "texture": "#0"},
				"south": {"uv": [2.25, 9, 2.5, 9.25], "texture": "#0"},
				"west": {"uv": [9, 2.25, 9.25, 2.5], "texture": "#0"},
				"up": {"uv": [2.75, 9.25, 2.5, 9], "texture": "#0"},
				"down": {"uv": [9.25, 2.5, 9, 2.75], "texture": "#0"}
			}
		},
		{
			"from": [7.375, 24.775, 7.975],
			"to": [8.625, 24.85, 8.025],
			"rotation": {"angle": 0, "axis": "y", "origin": [0, 17.3, 0]},
			"faces": {
				"north": {"uv": [2.75, 9, 3, 9.25], "texture": "#0"},
				"east": {"uv": [9, 2.75, 9.25, 3], "texture": "#0"},
				"south": {"uv": [3, 9, 3.25, 9.25], "texture": "#0"},
				"west": {"uv": [9, 3, 9.25, 3.25], "texture": "#0"},
				"up": {"uv": [3.5, 9.25, 3.25, 9], "texture": "#0"},
				"down": {"uv": [9.25, 3.25, 9, 3.5], "texture": "#0"}
			}
		},
		{
			"from": [7.35, 24.7, 7.975],
			"to": [8.65, 24.775, 8.025],
			"rotation": {"angle": 0, "axis": "y", "origin": [0, 17.3, 0]},
			"faces": {
				"north": {"uv": [3.5, 9, 3.75, 9.25], "texture": "#0"},
				"east": {"uv": [9, 3.5, 9.25, 3.75], "texture": "#0"},
				"south": {"uv": [3.75, 9, 4, 9.25], "texture": "#0"},
				"west": {"uv": [9, 3.75, 9.25, 4], "texture": "#0"},
				"up": {"uv": [4.25, 9.25, 4, 9], "texture": "#0"},
				"down": {"uv": [9.25, 4, 9, 4.25], "texture": "#0"}
			}
		},
		{
			"from": [8.507, 23, 7.9755],
			"to": [8.657, 24.7, 8.0505],
			"rotation": {"angle": 22.5, "axis": "y", "origin": [8.6, 23.95, 8]},
			"faces": {
				"north": {"uv": [7, 5, 7.25, 5.5], "texture": "#0"},
				"east": {"uv": [5.5, 7, 5.75, 7.5], "texture": "#0"},
				"south": {"uv": [7, 5.5, 7.25, 6], "texture": "#0"},
				"west": {"uv": [5.75, 7, 6, 7.5], "texture": "#0"},
				"up": {"uv": [4.5, 9.25, 4.25, 9], "texture": "#0"},
				"down": {"uv": [9.25, 4.25, 9, 4.5], "texture": "#0"}
			}
		},
		{
			"from": [8.5, 23, 7.9125],
			"to": [8.65, 24.7, 7.9875],
			"rotation": {"angle": -22.5, "axis": "y", "origin": [8.5, 23.95, 8]},
			"faces": {
				"north": {"uv": [6, 7, 6.25, 7.5], "texture": "#0"},
				"east": {"uv": [7, 6, 7.25, 6.5], "texture": "#0"},
				"south": {"uv": [6.25, 7, 6.5, 7.5], "texture": "#0"},
				"west": {"uv": [6.5, 7, 6.75, 7.5], "texture": "#0"},
				"up": {"uv": [4.75, 9.25, 4.5, 9], "texture": "#0"},
				"down": {"uv": [9.25, 4.5, 9, 4.75], "texture": "#0"}
			}
		},
		{
			"from": [7.45, 23, 7.925],
			"to": [8.55, 24.7, 8.075],
			"rotation": {"angle": 0, "axis": "y", "origin": [0, 15.4, 0]},
			"faces": {
				"north": {"uv": [7, 6.5, 7.25, 7], "texture": "#0"},
				"east": {"uv": [6.75, 7, 7, 7.5], "texture": "#0"},
				"south": {"uv": [7, 7, 7.25, 7.5], "texture": "#0"},
				"west": {"uv": [7.25, 0, 7.5, 0.5], "texture": "#0"},
				"up": {"uv": [5, 9.25, 4.75, 9], "texture": "#0"},
				"down": {"uv": [9.25, 4.75, 9, 5], "texture": "#0"}
			}
		},
		{
			"from": [7.85, 23, 7.875],
			"to": [8.15, 24.7, 8.125],
			"rotation": {"angle": 0, "axis": "y", "origin": [0, 15.4, 0]},
			"faces": {
				"north": {"uv": [7.25, 0.5, 7.5, 1], "texture": "#0"},
				"east": {"uv": [7.25, 1, 7.5, 1.5], "texture": "#0"},
				"south": {"uv": [7.25, 1.5, 7.5, 2], "texture": "#0"},
				"west": {"uv": [7.25, 2, 7.5, 2.5], "texture": "#0"},
				"up": {"uv": [5.25, 9.25, 5, 9], "texture": "#0"},
				"down": {"uv": [9.25, 5, 9, 5.25], "texture": "#0"}
			}
		},
		{
			"from": [7.725, 23, 7.9],
			"to": [8.275, 24.7, 8.1],
			"rotation": {"angle": 0, "axis": "y", "origin": [0, 15.4, 0]},
			"faces": {
				"north": {"uv": [7.25, 2.5, 7.5, 3], "texture": "#0"},
				"east": {"uv": [3.25, 7.25, 3.5, 7.75], "texture": "#0"},
				"south": {"uv": [3.5, 7.25, 3.75, 7.75], "texture": "#0"},
				"west": {"uv": [3.75, 7.25, 4, 7.75], "texture": "#0"},
				"up": {"uv": [5.5, 9.25, 5.25, 9], "texture": "#0"},
				"down": {"uv": [9.25, 5.25, 9, 5.5], "texture": "#0"}
			}
		},
		{
			"from": [7.975, 25.9, 7.95],
			"to": [8.025, 26.1, 8.075],
			"rotation": {"angle": 0, "axis": "y", "origin": [0, 15.4, 0]},
			"faces": {
				"north": {"uv": [5.5, 9, 5.75, 9.25], "texture": "#0"},
				"east": {"uv": [9, 5.5, 9.25, 5.75], "texture": "#0"},
				"south": {"uv": [5.75, 9, 6, 9.25], "texture": "#0"},
				"west": {"uv": [9, 5.75, 9.25, 6], "texture": "#0"},
				"up": {"uv": [6.25, 9.25, 6, 9], "texture": "#0"},
				"down": {"uv": [9.25, 6, 9, 6.25], "texture": "#0"}
			}
		},
		{
			"from": [7.9, 25.5, 7.95],
			"to": [8.1, 25.9, 8.075],
			"rotation": {"angle": 0, "axis": "y", "origin": [0, 15.4, 0]},
			"faces": {
				"north": {"uv": [6.25, 9, 6.5, 9.25], "texture": "#0"},
				"east": {"uv": [9, 6.25, 9.25, 6.5], "texture": "#0"},
				"south": {"uv": [6.5, 9, 6.75, 9.25], "texture": "#0"},
				"west": {"uv": [9, 6.5, 9.25, 6.75], "texture": "#0"},
				"up": {"uv": [7, 9.25, 6.75, 9], "texture": "#0"},
				"down": {"uv": [9.25, 6.75, 9, 7], "texture": "#0"}
			}
		},
		{
			"from": [7.825, 25.1, 7.95],
			"to": [8.175, 25.5, 8.075],
			"rotation": {"angle": 0, "axis": "y", "origin": [0, 15.4, 0]},
			"faces": {
				"north": {"uv": [7, 9, 7.25, 9.25], "texture": "#0"},
				"east": {"uv": [9, 7, 9.25, 7.25], "texture": "#0"},
				"south": {"uv": [7.25, 9, 7.5, 9.25], "texture": "#0"},
				"west": {"uv": [9, 7.25, 9.25, 7.5], "texture": "#0"},
				"up": {"uv": [7.75, 9.25, 7.5, 9], "texture": "#0"},
				"down": {"uv": [9.25, 7.5, 9, 7.75], "texture": "#0"}
			}
		},
		{
			"from": [7.9875, 25.5, 7.925],
			"to": [8.0125, 25.9, 8.1],
			"rotation": {"angle": 0, "axis": "y", "origin": [0, 15.4, 0]},
			"faces": {
				"north": {"uv": [7.75, 9, 8, 9.25], "texture": "#0"},
				"east": {"uv": [9, 7.75, 9.25, 8], "texture": "#0"},
				"south": {"uv": [8, 9, 8.25, 9.25], "texture": "#0"},
				"west": {"uv": [9, 8, 9.25, 8.25], "texture": "#0"},
				"up": {"uv": [8.5, 9.25, 8.25, 9], "texture": "#0"},
				"down": {"uv": [9.25, 8.25, 9, 8.5], "texture": "#0"}
			}
		},
		{
			"from": [7.925, 25.1, 7.925],
			"to": [8.075, 25.5, 8.1],
			"rotation": {"angle": 0, "axis": "y", "origin": [0, 15.4, 0]},
			"faces": {
				"north": {"uv": [8.5, 9, 8.75, 9.25], "texture": "#0"},
				"east": {"uv": [9, 8.5, 9.25, 8.75], "texture": "#0"},
				"south": {"uv": [8.75, 9, 9, 9.25], "texture": "#0"},
				"west": {"uv": [9, 8.75, 9.25, 9], "texture": "#0"},
				"up": {"uv": [9.25, 9.25, 9, 9], "texture": "#0"},
				"down": {"uv": [0.25, 9.25, 0, 9.5], "texture": "#0"}
			}
		},
		{
			"from": [7.95, 24.7, 7.9],
			"to": [8.05, 25.1, 8.125],
			"rotation": {"angle": 0, "axis": "y", "origin": [0, 15.4, 0]},
			"faces": {
				"north": {"uv": [9.25, 0, 9.5, 0.25], "texture": "#0"},
				"east": {"uv": [0.25, 9.25, 0.5, 9.5], "texture": "#0"},
				"south": {"uv": [9.25, 0.25, 9.5, 0.5], "texture": "#0"},
				"west": {"uv": [0.5, 9.25, 0.75, 9.5], "texture": "#0"},
				"up": {"uv": [9.5, 0.75, 9.25, 0.5], "texture": "#0"},
				"down": {"uv": [1, 9.25, 0.75, 9.5], "texture": "#0"}
			}
		},
		{
			"from": [7.875, 24.7, 7.925],
			"to": [8.125, 25.1, 8.1],
			"rotation": {"angle": 0, "axis": "y", "origin": [0, 15.4, 0]},
			"faces": {
				"north": {"uv": [9.25, 0.75, 9.5, 1], "texture": "#0"},
				"east": {"uv": [1, 9.25, 1.25, 9.5], "texture": "#0"},
				"south": {"uv": [9.25, 1, 9.5, 1.25], "texture": "#0"},
				"west": {"uv": [1.25, 9.25, 1.5, 9.5], "texture": "#0"},
				"up": {"uv": [9.5, 1.5, 9.25, 1.25], "texture": "#0"},
				"down": {"uv": [1.75, 9.25, 1.5, 9.5], "texture": "#0"}
			}
		},
		{
			"from": [7.75, 24.7, 7.95],
			"to": [8.25, 25.1, 8.075],
			"rotation": {"angle": 0, "axis": "y", "origin": [0, 15.4, 0]},
			"faces": {
				"north": {"uv": [9.25, 1.5, 9.5, 1.75], "texture": "#0"},
				"east": {"uv": [1.75, 9.25, 2, 9.5], "texture": "#0"},
				"south": {"uv": [9.25, 1.75, 9.5, 2], "texture": "#0"},
				"west": {"uv": [2, 9.25, 2.25, 9.5], "texture": "#0"},
				"up": {"uv": [9.5, 2.25, 9.25, 2], "texture": "#0"},
				"down": {"uv": [2.5, 9.25, 2.25, 9.5], "texture": "#0"}
			}
		},
		{
			"from": [7.475, 24.7, 7.95],
			"to": [8.525, 24.9, 8.05],
			"rotation": {"angle": 0, "axis": "y", "origin": [0, 15.4, 0]},
			"faces": {
				"north": {"uv": [9.25, 2.25, 9.5, 2.5], "texture": "#0"},
				"east": {"uv": [2.5, 9.25, 2.75, 9.5], "texture": "#0"},
				"south": {"uv": [9.25, 2.5, 9.5, 2.75], "texture": "#0"},
				"west": {"uv": [2.75, 9.25, 3, 9.5], "texture": "#0"},
				"up": {"uv": [9.5, 3, 9.25, 2.75], "texture": "#0"},
				"down": {"uv": [3.25, 9.25, 3, 9.5], "texture": "#0"}
			}
		},
		{
			"from": [7.95, 26.1, 7.95],
			"to": [8.05, 26.3, 8.05],
			"rotation": {"angle": 0, "axis": "y", "origin": [0, 15.4, 0]},
			"faces": {
				"north": {"uv": [9.25, 3, 9.5, 3.25], "texture": "#0"},
				"east": {"uv": [3.25, 9.25, 3.5, 9.5], "texture": "#0"},
				"south": {"uv": [9.25, 3.25, 9.5, 3.5], "texture": "#0"},
				"west": {"uv": [3.5, 9.25, 3.75, 9.5], "texture": "#0"},
				"up": {"uv": [9.5, 3.75, 9.25, 3.5], "texture": "#0"},
				"down": {"uv": [4, 9.25, 3.75, 9.5], "texture": "#0"}
			}
		},
		{
			"from": [7.875, 25.9, 7.95],
			"to": [8.125, 26.1, 8.05],
			"rotation": {"angle": 0, "axis": "y", "origin": [0, 15.4, 0]},
			"faces": {
				"north": {"uv": [9.25, 3.75, 9.5, 4], "texture": "#0"},
				"east": {"uv": [4, 9.25, 4.25, 9.5], "texture": "#0"},
				"south": {"uv": [9.25, 4, 9.5, 4.25], "texture": "#0"},
				"west": {"uv": [4.25, 9.25, 4.5, 9.5], "texture": "#0"},
				"up": {"uv": [9.5, 4.5, 9.25, 4.25], "texture": "#0"},
				"down": {"uv": [4.75, 9.25, 4.5, 9.5], "texture": "#0"}
			}
		},
		{
			"from": [7.8, 25.7, 7.95],
			"to": [8.2, 25.9, 8.05],
			"rotation": {"angle": 0, "axis": "y", "origin": [0, 15.4, 0]},
			"faces": {
				"north": {"uv": [9.25, 4.5, 9.5, 4.75], "texture": "#0"},
				"east": {"uv": [4.75, 9.25, 5, 9.5], "texture": "#0"},
				"south": {"uv": [9.25, 4.75, 9.5, 5], "texture": "#0"},
				"west": {"uv": [5, 9.25, 5.25, 9.5], "texture": "#0"},
				"up": {"uv": [9.5, 5.25, 9.25, 5], "texture": "#0"},
				"down": {"uv": [5.5, 9.25, 5.25, 9.5], "texture": "#0"}
			}
		},
		{
			"from": [7.7, 25.5, 7.95],
			"to": [8.3, 25.7, 8.05],
			"rotation": {"angle": 0, "axis": "y", "origin": [0, 15.4, 0]},
			"faces": {
				"north": {"uv": [9.25, 5.25, 9.5, 5.5], "texture": "#0"},
				"east": {"uv": [5.5, 9.25, 5.75, 9.5], "texture": "#0"},
				"south": {"uv": [9.25, 5.5, 9.5, 5.75], "texture": "#0"},
				"west": {"uv": [5.75, 9.25, 6, 9.5], "texture": "#0"},
				"up": {"uv": [9.5, 6, 9.25, 5.75], "texture": "#0"},
				"down": {"uv": [6.25, 9.25, 6, 9.5], "texture": "#0"}
			}
		},
		{
			"from": [7.625, 25.3, 7.95],
			"to": [8.375, 25.5, 8.05],
			"rotation": {"angle": 0, "axis": "y", "origin": [0, 15.4, 0]},
			"faces": {
				"north": {"uv": [9.25, 6, 9.5, 6.25], "texture": "#0"},
				"east": {"uv": [6.25, 9.25, 6.5, 9.5], "texture": "#0"},
				"south": {"uv": [9.25, 6.25, 9.5, 6.5], "texture": "#0"},
				"west": {"uv": [6.5, 9.25, 6.75, 9.5], "texture": "#0"},
				"up": {"uv": [9.5, 6.75, 9.25, 6.5], "texture": "#0"},
				"down": {"uv": [7, 9.25, 6.75, 9.5], "texture": "#0"}
			}
		},
		{
			"from": [7.575, 25.1, 7.95],
			"to": [8.425, 25.3, 8.05],
			"rotation": {"angle": 0, "axis": "y", "origin": [0, 15.4, 0]},
			"faces": {
				"north": {"uv": [9.25, 6.75, 9.5, 7], "texture": "#0"},
				"east": {"uv": [7, 9.25, 7.25, 9.5], "texture": "#0"},
				"south": {"uv": [9.25, 7, 9.5, 7.25], "texture": "#0"},
				"west": {"uv": [7.25, 9.25, 7.5, 9.5], "texture": "#0"},
				"up": {"uv": [9.5, 7.5, 9.25, 7.25], "texture": "#0"},
				"down": {"uv": [7.75, 9.25, 7.5, 9.5], "texture": "#0"}
			}
		},
		{
			"from": [7.525, 24.9, 7.95],
			"to": [8.475, 25.1, 8.05],
			"rotation": {"angle": 0, "axis": "y", "origin": [0, 15.4, 0]},
			"faces": {
				"north": {"uv": [9.25, 7.5, 9.5, 7.75], "texture": "#0"},
				"east": {"uv": [7.75, 9.25, 8, 9.5], "texture": "#0"},
				"south": {"uv": [9.25, 7.75, 9.5, 8], "texture": "#0"},
				"west": {"uv": [8, 9.25, 8.25, 9.5], "texture": "#0"},
				"up": {"uv": [9.5, 8.25, 9.25, 8], "texture": "#0"},
				"down": {"uv": [8.5, 9.25, 8.25, 9.5], "texture": "#0"}
			}
		},
		{
			"from": [7.325, 23, 7.975],
			"to": [8.675, 24.7, 8.025],
			"rotation": {"angle": 0, "axis": "y", "origin": [0, 15.4, 0]},
			"faces": {
				"north": {"uv": [4, 7.25, 4.25, 7.75], "texture": "#0"},
				"east": {"uv": [4.25, 7.25, 4.5, 7.75], "texture": "#0"},
				"south": {"uv": [4.5, 7.25, 4.75, 7.75], "texture": "#0"},
				"west": {"uv": [4.75, 7.25, 5, 7.75], "texture": "#0"},
				"up": {"uv": [9.5, 8.5, 9.25, 8.25], "texture": "#0"},
				"down": {"uv": [8.75, 9.25, 8.5, 9.5], "texture": "#0"}
			}
		},
		{
			"from": [7.33281, 23, 7.97271],
			"to": [7.48281, 24.7, 8.02271],
			"rotation": {"angle": -22.5, "axis": "y", "origin": [7.325, 23.95, 8.01]},
			"faces": {
				"north": {"uv": [5, 7.25, 5.25, 7.75], "texture": "#0"},
				"east": {"uv": [7.25, 5, 7.5, 5.5], "texture": "#0"},
				"south": {"uv": [5.25, 7.25, 5.5, 7.75], "texture": "#0"},
				"west": {"uv": [7.25, 5.5, 7.5, 6], "texture": "#0"},
				"up": {"uv": [9.5, 8.75, 9.25, 8.5], "texture": "#0"},
				"down": {"uv": [9, 9.25, 8.75, 9.5], "texture": "#0"}
			}
		},
		{
			"from": [7.33288, 23, 7.97873],
			"to": [7.48288, 24.7, 8.02873],
			"rotation": {"angle": 22.5, "axis": "y", "origin": [7.325, 23.95, 7.99]},
			"faces": {
				"north": {"uv": [7.25, 6, 7.5, 6.5], "texture": "#0"},
				"east": {"uv": [7.25, 6.5, 7.5, 7], "texture": "#0"},
				"south": {"uv": [7.25, 7, 7.5, 7.5], "texture": "#0"},
				"west": {"uv": [7.5, 0, 7.75, 0.5], "texture": "#0"},
				"up": {"uv": [9.5, 9, 9.25, 8.75], "texture": "#0"},
				"down": {"uv": [9.25, 9.25, 9, 9.5], "texture": "#0"}
			}
		},
		{
			"from": [8.532, 19.2, 8.013],
			"to": [8.682, 23, 8.088],
			"rotation": {"angle": 22.5, "axis": "y", "origin": [8.6, 20.15, 8]},
			"faces": {
				"north": {"uv": [6.25, 1, 6.5, 2], "texture": "#0"},
				"east": {"uv": [6.25, 2, 6.5, 3], "texture": "#0"},
				"south": {"uv": [6.25, 3, 6.5, 4], "texture": "#0"},
				"west": {"uv": [6.25, 4, 6.5, 5], "texture": "#0"},
				"up": {"uv": [9.5, 9.25, 9.25, 9], "texture": "#0"},
				"down": {"uv": [9.5, 9.25, 9.25, 9.5], "texture": "#0"}
			}
		},
		{
			"from": [8.525, 19.2, 7.875],
			"to": [8.675, 23, 7.95],
			"rotation": {"angle": -22.5, "axis": "y", "origin": [8.5, 20.15, 8]},
			"faces": {
				"north": {"uv": [6.25, 5, 6.5, 6], "texture": "#0"},
				"east": {"uv": [6.25, 6, 6.5, 7], "texture": "#0"},
				"south": {"uv": [6.5, 0, 6.75, 1], "texture": "#0"},
				"west": {"uv": [0.5, 6.5, 0.75, 7.5], "texture": "#0"},
				"up": {"uv": [0.25, 9.75, 0, 9.5], "texture": "#0"},
				"down": {"uv": [9.75, 0, 9.5, 0.25], "texture": "#0"}
			}
		},
		{
			"from": [7.425, 19.2, 7.9],
			"to": [8.575, 23, 8.1],
			"rotation": {"angle": 0, "axis": "y", "origin": [0, 11.6, 0]},
			"faces": {
				"north": {"uv": [0.75, 6.5, 1, 7.5], "texture": "#0"},
				"east": {"uv": [1, 6.5, 1.25, 7.5], "texture": "#0"},
				"south": {"uv": [6.5, 1, 6.75, 2], "texture": "#0"},
				"west": {"uv": [1.25, 6.5, 1.5, 7.5], "texture": "#0"},
				"up": {"uv": [0.5, 9.75, 0.25, 9.5], "texture": "#0"},
				"down": {"uv": [9.75, 0.25, 9.5, 0.5], "texture": "#0"}
			}
		},
		{
			"from": [7.925, 19.2, 7.825],
			"to": [8.075, 23, 8.175],
			"rotation": {"angle": 0, "axis": "y", "origin": [0, 11.6, 0]},
			"faces": {
				"north": {"uv": [1.5, 6.5, 1.75, 7.5], "texture": "#0"},
				"east": {"uv": [1.75, 6.5, 2, 7.5], "texture": "#0"},
				"south": {"uv": [2, 6.5, 2.25, 7.5], "texture": "#0"},
				"west": {"uv": [6.5, 2, 6.75, 3], "texture": "#0"},
				"up": {"uv": [0.75, 9.75, 0.5, 9.5], "texture": "#0"},
				"down": {"uv": [9.75, 0.5, 9.5, 0.75], "texture": "#0"}
			}
		},
		{
			"from": [7.775, 19.2, 7.85],
			"to": [8.225, 23, 8.15],
			"rotation": {"angle": 0, "axis": "y", "origin": [0, 11.6, 0]},
			"faces": {
				"north": {"uv": [2.25, 6.5, 2.5, 7.5], "texture": "#0"},
				"east": {"uv": [2.5, 6.5, 2.75, 7.5], "texture": "#0"},
				"south": {"uv": [2.75, 6.5, 3, 7.5], "texture": "#0"},
				"west": {"uv": [3, 6.5, 3.25, 7.5], "texture": "#0"},
				"up": {"uv": [1, 9.75, 0.75, 9.5], "texture": "#0"},
				"down": {"uv": [9.75, 0.75, 9.5, 1], "texture": "#0"}
			}
		},
		{
			"from": [7.625, 19.2, 7.875],
			"to": [8.375, 23, 8.125],
			"rotation": {"angle": 0, "axis": "y", "origin": [0, 11.6, 0]},
			"faces": {
				"north": {"uv": [6.5, 3, 6.75, 4], "texture": "#0"},
				"east": {"uv": [6.5, 4, 6.75, 5], "texture": "#0"},
				"south": {"uv": [6.5, 5, 6.75, 6], "texture": "#0"},
				"west": {"uv": [6.5, 6, 6.75, 7], "texture": "#0"},
				"up": {"uv": [1.25, 9.75, 1, 9.5], "texture": "#0"},
				"down": {"uv": [9.75, 1, 9.5, 1.25], "texture": "#0"}
			}
		},
		{
			"from": [7.2875, 19.2, 7.95],
			"to": [8.7125, 23, 8.05],
			"rotation": {"angle": 0, "axis": "y", "origin": [0, 11.6, 0]},
			"faces": {
				"north": {"uv": [0, 6.75, 0.25, 7.75], "texture": "#0"},
				"east": {"uv": [6.75, 0, 7, 1], "texture": "#0"},
				"south": {"uv": [0.25, 6.75, 0.5, 7.75], "texture": "#0"},
				"west": {"uv": [6.75, 1, 7, 2], "texture": "#0"},
				"up": {"uv": [1.5, 9.75, 1.25, 9.5], "texture": "#0"},
				"down": {"uv": [9.75, 1.25, 9.5, 1.5], "texture": "#0"}
			}
		},
		{
			"from": [7.30781, 19.2, 7.98521],
			"to": [7.45781, 23, 8.06021],
			"rotation": {"angle": -22.5, "axis": "y", "origin": [7.325, 20.15, 8.01]},
			"faces": {
				"north": {"uv": [6.75, 2, 7, 3], "texture": "#0"},
				"east": {"uv": [6.75, 3, 7, 4], "texture": "#0"},
				"south": {"uv": [6.75, 4, 7, 5], "texture": "#0"},
				"west": {"uv": [6.75, 5, 7, 6], "texture": "#0"},
				"up": {"uv": [1.75, 9.75, 1.5, 9.5], "texture": "#0"},
				"down": {"uv": [9.75, 1.5, 9.5, 1.75], "texture": "#0"}
			}
		},
		{
			"from": [7.30788, 19.2, 7.94123],
			"to": [7.45788, 23, 8.01623],
			"rotation": {"angle": 22.5, "axis": "y", "origin": [7.325, 20.15, 7.99]},
			"faces": {
				"north": {"uv": [6.75, 6, 7, 7], "texture": "#0"},
				"east": {"uv": [7, 0, 7.25, 1], "texture": "#0"},
				"south": {"uv": [7, 1, 7.25, 2], "texture": "#0"},
				"west": {"uv": [7, 2, 7.25, 3], "texture": "#0"},
				"up": {"uv": [2, 9.75, 1.75, 9.5], "texture": "#0"},
				"down": {"uv": [9.75, 1.75, 9.5, 2], "texture": "#0"}
			}
		},
		{
			"from": [7.375, 6.7, 7.625],
			"to": [8.625, 6.8, 8.375],
			"rotation": {"angle": 0, "axis": "y", "origin": [8, 9, 8]},
			"faces": {
				"north": {"uv": [2, 9.5, 2.25, 9.75], "texture": "#0"},
				"east": {"uv": [9.5, 2, 9.75, 2.25], "texture": "#0"},
				"south": {"uv": [2.25, 9.5, 2.5, 9.75], "texture": "#0"},
				"west": {"uv": [9.5, 2.25, 9.75, 2.5], "texture": "#0"},
				"up": {"uv": [2.75, 9.75, 2.5, 9.5], "texture": "#0"},
				"down": {"uv": [9.75, 2.5, 9.5, 2.75], "texture": "#0"}
			}
		},
		{
			"from": [11, 6.825, 7.7],
			"to": [11.1, 7.575, 8.3],
			"rotation": {"angle": 0, "axis": "y", "origin": [11.25, 7.2, 8]},
			"faces": {
				"north": {"uv": [2.75, 9.5, 3, 9.75], "texture": "#0"},
				"east": {"uv": [9.5, 2.75, 9.75, 3], "texture": "#0"},
				"south": {"uv": [3, 9.5, 3.25, 9.75], "texture": "#0"},
				"west": {"uv": [9.5, 3, 9.75, 3.25], "texture": "#0"},
				"up": {"uv": [3.5, 9.75, 3.25, 9.5], "texture": "#0"},
				"down": {"uv": [9.75, 3.25, 9.5, 3.5], "texture": "#0"}
			}
		},
		{
			"from": [11.4, 6.825, 7.8],
			"to": [11.5, 7.575, 8.2],
			"rotation": {"angle": 0, "axis": "y", "origin": [11.25, 7.2, 8]},
			"faces": {
				"north": {"uv": [3.5, 9.5, 3.75, 9.75], "texture": "#0"},
				"east": {"uv": [9.5, 3.5, 9.75, 3.75], "texture": "#0"},
				"south": {"uv": [3.75, 9.5, 4, 9.75], "texture": "#0"},
				"west": {"uv": [9.5, 3.75, 9.75, 4], "texture": "#0"},
				"up": {"uv": [4.25, 9.75, 4, 9.5], "texture": "#0"},
				"down": {"uv": [9.75, 4, 9.5, 4.25], "texture": "#0"}
			}
		},
		{
			"from": [11.3, 6.825, 7.775],
			"to": [11.4, 7.575, 8.225],
			"rotation": {"angle": 0, "axis": "y", "origin": [11.25, 7.2, 8]},
			"faces": {
				"north": {"uv": [4.25, 9.5, 4.5, 9.75], "texture": "#0"},
				"east": {"uv": [9.5, 4.25, 9.75, 4.5], "texture": "#0"},
				"south": {"uv": [4.5, 9.5, 4.75, 9.75], "texture": "#0"},
				"west": {"uv": [9.5, 4.5, 9.75, 4.75], "texture": "#0"},
				"up": {"uv": [5, 9.75, 4.75, 9.5], "texture": "#0"},
				"down": {"uv": [9.75, 4.75, 9.5, 5], "texture": "#0"}
			}
		},
		{
			"from": [11.2, 6.825, 7.75],
			"to": [11.3, 7.575, 8.25],
			"rotation": {"angle": 0, "axis": "y", "origin": [11.25, 7.2, 8]},
			"faces": {
				"north": {"uv": [5, 9.5, 5.25, 9.75], "texture": "#0"},
				"east": {"uv": [9.5, 5, 9.75, 5.25], "texture": "#0"},
				"south": {"uv": [5.25, 9.5, 5.5, 9.75], "texture": "#0"},
				"west": {"uv": [9.5, 5.25, 9.75, 5.5], "texture": "#0"},
				"up": {"uv": [5.75, 9.75, 5.5, 9.5], "texture": "#0"},
				"down": {"uv": [9.75, 5.5, 9.5, 5.75], "texture": "#0"}
			}
		},
		{
			"from": [11.1, 6.825, 7.725],
			"to": [11.2, 7.575, 8.275],
			"rotation": {"angle": 0, "axis": "y", "origin": [11.25, 7.2, 8]},
			"faces": {
				"north": {"uv": [5.75, 9.5, 6, 9.75], "texture": "#0"},
				"east": {"uv": [9.5, 5.75, 9.75, 6], "texture": "#0"},
				"south": {"uv": [6, 9.5, 6.25, 9.75], "texture": "#0"},
				"west": {"uv": [9.5, 6, 9.75, 6.25], "texture": "#0"},
				"up": {"uv": [6.5, 9.75, 6.25, 9.5], "texture": "#0"},
				"down": {"uv": [9.75, 6.25, 9.5, 6.5], "texture": "#0"}
			}
		},
		{
			"from": [10.5, 6.8, 7.675],
			"to": [11, 7.6, 8.325],
			"rotation": {"angle": 0, "axis": "y", "origin": [8, 9, 8]},
			"faces": {
				"north": {"uv": [6.5, 9.5, 6.75, 9.75], "texture": "#0"},
				"east": {"uv": [9.5, 6.5, 9.75, 6.75], "texture": "#0"},
				"south": {"uv": [6.75, 9.5, 7, 9.75], "texture": "#0"},
				"west": {"uv": [9.5, 6.75, 9.75, 7], "texture": "#0"},
				"up": {"uv": [7.25, 9.75, 7, 9.5], "texture": "#0"},
				"down": {"uv": [9.75, 7, 9.5, 7.25], "texture": "#0"}
			}
		},
		{
			"from": [10, 6.8, 7.65],
			"to": [10.5, 7.6, 8.35],
			"rotation": {"angle": 0, "axis": "y", "origin": [8, 9, 8]},
			"faces": {
				"north": {"uv": [7.25, 9.5, 7.5, 9.75], "texture": "#0"},
				"east": {"uv": [9.5, 7.25, 9.75, 7.5], "texture": "#0"},
				"south": {"uv": [7.5, 9.5, 7.75, 9.75], "texture": "#0"},
				"west": {"uv": [9.5, 7.5, 9.75, 7.75], "texture": "#0"},
				"up": {"uv": [8, 9.75, 7.75, 9.5], "texture": "#0"},
				"down": {"uv": [9.75, 7.75, 9.5, 8], "texture": "#0"}
			}
		},
		{
			"from": [9.5, 6.8, 7.625],
			"to": [10, 7.6, 8.375],
			"rotation": {"angle": 0, "axis": "y", "origin": [8, 9, 8]},
			"faces": {
				"north": {"uv": [8, 9.5, 8.25, 9.75], "texture": "#0"},
				"east": {"uv": [9.5, 8, 9.75, 8.25], "texture": "#0"},
				"south": {"uv": [8.25, 9.5, 8.5, 9.75], "texture": "#0"},
				"west": {"uv": [9.5, 8.25, 9.75, 8.5], "texture": "#0"},
				"up": {"uv": [8.75, 9.75, 8.5, 9.5], "texture": "#0"},
				"down": {"uv": [9.75, 8.5, 9.5, 8.75], "texture": "#0"}
			}
		},
		{
			"from": [6.5, 6.8, 7.6],
			"to": [9.5, 7.6, 8.4],
			"rotation": {"angle": 0, "axis": "y", "origin": [8, 9, 8]},
			"faces": {
				"north": {"uv": [7, 3, 7.75, 3.25], "texture": "#0"},
				"east": {"uv": [8.75, 9.5, 9, 9.75], "texture": "#0"},
				"south": {"uv": [3.25, 7, 4, 7.25], "texture": "#0"},
				"west": {"uv": [9.5, 8.75, 9.75, 9], "texture": "#0"},
				"up": {"uv": [7.75, 3.5, 7, 3.25], "texture": "#0"},
				"down": {"uv": [7.75, 3.5, 7, 3.75], "texture": "#0"}
			}
		},
		{
			"from": [6, 6.8, 7.625],
			"to": [6.5, 7.6, 8.375],
			"rotation": {"angle": 0, "axis": "y", "origin": [8, 9, 8]},
			"faces": {
				"north": {"uv": [9, 9.5, 9.25, 9.75], "texture": "#0"},
				"east": {"uv": [9.5, 9, 9.75, 9.25], "texture": "#0"},
				"south": {"uv": [9.25, 9.5, 9.5, 9.75], "texture": "#0"},
				"west": {"uv": [9.5, 9.25, 9.75, 9.5], "texture": "#0"},
				"up": {"uv": [9.75, 9.75, 9.5, 9.5], "texture": "#0"},
				"down": {"uv": [0.25, 9.75, 0, 10], "texture": "#0"}
			}
		},
		{
			"from": [5.5, 6.8, 7.65],
			"to": [6, 7.6, 8.35],
			"rotation": {"angle": 0, "axis": "y", "origin": [8, 9, 8]},
			"faces": {
				"north": {"uv": [9.75, 0, 10, 0.25], "texture": "#0"},
				"east": {"uv": [0.25, 9.75, 0.5, 10], "texture": "#0"},
				"south": {"uv": [9.75, 0.25, 10, 0.5], "texture": "#0"},
				"west": {"uv": [0.5, 9.75, 0.75, 10], "texture": "#0"},
				"up": {"uv": [10, 0.75, 9.75, 0.5], "texture": "#0"},
				"down": {"uv": [1, 9.75, 0.75, 10], "texture": "#0"}
			}
		},
		{
			"from": [5, 6.8, 7.675],
			"to": [5.5, 7.6, 8.325],
			"rotation": {"angle": 0, "axis": "y", "origin": [8, 9, 8]},
			"faces": {
				"north": {"uv": [9.75, 0.75, 10, 1], "texture": "#0"},
				"east": {"uv": [1, 9.75, 1.25, 10], "texture": "#0"},
				"south": {"uv": [9.75, 1, 10, 1.25], "texture": "#0"},
				"west": {"uv": [1.25, 9.75, 1.5, 10], "texture": "#0"},
				"up": {"uv": [10, 1.5, 9.75, 1.25], "texture": "#0"},
				"down": {"uv": [1.75, 9.75, 1.5, 10], "texture": "#0"}
			}
		},
		{
			"from": [4.9, 6.825, 7.7],
			"to": [5, 7.575, 8.3],
			"rotation": {"angle": 0, "axis": "y", "origin": [8, 9, 8]},
			"faces": {
				"north": {"uv": [9.75, 1.5, 10, 1.75], "texture": "#0"},
				"east": {"uv": [1.75, 9.75, 2, 10], "texture": "#0"},
				"south": {"uv": [9.75, 1.75, 10, 2], "texture": "#0"},
				"west": {"uv": [2, 9.75, 2.25, 10], "texture": "#0"},
				"up": {"uv": [10, 2.25, 9.75, 2], "texture": "#0"},
				"down": {"uv": [2.5, 9.75, 2.25, 10], "texture": "#0"}
			}
		},
		{
			"from": [4.8, 6.825, 7.725],
			"to": [4.9, 7.575, 8.275],
			"rotation": {"angle": 0, "axis": "y", "origin": [8, 9, 8]},
			"faces": {
				"north": {"uv": [9.75, 2.25, 10, 2.5], "texture": "#0"},
				"east": {"uv": [2.5, 9.75, 2.75, 10], "texture": "#0"},
				"south": {"uv": [9.75, 2.5, 10, 2.75], "texture": "#0"},
				"west": {"uv": [2.75, 9.75, 3, 10], "texture": "#0"},
				"up": {"uv": [10, 3, 9.75, 2.75], "texture": "#0"},
				"down": {"uv": [3.25, 9.75, 3, 10], "texture": "#0"}
			}
		},
		{
			"from": [4.7, 6.825, 7.75],
			"to": [4.8, 7.575, 8.25],
			"rotation": {"angle": 0, "axis": "y", "origin": [8, 9, 8]},
			"faces": {
				"north": {"uv": [9.75, 3, 10, 3.25], "texture": "#0"},
				"east": {"uv": [3.25, 9.75, 3.5, 10], "texture": "#0"},
				"south": {"uv": [9.75, 3.25, 10, 3.5], "texture": "#0"},
				"west": {"uv": [3.5, 9.75, 3.75, 10], "texture": "#0"},
				"up": {"uv": [10, 3.75, 9.75, 3.5], "texture": "#0"},
				"down": {"uv": [4, 9.75, 3.75, 10], "texture": "#0"}
			}
		},
		{
			"from": [4.6, 6.825, 7.775],
			"to": [4.7, 7.575, 8.225],
			"rotation": {"angle": 0, "axis": "y", "origin": [8, 9, 8]},
			"faces": {
				"north": {"uv": [1.25, 7.5, 1.5, 7.75], "texture": "#0"},
				"east": {"uv": [7.5, 1.25, 7.75, 1.5], "texture": "#0"},
				"south": {"uv": [1.5, 7.5, 1.75, 7.75], "texture": "#0"},
				"west": {"uv": [7.5, 1.5, 7.75, 1.75], "texture": "#0"},
				"up": {"uv": [2, 7.75, 1.75, 7.5], "texture": "#0"},
				"down": {"uv": [7.75, 1.75, 7.5, 2], "texture": "#0"}
			}
		},
		{
			"from": [4.5, 6.825, 7.8],
			"to": [4.6, 7.575, 8.2],
			"rotation": {"angle": 0, "axis": "y", "origin": [8, 9, 8]},
			"faces": {
				"north": {"uv": [0.5, 7.5, 0.75, 7.75], "texture": "#0"},
				"east": {"uv": [7.5, 0.5, 7.75, 0.75], "texture": "#0"},
				"south": {"uv": [0.75, 7.5, 1, 7.75], "texture": "#0"},
				"west": {"uv": [7.5, 0.75, 7.75, 1], "texture": "#0"},
				"up": {"uv": [1.25, 7.75, 1, 7.5], "texture": "#0"},
				"down": {"uv": [7.75, 1, 7.5, 1.25], "texture": "#0"}
			}
		}
	],
	"display": {
		"thirdperson_righthand": {
			"rotation": [0, -71, 0],
			"translation": [0, 1.25, 1.25],
			"scale": [0.8, 0.8, 0.8]
		},
		"thirdperson_lefthand": {
			"rotation": [0, 91, 180],
			"translation": [-1, -5.75, 1],
			"scale": [0.8, 0.8, 0.8]
		},
		"firstperson_righthand": {
			"rotation": [0, -77, 0],
			"translation": [-2.75, 5.25, 4.25],
			"scale": [0.5, 0.5, 0.5]
		},
		"firstperson_lefthand": {
			"rotation": [4, -93, -148],
			"translation": [-4.25, 1, 9.75],
			"scale": [0.5, 0.5, 0.5]
		},
		"ground": {
			"rotation": [56, 109, 86],
			"translation": [0, 7.5, 0],
			"scale": [0.8, 0.8, 0.8]
		},
		"gui": {
			"rotation": [0, 0, -45],
			"translation": [-2, -1.75, 0],
			"scale": [0.8, 0.7, 0.7]
		},
		"head": {
			"rotation": [0, 75, 142],
			"translation": [0, 14, -9.25],
			"scale": [1.5, 1.5, 1.5]
		},
		"fixed": {
			"rotation": [0, 0, 45],
			"translation": [2, -2.25, -0.5],
			"scale": [0.9, 0.8, 0.8]
		}
	},
	"groups": [
		0,
		1,
		2,
		3,
		4,
		5,
		6,
		7,
		{
			"name": "handle",
			"origin": [7.8, 3.35, 8],
			"color": 0,
			"children": [8, 9, 10, 11, 12, 13]
		},
		14,
		15,
		16,
		17,
		18,
		19,
		20,
		21,
		22,
		23,
		24,
		25,
		26,
		27,
		28,
		29,
		30,
		31,
		32,
		33,
		34,
		35,
		36,
		37,
		38,
		39,
		40,
		41,
		42,
		43,
		44,
		45,
		46,
		47,
		48,
		49,
		50,
		51,
		52,
		53,
		54,
		55,
		56,
		57,
		58,
		59,
		60,
		61,
		62,
		63,
		64,
		65,
		66,
		67,
		68,
		69,
		70,
		71,
		72,
		73,
		74,
		75,
		76,
		77,
		78,
		79,
		80,
		81,
		82,
		83,
		84,
		85,
		86,
		87,
		88,
		89,
		90,
		91,
		92,
		93,
		94,
		95,
		96,
		97,
		98,
		99,
		100,
		101,
		102,
		103,
		104,
		105,
		106,
		107,
		108,
		109,
		110,
		111,
		112,
		113,
		114,
		115,
		116,
		117,
		118,
		119,
		120,
		121,
		122,
		123,
		124,
		125,
		126,
		127,
		128,
		129,
		130,
		131,
		132,
		133,
		134,
		135,
		136,
		137,
		138,
		139,
		140,
		141,
		142,
		143
	]
}