{
	"credit": "Made by LongWayToHome",
	"texture_size": [64, 64],
	"textures": {
		"0": "item/ironaxe",
		"particle": "item/ironaxe"
	},
	"elements": [
		{
			"from": [7.45, 0.15, 8.55],
			"to": [8.55, 19.3, 8.95],
			"rotation": {"angle": 0, "axis": "y", "origin": [8, 9.8, 8]},
			"faces": {
				"north": {"uv": [3, 0, 3.25, 4.75], "texture": "#0"},
				"east": {"uv": [3.25, 0, 3.5, 4.75], "texture": "#0"},
				"south": {"uv": [3.5, 0, 3.75, 4.75], "texture": "#0"},
				"west": {"uv": [3.75, 0, 4, 4.75], "texture": "#0"},
				"up": {"uv": [2, 7.75, 1.75, 7.5], "texture": "#0"},
				"down": {"uv": [2.25, 7.5, 2, 7.75], "texture": "#0"}
			}
		},
		{
			"from": [7.45, 0.15, 7.05],
			"to": [8.55, 19.3, 7.55],
			"rotation": {"angle": 0, "axis": "y", "origin": [8, 9.8, 8]},
			"faces": {
				"north": {"uv": [4, 0, 4.25, 4.75], "texture": "#0"},
				"east": {"uv": [4.25, 0, 4.5, 4.75], "texture": "#0"},
				"south": {"uv": [4.5, 0, 4.75, 4.75], "texture": "#0"},
				"west": {"uv": [0, 4.75, 0.25, 9.5], "texture": "#0"},
				"up": {"uv": [7.75, 2.25, 7.5, 2], "texture": "#0"},
				"down": {"uv": [2.5, 7.5, 2.25, 7.75], "texture": "#0"}
			}
		},
		{
			"from": [6.95, 0.175, 7.725],
			"to": [9.05, 19.275, 8.275],
			"rotation": {"angle": -45, "axis": "y", "origin": [8, 9.75, 8]},
			"faces": {
				"north": {"uv": [0, 0, 0.5, 4.75], "texture": "#0"},
				"east": {"uv": [4.75, 0, 5, 4.75], "texture": "#0"},
				"south": {"uv": [0.5, 0, 1, 4.75], "texture": "#0"},
				"west": {"uv": [0.25, 4.75, 0.5, 9.5], "texture": "#0"},
				"up": {"uv": [6.75, 3.25, 6.25, 3], "texture": "#0"},
				"down": {"uv": [3.75, 6.25, 3.25, 6.5], "texture": "#0"}
			}
		},
		{
			"from": [7.05, 0.125, 7.45],
			"to": [8.95, 19.325, 8.55],
			"faces": {
				"north": {"uv": [1, 0, 1.5, 4.75], "texture": "#0"},
				"east": {"uv": [0.5, 4.75, 0.75, 9.5], "texture": "#0"},
				"south": {"uv": [1.5, 0, 2, 4.75], "texture": "#0"},
				"west": {"uv": [0.75, 4.75, 1, 9.5], "texture": "#0"},
				"up": {"uv": [6.75, 3.5, 6.25, 3.25], "texture": "#0"},
				"down": {"uv": [6.75, 3.5, 6.25, 3.75], "texture": "#0"}
			}
		},
		{
			"from": [7.725, 0.175, 6.95],
			"to": [8.275, 19.275, 9.05],
			"rotation": {"angle": -45, "axis": "y", "origin": [8, 9.75, 8]},
			"faces": {
				"north": {"uv": [1, 4.75, 1.25, 9.5], "texture": "#0"},
				"east": {"uv": [2, 0, 2.5, 4.75], "texture": "#0"},
				"south": {"uv": [1.25, 4.75, 1.5, 9.5], "texture": "#0"},
				"west": {"uv": [2.5, 0, 3, 4.75], "texture": "#0"},
				"up": {"uv": [4, 6.75, 3.75, 6.25], "texture": "#0"},
				"down": {"uv": [6.5, 3.75, 6.25, 4.25], "texture": "#0"}
			}
		},
		{
			"from": [8.85, 17.4, 8.85],
			"to": [9.275, 19.025, 9.275],
			"rotation": {"angle": 45, "axis": "y", "origin": [9, 18.1, 9.3]},
			"faces": {
				"north": {"uv": [4, 6.25, 4.25, 6.75], "texture": "#0"},
				"east": {"uv": [4.25, 6.25, 4.5, 6.75], "texture": "#0"},
				"south": {"uv": [6.25, 4.25, 6.5, 4.75], "texture": "#0"},
				"west": {"uv": [4.5, 6.25, 4.75, 6.75], "texture": "#0"},
				"up": {"uv": [7.75, 2.5, 7.5, 2.25], "texture": "#0"},
				"down": {"uv": [2.75, 7.5, 2.5, 7.75], "texture": "#0"}
			}
		},
		{
			"from": [7.525, 17.475, 9.75],
			"to": [7.925, 18.975, 10.225],
			"rotation": {"angle": 45, "axis": "y", "origin": [9, 18.1, 9.3]},
			"faces": {
				"north": {"uv": [6.25, 4.75, 6.5, 5.25], "texture": "#0"},
				"east": {"uv": [5, 6.25, 5.25, 6.75], "texture": "#0"},
				"south": {"uv": [5.25, 6.25, 5.5, 6.75], "texture": "#0"},
				"west": {"uv": [6.25, 5.25, 6.5, 5.75], "texture": "#0"},
				"up": {"uv": [7.75, 2.75, 7.5, 2.5], "texture": "#0"},
				"down": {"uv": [3, 7.5, 2.75, 7.75], "texture": "#0"}
			}
		},
		{
			"from": [6.675, 17.475, 8.95],
			"to": [7.1, 18.975, 9.35],
			"rotation": {"angle": 45, "axis": "y", "origin": [9, 18.1, 9.3]},
			"faces": {
				"north": {"uv": [5.5, 6.25, 5.75, 6.75], "texture": "#0"},
				"east": {"uv": [6.25, 5.75, 6.5, 6.25], "texture": "#0"},
				"south": {"uv": [6.25, 6.25, 6.5, 6.75], "texture": "#0"},
				"west": {"uv": [6.5, 0, 6.75, 0.5], "texture": "#0"},
				"up": {"uv": [7.75, 3, 7.5, 2.75], "texture": "#0"},
				"down": {"uv": [3.25, 7.5, 3, 7.75], "texture": "#0"}
			}
		},
		{
			"from": [7.375, 17.4, 5.325],
			"to": [7.8, 19.075, 5.75],
			"rotation": {"angle": 45, "axis": "y", "origin": [9, 18.1, 6.8]},
			"faces": {
				"north": {"uv": [6.5, 0.5, 6.75, 1], "texture": "#0"},
				"east": {"uv": [6.5, 1, 6.75, 1.5], "texture": "#0"},
				"south": {"uv": [6.5, 1.5, 6.75, 2], "texture": "#0"},
				"west": {"uv": [6.5, 2, 6.75, 2.5], "texture": "#0"},
				"up": {"uv": [7.75, 3.25, 7.5, 3], "texture": "#0"},
				"down": {"uv": [3.5, 7.5, 3.25, 7.75], "texture": "#0"}
			}
		},
		{
			"from": [7.85, 17.4, 5.4],
			"to": [8.3, 19.025, 5.825],
			"rotation": {"angle": 45, "axis": "y", "origin": [9, 18.1, 6.8]},
			"faces": {
				"north": {"uv": [6.5, 0.5, 6.75, 1], "texture": "#0"},
				"east": {"uv": [6.5, 1, 6.75, 1.5], "texture": "#0"},
				"south": {"uv": [6.5, 1.5, 6.75, 2], "texture": "#0"},
				"west": {"uv": [6.5, 2, 6.75, 2.5], "texture": "#0"},
				"up": {"uv": [7.75, 3.25, 7.5, 3], "texture": "#0"},
				"down": {"uv": [3.5, 7.5, 3.25, 7.75], "texture": "#0"}
			}
		},
		{
			"from": [8.625, 17.4, 6.575],
			"to": [9.05, 19.075, 7],
			"rotation": {"angle": 45, "axis": "y", "origin": [9, 18.1, 6.8]},
			"faces": {
				"north": {"uv": [6.5, 2.5, 6.75, 3], "texture": "#0"},
				"east": {"uv": [3.25, 6.5, 3.5, 7], "texture": "#0"},
				"south": {"uv": [3.5, 6.5, 3.75, 7], "texture": "#0"},
				"west": {"uv": [6.5, 3.75, 6.75, 4.25], "texture": "#0"},
				"up": {"uv": [7.75, 3.5, 7.5, 3.25], "texture": "#0"},
				"down": {"uv": [3.75, 7.5, 3.5, 7.75], "texture": "#0"}
			}
		},
		{
			"from": [8.55, 17.4, 6.075],
			"to": [8.975, 19.025, 6.525],
			"rotation": {"angle": 45, "axis": "y", "origin": [9, 18.1, 6.8]},
			"faces": {
				"north": {"uv": [6.5, 2.5, 6.75, 3], "texture": "#0"},
				"east": {"uv": [3.25, 6.5, 3.5, 7], "texture": "#0"},
				"south": {"uv": [3.5, 6.5, 3.75, 7], "texture": "#0"},
				"west": {"uv": [6.5, 3.75, 6.75, 4.25], "texture": "#0"},
				"up": {"uv": [7.75, 3.5, 7.5, 3.25], "texture": "#0"},
				"down": {"uv": [3.75, 7.5, 3.5, 7.75], "texture": "#0"}
			}
		},
		{
			"from": [7.35, 15.7625, 6.9],
			"to": [7.775, 15.9875, 9.1],
			"rotation": {"angle": -45, "axis": "z", "origin": [9.05, 17.25, 8]},
			"faces": {
				"north": {"uv": [7.5, 3.5, 7.75, 3.75], "texture": "#0"},
				"east": {"uv": [6.5, 4.25, 7, 4.5], "texture": "#0"},
				"south": {"uv": [3.75, 7.5, 4, 7.75], "texture": "#0"},
				"west": {"uv": [6.5, 4.5, 7, 4.75], "texture": "#0"},
				"up": {"uv": [6.75, 5.25, 6.5, 4.75], "texture": "#0"},
				"down": {"uv": [6.75, 5.25, 6.5, 5.75], "texture": "#0"}
			}
		},
		{
			"from": [7.1, 17.4, 6.6],
			"to": [8.9, 19.1, 6.9],
			"faces": {
				"north": {"uv": [1.5, 4.75, 2, 5.25], "texture": "#0"},
				"east": {"uv": [6.5, 5.75, 6.75, 6.25], "texture": "#0"},
				"south": {"uv": [2, 4.75, 2.5, 5.25], "texture": "#0"},
				"west": {"uv": [6.5, 6.25, 6.75, 6.75], "texture": "#0"},
				"up": {"uv": [7.25, 0.25, 6.75, 0], "texture": "#0"},
				"down": {"uv": [7.25, 0.25, 6.75, 0.5], "texture": "#0"}
			}
		},
		{
			"from": [7.1, 17.1, 6.725],
			"to": [8.9, 17.525, 6.95],
			"rotation": {"angle": -45, "axis": "x", "origin": [8.0375, 17.3125, 6.8125]},
			"faces": {
				"north": {"uv": [6.75, 0.5, 7.25, 0.75], "texture": "#0"},
				"east": {"uv": [7.5, 3.75, 7.75, 4], "texture": "#0"},
				"south": {"uv": [6.75, 0.75, 7.25, 1], "texture": "#0"},
				"west": {"uv": [4, 7.5, 4.25, 7.75], "texture": "#0"},
				"up": {"uv": [7.25, 1.25, 6.75, 1], "texture": "#0"},
				"down": {"uv": [7.25, 1.25, 6.75, 1.5], "texture": "#0"}
			}
		},
		{
			"from": [8.825, 17.0375, 6.9],
			"to": [9.05, 17.4625, 9.1],
			"rotation": {"angle": -45, "axis": "z", "origin": [9.05, 17.25, 8]},
			"faces": {
				"north": {"uv": [7.5, 4, 7.75, 4.25], "texture": "#0"},
				"east": {"uv": [6.75, 1.5, 7.25, 1.75], "texture": "#0"},
				"south": {"uv": [7.5, 4.25, 7.75, 4.5], "texture": "#0"},
				"west": {"uv": [6.75, 1.75, 7.25, 2], "texture": "#0"},
				"up": {"uv": [7, 2.5, 6.75, 2], "texture": "#0"},
				"down": {"uv": [7, 2.5, 6.75, 3], "texture": "#0"}
			}
		},
		{
			"from": [7.1, 17.325, 9],
			"to": [8.9, 17.525, 9.425],
			"rotation": {"angle": -45, "axis": "x", "origin": [8.0375, 17.3125, 9.3125]},
			"faces": {
				"north": {"uv": [6.75, 3, 7.25, 3.25], "texture": "#0"},
				"east": {"uv": [4.5, 7.5, 4.75, 7.75], "texture": "#0"},
				"south": {"uv": [6.75, 3.25, 7.25, 3.5], "texture": "#0"},
				"west": {"uv": [7.5, 4.5, 7.75, 4.75], "texture": "#0"},
				"up": {"uv": [7.25, 3.75, 6.75, 3.5], "texture": "#0"},
				"down": {"uv": [4.25, 6.75, 3.75, 7], "texture": "#0"}
			}
		},
		{
			"from": [7.1, 17.4, 9.1],
			"to": [8.9, 19.05, 10.7],
			"rotation": {"angle": 0, "axis": "y", "origin": [0, 0, 2.5]},
			"faces": {
				"north": {"uv": [2.5, 4.75, 3, 5.25], "texture": "#0"},
				"east": {"uv": [6.75, 3.75, 7, 4.25], "texture": "#0"},
				"south": {"uv": [3, 4.75, 3.5, 5.25], "texture": "#0"},
				"west": {"uv": [4.25, 6.75, 4.5, 7.25], "texture": "#0"},
				"up": {"uv": [5, 7, 4.5, 6.75], "texture": "#0"},
				"down": {"uv": [7.25, 4.75, 6.75, 5], "texture": "#0"}
			}
		},
		{
			"from": [7.375, 17.45, 10.7],
			"to": [8.625, 19, 11],
			"rotation": {"angle": 0, "axis": "y", "origin": [0, 0, 2.5]},
			"faces": {
				"north": {"uv": [5, 6.75, 5.25, 7.25], "texture": "#0"},
				"east": {"uv": [6.75, 5, 7, 5.5], "texture": "#0"},
				"south": {"uv": [5.25, 6.75, 5.5, 7.25], "texture": "#0"},
				"west": {"uv": [5.5, 6.75, 5.75, 7.25], "texture": "#0"},
				"up": {"uv": [5, 7.75, 4.75, 7.5], "texture": "#0"},
				"down": {"uv": [7.75, 4.75, 7.5, 5], "texture": "#0"}
			}
		},
		{
			"from": [7.6, 17.4, 7.6],
			"to": [8.025, 19.025, 8.025],
			"rotation": {"angle": 45, "axis": "y", "origin": [9, 18.1, 9.3]},
			"faces": {
				"north": {"uv": [6.75, 5.5, 7, 6], "texture": "#0"},
				"east": {"uv": [5.75, 6.75, 6, 7.25], "texture": "#0"},
				"south": {"uv": [6, 6.75, 6.25, 7.25], "texture": "#0"},
				"west": {"uv": [6.75, 6, 7, 6.5], "texture": "#0"},
				"up": {"uv": [7.75, 5.25, 7.5, 5], "texture": "#0"},
				"down": {"uv": [7.75, 5.25, 7.5, 5.5], "texture": "#0"}
			}
		},
		{
			"from": [6.8, 17.4, 6.9],
			"to": [9.2, 19.1, 9.1],
			"faces": {
				"north": {"uv": [3.5, 4.75, 4, 5.25], "texture": "#0"},
				"east": {"uv": [4, 4.75, 4.5, 5.25], "texture": "#0"},
				"south": {"uv": [4.5, 4.75, 5, 5.25], "texture": "#0"},
				"west": {"uv": [5, 0, 5.5, 0.5], "texture": "#0"},
				"up": {"uv": [5.5, 1, 5, 0.5], "texture": "#0"},
				"down": {"uv": [5.5, 1, 5, 1.5], "texture": "#0"}
			}
		},
		{
			"from": [7.5, 17.25, 6.3],
			"to": [8.5, 19.05, 7.5],
			"rotation": {"angle": 0, "axis": "y", "origin": [8, 18.24375, 6.225]},
			"faces": {
				"north": {"uv": [6.25, 6.75, 6.5, 7.25], "texture": "#0"},
				"east": {"uv": [6.5, 6.75, 6.75, 7.25], "texture": "#0"},
				"south": {"uv": [6.75, 6.5, 7, 7], "texture": "#0"},
				"west": {"uv": [1.5, 7, 1.75, 7.5], "texture": "#0"},
				"up": {"uv": [7.75, 5.75, 7.5, 5.5], "texture": "#0"},
				"down": {"uv": [6, 7.5, 5.75, 7.75], "texture": "#0"}
			}
		},
		{
			"from": [7.55, 17.25, 6.1],
			"to": [8.45, 18.975, 6.3],
			"rotation": {"angle": 0, "axis": "y", "origin": [8, 18.24375, 6.225]},
			"faces": {
				"north": {"uv": [1.75, 7, 2, 7.5], "texture": "#0"},
				"east": {"uv": [2, 7, 2.25, 7.5], "texture": "#0"},
				"south": {"uv": [7, 2, 7.25, 2.5], "texture": "#0"},
				"west": {"uv": [2.25, 7, 2.5, 7.5], "texture": "#0"},
				"up": {"uv": [7.75, 6, 7.5, 5.75], "texture": "#0"},
				"down": {"uv": [6.25, 7.5, 6, 7.75], "texture": "#0"}
			}
		},
		{
			"from": [7.6, 17.3, 5.9],
			"to": [8.425, 18.95, 6.1],
			"rotation": {"angle": 0, "axis": "y", "origin": [8, 18.24375, 6.225]},
			"faces": {
				"north": {"uv": [2.5, 7, 2.75, 7.5], "texture": "#0"},
				"east": {"uv": [7, 2.5, 7.25, 3], "texture": "#0"},
				"south": {"uv": [2.75, 7, 3, 7.5], "texture": "#0"},
				"west": {"uv": [3, 7, 3.25, 7.5], "texture": "#0"},
				"up": {"uv": [7.75, 6.5, 7.5, 6.25], "texture": "#0"},
				"down": {"uv": [7.75, 6.5, 7.5, 6.75], "texture": "#0"}
			}
		},
		{
			"from": [7.625, 17.2, 5.7],
			"to": [8.4, 18.9, 5.9],
			"rotation": {"angle": 0, "axis": "y", "origin": [8, 18.24375, 6.225]},
			"faces": {
				"north": {"uv": [3.25, 7, 3.5, 7.5], "texture": "#0"},
				"east": {"uv": [3.5, 7, 3.75, 7.5], "texture": "#0"},
				"south": {"uv": [3.75, 7, 4, 7.5], "texture": "#0"},
				"west": {"uv": [7, 3.75, 7.25, 4.25], "texture": "#0"},
				"up": {"uv": [7, 7.75, 6.75, 7.5], "texture": "#0"},
				"down": {"uv": [7.25, 7.5, 7, 7.75], "texture": "#0"}
			}
		},
		{
			"from": [7.65, 17.1, 5.5],
			"to": [8.375, 18.9, 5.7],
			"rotation": {"angle": 0, "axis": "y", "origin": [8, 18.24375, 6.225]},
			"faces": {
				"north": {"uv": [4, 7, 4.25, 7.5], "texture": "#0"},
				"east": {"uv": [7, 4.25, 7.25, 4.75], "texture": "#0"},
				"south": {"uv": [4.5, 7, 4.75, 7.5], "texture": "#0"},
				"west": {"uv": [4.75, 7, 5, 7.5], "texture": "#0"},
				"up": {"uv": [7.75, 7.5, 7.5, 7.25], "texture": "#0"},
				"down": {"uv": [7.75, 7.5, 7.5, 7.75], "texture": "#0"}
			}
		},
		{
			"from": [7.65, 17, 5.3],
			"to": [8.375, 18.9, 5.5],
			"rotation": {"angle": 0, "axis": "y", "origin": [8, 18.24375, 6.225]},
			"faces": {
				"north": {"uv": [7, 5, 7.25, 5.5], "texture": "#0"},
				"east": {"uv": [7, 5.5, 7.25, 6], "texture": "#0"},
				"south": {"uv": [7, 6, 7.25, 6.5], "texture": "#0"},
				"west": {"uv": [7, 6.5, 7.25, 7], "texture": "#0"},
				"up": {"uv": [8, 0.75, 7.75, 0.5], "texture": "#0"},
				"down": {"uv": [8, 0.75, 7.75, 1], "texture": "#0"}
			}
		},
		{
			"from": [7.675, 16.9, 5.1],
			"to": [8.35, 18.925, 5.3],
			"rotation": {"angle": 0, "axis": "y", "origin": [8, 18.24375, 6.225]},
			"faces": {
				"north": {"uv": [6.75, 7, 7, 7.5], "texture": "#0"},
				"east": {"uv": [7, 7, 7.25, 7.5], "texture": "#0"},
				"south": {"uv": [7.25, 0, 7.5, 0.5], "texture": "#0"},
				"west": {"uv": [7.25, 0.5, 7.5, 1], "texture": "#0"},
				"up": {"uv": [8, 1.25, 7.75, 1], "texture": "#0"},
				"down": {"uv": [8, 1.25, 7.75, 1.5], "texture": "#0"}
			}
		},
		{
			"from": [7.7, 16.8, 4.9],
			"to": [8.325, 18.95, 5.1],
			"rotation": {"angle": 0, "axis": "y", "origin": [8, 18.24375, 6.225]},
			"faces": {
				"north": {"uv": [7.25, 1, 7.5, 1.5], "texture": "#0"},
				"east": {"uv": [7.25, 1.5, 7.5, 2], "texture": "#0"},
				"south": {"uv": [7.25, 2, 7.5, 2.5], "texture": "#0"},
				"west": {"uv": [7.25, 2.5, 7.5, 3], "texture": "#0"},
				"up": {"uv": [8, 1.75, 7.75, 1.5], "texture": "#0"},
				"down": {"uv": [2, 7.75, 1.75, 8], "texture": "#0"}
			}
		},
		{
			"from": [7.725, 16.6, 4.5],
			"to": [8.3, 19, 4.7],
			"rotation": {"angle": 0, "axis": "y", "origin": [8, 18.24375, 6.225]},
			"faces": {
				"north": {"uv": [7.25, 3, 7.5, 3.5], "texture": "#0"},
				"east": {"uv": [7.25, 3.5, 7.5, 4], "texture": "#0"},
				"south": {"uv": [7.25, 4, 7.5, 4.5], "texture": "#0"},
				"west": {"uv": [4.25, 7.25, 4.5, 7.75], "texture": "#0"},
				"up": {"uv": [8, 2, 7.75, 1.75], "texture": "#0"},
				"down": {"uv": [2.25, 7.75, 2, 8], "texture": "#0"}
			}
		},
		{
			"from": [7.75, 16.5, 4.3],
			"to": [8.275, 19.025, 4.5],
			"rotation": {"angle": 0, "axis": "y", "origin": [8, 18.24375, 6.225]},
			"faces": {
				"north": {"uv": [4.75, 5.25, 5, 6], "texture": "#0"},
				"east": {"uv": [5.5, 3, 5.75, 3.75], "texture": "#0"},
				"south": {"uv": [5.5, 3.75, 5.75, 4.5], "texture": "#0"},
				"west": {"uv": [5, 5.5, 5.25, 6.25], "texture": "#0"},
				"up": {"uv": [8, 2.25, 7.75, 2], "texture": "#0"},
				"down": {"uv": [2.5, 7.75, 2.25, 8], "texture": "#0"}
			}
		},
		{
			"from": [7.75, 16.4, 4.1],
			"to": [8.275, 19.05, 4.3],
			"rotation": {"angle": 0, "axis": "y", "origin": [8, 18.24375, 6.225]},
			"faces": {
				"north": {"uv": [5.25, 5.5, 5.5, 6.25], "texture": "#0"},
				"east": {"uv": [5.5, 5.5, 5.75, 6.25], "texture": "#0"},
				"south": {"uv": [5.75, 3, 6, 3.75], "texture": "#0"},
				"west": {"uv": [5.75, 3.75, 6, 4.5], "texture": "#0"},
				"up": {"uv": [8, 2.5, 7.75, 2.25], "texture": "#0"},
				"down": {"uv": [2.75, 7.75, 2.5, 8], "texture": "#0"}
			}
		},
		{
			"from": [7.775, 16.3, 3.9],
			"to": [8.25, 19.075, 4.1],
			"rotation": {"angle": 0, "axis": "y", "origin": [8, 18.24375, 6.225]},
			"faces": {
				"north": {"uv": [5.75, 4.5, 6, 5.25], "texture": "#0"},
				"east": {"uv": [5.75, 5.25, 6, 6], "texture": "#0"},
				"south": {"uv": [6, 0, 6.25, 0.75], "texture": "#0"},
				"west": {"uv": [6, 0.75, 6.25, 1.5], "texture": "#0"},
				"up": {"uv": [8, 2.75, 7.75, 2.5], "texture": "#0"},
				"down": {"uv": [3, 7.75, 2.75, 8], "texture": "#0"}
			}
		},
		{
			"from": [7.8, 16.2, 3.7],
			"to": [8.225, 19.1, 3.9],
			"rotation": {"angle": 0, "axis": "y", "origin": [8, 18.24375, 6.225]},
			"faces": {
				"north": {"uv": [6, 1.5, 6.25, 2.25], "texture": "#0"},
				"east": {"uv": [6, 2.25, 6.25, 3], "texture": "#0"},
				"south": {"uv": [6, 3, 6.25, 3.75], "texture": "#0"},
				"west": {"uv": [6, 3.75, 6.25, 4.5], "texture": "#0"},
				"up": {"uv": [8, 3, 7.75, 2.75], "texture": "#0"},
				"down": {"uv": [3.25, 7.75, 3, 8], "texture": "#0"}
			}
		},
		{
			"from": [7.8, 16.1, 3.5],
			"to": [8.225, 19.125, 3.7],
			"rotation": {"angle": 0, "axis": "y", "origin": [8, 18.24375, 6.225]},
			"faces": {
				"north": {"uv": [6, 4.5, 6.25, 5.25], "texture": "#0"},
				"east": {"uv": [4.75, 6, 5, 6.75], "texture": "#0"},
				"south": {"uv": [6, 5.25, 6.25, 6], "texture": "#0"},
				"west": {"uv": [5.75, 6, 6, 6.75], "texture": "#0"},
				"up": {"uv": [8, 3.25, 7.75, 3], "texture": "#0"},
				"down": {"uv": [3.5, 7.75, 3.25, 8], "texture": "#0"}
			}
		},
		{
			"from": [7.825, 16, 3.3],
			"to": [8.2, 19.15, 3.5],
			"rotation": {"angle": 0, "axis": "y", "origin": [8, 18.24375, 6.225]},
			"faces": {
				"north": {"uv": [6, 6, 6.25, 6.75], "texture": "#0"},
				"east": {"uv": [6.25, 0, 6.5, 0.75], "texture": "#0"},
				"south": {"uv": [6.25, 0.75, 6.5, 1.5], "texture": "#0"},
				"west": {"uv": [1.5, 6.25, 1.75, 7], "texture": "#0"},
				"up": {"uv": [8, 3.5, 7.75, 3.25], "texture": "#0"},
				"down": {"uv": [3.75, 7.75, 3.5, 8], "texture": "#0"}
			}
		},
		{
			"from": [7.85, 15.9, 3.1],
			"to": [8.175, 19.175, 3.3],
			"rotation": {"angle": 0, "axis": "y", "origin": [8, 18.24375, 6.225]},
			"faces": {
				"north": {"uv": [6.25, 1.5, 6.5, 2.25], "texture": "#0"},
				"east": {"uv": [1.75, 6.25, 2, 7], "texture": "#0"},
				"south": {"uv": [2, 6.25, 2.25, 7], "texture": "#0"},
				"west": {"uv": [2.25, 6.25, 2.5, 7], "texture": "#0"},
				"up": {"uv": [8, 3.75, 7.75, 3.5], "texture": "#0"},
				"down": {"uv": [4, 7.75, 3.75, 8], "texture": "#0"}
			}
		},
		{
			"from": [7.85, 15.8, 2.9],
			"to": [8.175, 19.2, 3.1],
			"rotation": {"angle": 0, "axis": "y", "origin": [8, 18.24375, 6.225]},
			"faces": {
				"north": {"uv": [6.25, 2.25, 6.5, 3], "texture": "#0"},
				"east": {"uv": [2.5, 6.25, 2.75, 7], "texture": "#0"},
				"south": {"uv": [2.75, 6.25, 3, 7], "texture": "#0"},
				"west": {"uv": [3, 6.25, 3.25, 7], "texture": "#0"},
				"up": {"uv": [8, 4, 7.75, 3.75], "texture": "#0"},
				"down": {"uv": [4.25, 7.75, 4, 8], "texture": "#0"}
			}
		},
		{
			"from": [7.875, 15.7, 2.7],
			"to": [8.15, 19.225, 2.9],
			"rotation": {"angle": 0, "axis": "y", "origin": [8, 18.24375, 6.225]},
			"faces": {
				"north": {"uv": [5, 1.5, 5.25, 2.5], "texture": "#0"},
				"east": {"uv": [5, 2.5, 5.25, 3.5], "texture": "#0"},
				"south": {"uv": [5, 3.5, 5.25, 4.5], "texture": "#0"},
				"west": {"uv": [5, 4.5, 5.25, 5.5], "texture": "#0"},
				"up": {"uv": [8, 4.25, 7.75, 4], "texture": "#0"},
				"down": {"uv": [4.5, 7.75, 4.25, 8], "texture": "#0"}
			}
		},
		{
			"from": [7.9, 15.6, 2.5],
			"to": [8.125, 19.25, 2.7],
			"rotation": {"angle": 0, "axis": "y", "origin": [8, 18.24375, 6.225]},
			"faces": {
				"north": {"uv": [1.5, 5.25, 1.75, 6.25], "texture": "#0"},
				"east": {"uv": [5.25, 1.5, 5.5, 2.5], "texture": "#0"},
				"south": {"uv": [1.75, 5.25, 2, 6.25], "texture": "#0"},
				"west": {"uv": [2, 5.25, 2.25, 6.25], "texture": "#0"},
				"up": {"uv": [8, 4.5, 7.75, 4.25], "texture": "#0"},
				"down": {"uv": [4.75, 7.75, 4.5, 8], "texture": "#0"}
			}
		},
		{
			"from": [7.9, 15.5, 2.3],
			"to": [8.125, 19.275, 2.5],
			"rotation": {"angle": 0, "axis": "y", "origin": [8, 18.24375, 6.225]},
			"faces": {
				"north": {"uv": [2.25, 5.25, 2.5, 6.25], "texture": "#0"},
				"east": {"uv": [2.5, 5.25, 2.75, 6.25], "texture": "#0"},
				"south": {"uv": [5.25, 2.5, 5.5, 3.5], "texture": "#0"},
				"west": {"uv": [2.75, 5.25, 3, 6.25], "texture": "#0"},
				"up": {"uv": [8, 4.75, 7.75, 4.5], "texture": "#0"},
				"down": {"uv": [5, 7.75, 4.75, 8], "texture": "#0"}
			}
		},
		{
			"from": [7.925, 15.4, 2.1],
			"to": [8.1, 19.3, 2.3],
			"rotation": {"angle": 0, "axis": "y", "origin": [8, 18.24375, 6.225]},
			"faces": {
				"north": {"uv": [3, 5.25, 3.25, 6.25], "texture": "#0"},
				"east": {"uv": [3.25, 5.25, 3.5, 6.25], "texture": "#0"},
				"south": {"uv": [3.5, 5.25, 3.75, 6.25], "texture": "#0"},
				"west": {"uv": [5.25, 3.5, 5.5, 4.5], "texture": "#0"},
				"up": {"uv": [8, 5, 7.75, 4.75], "texture": "#0"},
				"down": {"uv": [5.25, 7.75, 5, 8], "texture": "#0"}
			}
		},
		{
			"from": [8.035, 15.425, 2.0775],
			"to": [8.135, 19.275, 2.1775],
			"rotation": {"angle": 45, "axis": "y", "origin": [8.0125, 17.35, 2.2]},
			"faces": {
				"north": {"uv": [3.75, 5.25, 4, 6.25], "texture": "#0"},
				"east": {"uv": [4, 5.25, 4.25, 6.25], "texture": "#0"},
				"south": {"uv": [4.25, 5.25, 4.5, 6.25], "texture": "#0"},
				"west": {"uv": [4.5, 5.25, 4.75, 6.25], "texture": "#0"},
				"up": {"uv": [8, 5.25, 7.75, 5], "texture": "#0"},
				"down": {"uv": [5.5, 7.75, 5.25, 8], "texture": "#0"}
			}
		},
		{
			"from": [7.7, 16.7, 4.7],
			"to": [8.325, 18.975, 4.9],
			"rotation": {"angle": 0, "axis": "y", "origin": [8, 18.24375, 6.225]},
			"faces": {
				"north": {"uv": [7.25, 4.5, 7.5, 5], "texture": "#0"},
				"east": {"uv": [5, 7.25, 5.25, 7.75], "texture": "#0"},
				"south": {"uv": [7.25, 5, 7.5, 5.5], "texture": "#0"},
				"west": {"uv": [5.25, 7.25, 5.5, 7.75], "texture": "#0"},
				"up": {"uv": [8, 5.5, 7.75, 5.25], "texture": "#0"},
				"down": {"uv": [5.75, 7.75, 5.5, 8], "texture": "#0"}
			}
		},
		{
			"from": [6.775, 0.3, 7.675],
			"to": [9.225, 2.5, 8.325],
			"rotation": {"angle": 45, "axis": "y", "origin": [8, 1.4, 8]},
			"faces": {
				"north": {"uv": [5.25, 4.5, 5.75, 5], "texture": "#0"},
				"east": {"uv": [5.5, 7.25, 5.75, 7.75], "texture": "#0"},
				"south": {"uv": [5.25, 5, 5.75, 5.5], "texture": "#0"},
				"west": {"uv": [7.25, 5.5, 7.5, 6], "texture": "#0"},
				"up": {"uv": [6.25, 7.5, 5.75, 7.25], "texture": "#0"},
				"down": {"uv": [7.75, 6, 7.25, 6.25], "texture": "#0"}
			}
		},
		{
			"from": [6.775, 0.3, 7.675],
			"to": [9.225, 2.5, 8.325],
			"rotation": {"angle": -45, "axis": "y", "origin": [8, 1.4, 8]},
			"faces": {
				"north": {"uv": [5.5, 0, 6, 0.5], "texture": "#0"},
				"east": {"uv": [6.25, 7.25, 6.5, 7.75], "texture": "#0"},
				"south": {"uv": [5.5, 0.5, 6, 1], "texture": "#0"},
				"west": {"uv": [7.25, 6.25, 7.5, 6.75], "texture": "#0"},
				"up": {"uv": [7.75, 7, 7.25, 6.75], "texture": "#0"},
				"down": {"uv": [7.75, 7, 7.25, 7.25], "texture": "#0"}
			}
		},
		{
			"from": [6.9, 0.3, 7.35],
			"to": [9.1, 2.5, 8.65],
			"faces": {
				"north": {"uv": [5.5, 1, 6, 1.5], "texture": "#0"},
				"east": {"uv": [6.5, 7.25, 6.75, 7.75], "texture": "#0"},
				"south": {"uv": [5.5, 1.5, 6, 2], "texture": "#0"},
				"west": {"uv": [7.25, 7.25, 7.5, 7.75], "texture": "#0"},
				"up": {"uv": [8, 0.25, 7.5, 0], "texture": "#0"},
				"down": {"uv": [8, 0.25, 7.5, 0.5], "texture": "#0"}
			}
		},
		{
			"from": [7.35, 0.3, 6.9],
			"to": [8.65, 2.5, 9.1],
			"rotation": {"angle": 0, "axis": "y", "origin": [8, 1.4, 8]},
			"faces": {
				"north": {"uv": [7.5, 0.5, 7.75, 1], "texture": "#0"},
				"east": {"uv": [5.5, 2, 6, 2.5], "texture": "#0"},
				"south": {"uv": [7.5, 1, 7.75, 1.5], "texture": "#0"},
				"west": {"uv": [5.5, 2.5, 6, 3], "texture": "#0"},
				"up": {"uv": [1.75, 8, 1.5, 7.5], "texture": "#0"},
				"down": {"uv": [7.75, 1.5, 7.5, 2], "texture": "#0"}
			}
		}
	],
	"display": {
		"thirdperson_righthand": {
			"translation": [0, -0.25, 1.5],
			"scale": [0.7, 0.7, 0.7]
		},
		"thirdperson_lefthand": {
			"rotation": [0, -11, 180],
			"translation": [-1, -4, 1.75],
			"scale": [0.7, 0.7, 0.7]
		},
		"firstperson_righthand": {
			"rotation": [-13, -11, -4],
			"translation": [0, 1.75, 2.5],
			"scale": [0.9, 0.9, 0.9]
		},
		"firstperson_lefthand": {
			"rotation": [-3, 77, 132],
			"translation": [-5, -0.75, 11],
			"scale": [0.9, 0.9, 0.9]
		},
		"ground": {
			"rotation": [0, 0, 90],
			"translation": [1, -3, 0],
			"scale": [0.6, 0.6, 0.6]
		},
		"gui": {
			"rotation": [-90, 45, 105],
			"translation": [2, -1.5, 0],
			"scale": [0.8, 0.8, 0.8]
		},
		"head": {
			"rotation": [0, 34, 120],
			"translation": [15.5, 6.75, 5.5]
		},
		"fixed": {
			"rotation": [90, -135, 90],
			"translation": [-2, -1, 0.5],
			"scale": [0.9, 0.9, 0.9]
		}
	}
}