{
	"credit": "LongWayToHome (Karel)",
	"texture_size": [64, 64],
	"textures": {
		"1": "item/ironshovel"
	},
	"elements": [
		{
			"from": [7.225, 19.1, 7.45],
			"to": [9.175, 20.025, 8.55],
			"faces": {
				"north": {"uv": [4, 6.5, 4.5, 6.75], "texture": "#1"},
				"east": {"uv": [4.25, 7.25, 4.5, 7.5], "texture": "#1"},
				"south": {"uv": [6.5, 4.25, 7, 4.5], "texture": "#1"},
				"west": {"uv": [4.5, 7.25, 4.75, 7.5], "texture": "#1"},
				"up": {"uv": [5, 6.75, 4.5, 6.5], "texture": "#1"},
				"down": {"uv": [7, 4.5, 6.5, 4.75], "texture": "#1"}
			}
		},
		{
			"from": [7.225, 20.025, 7.45],
			"to": [8.175, 21.05, 8.55],
			"faces": {
				"north": {"uv": [4.75, 7.25, 5, 7.5], "texture": "#1"},
				"east": {"uv": [5, 7.25, 5.25, 7.5], "texture": "#1"},
				"south": {"uv": [5.25, 7.25, 5.5, 7.5], "texture": "#1"},
				"west": {"uv": [7.25, 5.25, 7.5, 5.5], "texture": "#1"},
				"up": {"uv": [5.75, 7.5, 5.5, 7.25], "texture": "#1"},
				"down": {"uv": [6, 7.25, 5.75, 7.5], "texture": "#1"}
			}
		},
		{
			"from": [7.225, 19.325, 6.25],
			"to": [7.6, 22.825, 9.75],
			"faces": {
				"north": {"uv": [2.5, 5.5, 2.75, 6.5], "texture": "#1"},
				"east": {"uv": [5, 0.75, 5.75, 1.75], "texture": "#1"},
				"south": {"uv": [2.75, 5.5, 3, 6.5], "texture": "#1"},
				"west": {"uv": [5, 1.75, 5.75, 2.75], "texture": "#1"},
				"up": {"uv": [6.25, 5.5, 6, 4.75], "texture": "#1"},
				"down": {"uv": [5.5, 6, 5.25, 6.75], "texture": "#1"}
			}
		},
		{
			"from": [7.225, 22.825, 6.85],
			"to": [7.6, 24.225, 9.15],
			"faces": {
				"north": {"uv": [7.25, 6, 7.5, 6.25], "texture": "#1"},
				"east": {"uv": [6.5, 4.75, 7, 5], "texture": "#1"},
				"south": {"uv": [7.25, 6.25, 7.5, 6.5], "texture": "#1"},
				"west": {"uv": [6.5, 5, 7, 5.25], "texture": "#1"},
				"up": {"uv": [3, 7, 2.75, 6.5], "texture": "#1"},
				"down": {"uv": [5.25, 6.5, 5, 7], "texture": "#1"}
			}
		},
		{
			"from": [7.2, 24.225, 7.5],
			"to": [7.6, 25.825, 8.5],
			"faces": {
				"north": {"uv": [6.5, 5.25, 6.75, 5.75], "texture": "#1"},
				"east": {"uv": [6.5, 5.75, 6.75, 6.25], "texture": "#1"},
				"south": {"uv": [6.5, 6.25, 6.75, 6.75], "texture": "#1"},
				"west": {"uv": [6.75, 0, 7, 0.5], "texture": "#1"},
				"up": {"uv": [6.75, 7.5, 6.5, 7.25], "texture": "#1"},
				"down": {"uv": [7.5, 6.5, 7.25, 6.75], "texture": "#1"}
			}
		},
		{
			"from": [7.6375, 20.2625, 7.475],
			"to": [9.0875, 21.2125, 8.525],
			"rotation": {"angle": -45, "axis": "z", "origin": [7.7, 20.4875, 8]},
			"faces": {
				"north": {"uv": [6.75, 7.25, 7, 7.5], "texture": "#1"},
				"east": {"uv": [7.25, 6.75, 7.5, 7], "texture": "#1"},
				"south": {"uv": [7, 7.25, 7.25, 7.5], "texture": "#1"},
				"west": {"uv": [7.25, 7, 7.5, 7.25], "texture": "#1"},
				"up": {"uv": [7.5, 7.5, 7.25, 7.25], "texture": "#1"},
				"down": {"uv": [7.75, 0, 7.5, 0.25], "texture": "#1"}
			}
		},
		{
			"from": [7.075, 19.1, 5],
			"to": [7.525, 22.1, 11],
			"faces": {
				"north": {"uv": [5.5, 6, 5.75, 6.75], "texture": "#1"},
				"east": {"uv": [1.5, 4.75, 3, 5.5], "texture": "#1"},
				"south": {"uv": [5.75, 6, 6, 6.75], "texture": "#1"},
				"west": {"uv": [3, 4.75, 4.5, 5.5], "texture": "#1"},
				"up": {"uv": [5.25, 4.25, 5, 2.75], "texture": "#1"},
				"down": {"uv": [5.5, 2.75, 5.25, 4.25], "texture": "#1"}
			}
		},
		{
			"from": [7.075, 22.1, 5],
			"to": [7.525, 24.625, 11],
			"faces": {
				"north": {"uv": [6, 6, 6.25, 6.75], "texture": "#1"},
				"east": {"uv": [4.5, 4.75, 6, 5.5], "texture": "#1"},
				"south": {"uv": [6.25, 0.75, 6.5, 1.5], "texture": "#1"},
				"west": {"uv": [5, 0, 6.5, 0.75], "texture": "#1"},
				"up": {"uv": [1.75, 7, 1.5, 5.5], "texture": "#1"},
				"down": {"uv": [2, 5.5, 1.75, 7], "texture": "#1"}
			}
		},
		{
			"from": [7.225, 19.1, 5],
			"to": [7.775, 19.325, 11],
			"faces": {
				"north": {"uv": [7.5, 0.25, 7.75, 0.5], "texture": "#1"},
				"east": {"uv": [5, 4.25, 6.5, 4.5], "texture": "#1"},
				"south": {"uv": [7.5, 0.5, 7.75, 0.75], "texture": "#1"},
				"west": {"uv": [5, 4.5, 6.5, 4.75], "texture": "#1"},
				"up": {"uv": [2.25, 7, 2, 5.5], "texture": "#1"},
				"down": {"uv": [2.5, 5.5, 2.25, 7], "texture": "#1"}
			}
		},
		{
			"from": [7.025, 19.1, 6.6],
			"to": [7.075, 20.5, 9.4],
			"faces": {
				"north": {"uv": [7.5, 0.75, 7.75, 1], "texture": "#1"},
				"east": {"uv": [5.5, 4, 6.25, 4.25], "texture": "#1"},
				"south": {"uv": [7.5, 1, 7.75, 1.25], "texture": "#1"},
				"west": {"uv": [6.25, 1.5, 7, 1.75], "texture": "#1"},
				"up": {"uv": [6.5, 2.5, 6.25, 1.75], "texture": "#1"},
				"down": {"uv": [3.25, 6.25, 3, 7], "texture": "#1"}
			}
		},
		{
			"from": [6.975, 19.1, 7.1],
			"to": [7.025, 20.2, 8.9],
			"faces": {
				"north": {"uv": [7.5, 1.25, 7.75, 1.5], "texture": "#1"},
				"east": {"uv": [6.75, 0.5, 7.25, 0.75], "texture": "#1"},
				"south": {"uv": [1.5, 7.5, 1.75, 7.75], "texture": "#1"},
				"west": {"uv": [6.75, 0.75, 7.25, 1], "texture": "#1"},
				"up": {"uv": [7, 1.5, 6.75, 1], "texture": "#1"},
				"down": {"uv": [7, 1.75, 6.75, 2.25], "texture": "#1"}
			}
		},
		{
			"from": [6.925, 19.1, 7.5],
			"to": [6.975, 19.9, 8.5],
			"faces": {
				"north": {"uv": [1.75, 7.5, 2, 7.75], "texture": "#1"},
				"east": {"uv": [7.5, 1.75, 7.75, 2], "texture": "#1"},
				"south": {"uv": [2, 7.5, 2.25, 7.75], "texture": "#1"},
				"west": {"uv": [7.5, 2, 7.75, 2.25], "texture": "#1"},
				"up": {"uv": [2.5, 7.75, 2.25, 7.5], "texture": "#1"},
				"down": {"uv": [7.75, 2.25, 7.5, 2.5], "texture": "#1"}
			}
		},
		{
			"from": [7.1, 26.575, 7.825],
			"to": [7.5, 27.525, 12.075],
			"rotation": {"angle": 45, "axis": "x", "origin": [7.05, 27.3625, 8]},
			"faces": {
				"north": {"uv": [7.5, 2.5, 7.75, 2.75], "texture": "#1"},
				"east": {"uv": [5.5, 2.75, 6.5, 3], "texture": "#1"},
				"south": {"uv": [7.5, 2.75, 7.75, 3], "texture": "#1"},
				"west": {"uv": [3, 5.5, 4, 5.75], "texture": "#1"},
				"up": {"uv": [5.75, 4, 5.5, 3], "texture": "#1"},
				"down": {"uv": [4.25, 5.5, 4, 6.5], "texture": "#1"}
			}
		},
		{
			"from": [7.1, 24.275, 8.8],
			"to": [7.5, 26.575, 11.1],
			"rotation": {"angle": 45, "axis": "x", "origin": [7.05, 27.3625, 8]},
			"faces": {
				"north": {"uv": [6.75, 2.25, 7, 2.75], "texture": "#1"},
				"east": {"uv": [4.25, 5.5, 4.75, 6], "texture": "#1"},
				"south": {"uv": [6.75, 2.75, 7, 3.25], "texture": "#1"},
				"west": {"uv": [4.75, 5.5, 5.25, 6], "texture": "#1"},
				"up": {"uv": [7, 4.25, 6.75, 3.75], "texture": "#1"},
				"down": {"uv": [4.25, 6.75, 4, 7.25], "texture": "#1"}
			}
		},
		{
			"from": [7.1, 23.3, 7.825],
			"to": [7.5, 26.575, 8.8],
			"rotation": {"angle": 45, "axis": "x", "origin": [7.05, 27.3625, 8]},
			"faces": {
				"north": {"uv": [6.25, 3, 6.5, 3.75], "texture": "#1"},
				"east": {"uv": [3.25, 6.25, 3.5, 7], "texture": "#1"},
				"south": {"uv": [3.5, 6.25, 3.75, 7], "texture": "#1"},
				"west": {"uv": [3.75, 6.25, 4, 7], "texture": "#1"},
				"up": {"uv": [7.75, 3.25, 7.5, 3], "texture": "#1"},
				"down": {"uv": [7.75, 3.25, 7.5, 3.5], "texture": "#1"}
			}
		},
		{
			"from": [7.2, 22.92313, 7.2724],
			"to": [7.575, 26.17313, 7.9974],
			"rotation": {"angle": 22.5, "axis": "x", "origin": [7.3375, 25.43563, 6.4974]},
			"faces": {
				"north": {"uv": [6.25, 4.75, 6.5, 5.5], "texture": "#1"},
				"east": {"uv": [6.25, 5.5, 6.5, 6.25], "texture": "#1"},
				"south": {"uv": [6.25, 6.25, 6.5, 7], "texture": "#1"},
				"west": {"uv": [6.5, 0, 6.75, 0.75], "texture": "#1"},
				"up": {"uv": [3.75, 7.75, 3.5, 7.5], "texture": "#1"},
				"down": {"uv": [7.75, 3.5, 7.5, 3.75], "texture": "#1"}
			}
		},
		{
			"from": [7.2, 22.82669, 7.86673],
			"to": [7.575, 26.07669, 8.56673],
			"rotation": {"angle": -22.5, "axis": "x", "origin": [7.3375, 25.78919, 9.16673]},
			"faces": {
				"north": {"uv": [6.5, 0.75, 6.75, 1.5], "texture": "#1"},
				"east": {"uv": [6.5, 1.75, 6.75, 2.5], "texture": "#1"},
				"south": {"uv": [2.5, 6.5, 2.75, 7.25], "texture": "#1"},
				"west": {"uv": [6.5, 2.5, 6.75, 3.25], "texture": "#1"},
				"up": {"uv": [4, 7.75, 3.75, 7.5], "texture": "#1"},
				"down": {"uv": [7.75, 3.75, 7.5, 4], "texture": "#1"}
			}
		},
		{
			"from": [7.45, 0.15, 8.55],
			"to": [8.55, 19.3, 8.95],
			"rotation": {"angle": 0, "axis": "y", "origin": [8, 9.8, 8]},
			"faces": {
				"north": {"uv": [3, 0, 3.25, 4.75], "texture": "#1"},
				"east": {"uv": [3.25, 0, 3.5, 4.75], "texture": "#1"},
				"south": {"uv": [3.5, 0, 3.75, 4.75], "texture": "#1"},
				"west": {"uv": [3.75, 0, 4, 4.75], "texture": "#1"},
				"up": {"uv": [6.5, 2.75, 6.25, 2.5], "texture": "#1"},
				"down": {"uv": [7.5, 1.75, 7.25, 2], "texture": "#1"}
			}
		},
		{
			"from": [7.05, 0.125, 7.45],
			"to": [8.95, 19.325, 8.55],
			"faces": {
				"north": {"uv": [1, 0, 1.5, 4.75], "texture": "#1"},
				"east": {"uv": [0.5, 4.75, 0.75, 9.5], "texture": "#1"},
				"south": {"uv": [1.5, 0, 2, 4.75], "texture": "#1"},
				"west": {"uv": [0.75, 4.75, 1, 9.5], "texture": "#1"},
				"up": {"uv": [7, 3.5, 6.5, 3.25], "texture": "#1"},
				"down": {"uv": [7, 3.5, 6.5, 3.75], "texture": "#1"}
			}
		},
		{
			"from": [6.95, 0.175, 7.725],
			"to": [9.05, 19.275, 8.275],
			"rotation": {"angle": -45, "axis": "y", "origin": [8, 9.75, 8]},
			"faces": {
				"north": {"uv": [0, 0, 0.5, 4.75], "texture": "#1"},
				"east": {"uv": [4.75, 0, 5, 4.75], "texture": "#1"},
				"south": {"uv": [0.5, 0, 1, 4.75], "texture": "#1"},
				"west": {"uv": [0.25, 4.75, 0.5, 9.5], "texture": "#1"},
				"up": {"uv": [6.75, 4, 6.25, 3.75], "texture": "#1"},
				"down": {"uv": [6.75, 4, 6.25, 4.25], "texture": "#1"}
			}
		},
		{
			"from": [7.45, 0.15, 7.05],
			"to": [8.55, 19.3, 7.55],
			"rotation": {"angle": 0, "axis": "y", "origin": [8, 9.8, 8]},
			"faces": {
				"north": {"uv": [4, 0, 4.25, 4.75], "texture": "#1"},
				"east": {"uv": [4.25, 0, 4.5, 4.75], "texture": "#1"},
				"south": {"uv": [4.5, 0, 4.75, 4.75], "texture": "#1"},
				"west": {"uv": [0, 4.75, 0.25, 9.5], "texture": "#1"},
				"up": {"uv": [3.75, 7.5, 3.5, 7.25], "texture": "#1"},
				"down": {"uv": [4.25, 7.25, 4, 7.5], "texture": "#1"}
			}
		},
		{
			"from": [7.725, 0.175, 6.95],
			"to": [8.275, 19.275, 9.05],
			"rotation": {"angle": -45, "axis": "y", "origin": [8, 9.75, 8]},
			"faces": {
				"north": {"uv": [1, 4.75, 1.25, 9.5], "texture": "#1"},
				"east": {"uv": [2, 0, 2.5, 4.75], "texture": "#1"},
				"south": {"uv": [1.25, 4.75, 1.5, 9.5], "texture": "#1"},
				"west": {"uv": [2.5, 0, 3, 4.75], "texture": "#1"},
				"up": {"uv": [4.5, 7.25, 4.25, 6.75], "texture": "#1"},
				"down": {"uv": [4.75, 6.75, 4.5, 7.25], "texture": "#1"}
			}
		},
		{
			"from": [8.85, 18.2, 8.85],
			"to": [9.275, 19.075, 9.275],
			"rotation": {"angle": 45, "axis": "y", "origin": [9, 18.1, 9.3]},
			"faces": {
				"north": {"uv": [4, 7.5, 4.25, 7.75], "texture": "#1"},
				"east": {"uv": [7.5, 4, 7.75, 4.25], "texture": "#1"},
				"south": {"uv": [4.25, 7.5, 4.5, 7.75], "texture": "#1"},
				"west": {"uv": [7.5, 4.25, 7.75, 4.5], "texture": "#1"},
				"up": {"uv": [4.75, 7.75, 4.5, 7.5], "texture": "#1"},
				"down": {"uv": [7.75, 4.5, 7.5, 4.75], "texture": "#1"}
			}
		},
		{
			"from": [7.375, 18.2, 5.325],
			"to": [7.8, 19.075, 5.75],
			"rotation": {"angle": 45, "axis": "y", "origin": [9, 18.1, 6.8]},
			"faces": {
				"north": {"uv": [4.75, 7.5, 5, 7.75], "texture": "#1"},
				"east": {"uv": [7.5, 4.75, 7.75, 5], "texture": "#1"},
				"south": {"uv": [5, 7.5, 5.25, 7.75], "texture": "#1"},
				"west": {"uv": [7.5, 5, 7.75, 5.25], "texture": "#1"},
				"up": {"uv": [5.5, 7.75, 5.25, 7.5], "texture": "#1"},
				"down": {"uv": [7.75, 5.25, 7.5, 5.5], "texture": "#1"}
			}
		},
		{
			"from": [8.625, 18.2, 6.575],
			"to": [9.05, 19.075, 7],
			"rotation": {"angle": 45, "axis": "y", "origin": [9, 18.1, 6.8]},
			"faces": {
				"north": {"uv": [5.5, 7.5, 5.75, 7.75], "texture": "#1"},
				"east": {"uv": [7.5, 5.5, 7.75, 5.75], "texture": "#1"},
				"south": {"uv": [5.75, 7.5, 6, 7.75], "texture": "#1"},
				"west": {"uv": [7.5, 5.75, 7.75, 6], "texture": "#1"},
				"up": {"uv": [6.25, 7.75, 6, 7.5], "texture": "#1"},
				"down": {"uv": [7.75, 6, 7.5, 6.25], "texture": "#1"}
			}
		},
		{
			"from": [6.86341, 17.54205, 6.9],
			"to": [7.13841, 18.29205, 9.1],
			"rotation": {"angle": 22.5, "axis": "z", "origin": [7.02591, 18.12955, 8]},
			"faces": {
				"north": {"uv": [6.25, 7.5, 6.5, 7.75], "texture": "#1"},
				"east": {"uv": [5.25, 6.75, 5.75, 7], "texture": "#1"},
				"south": {"uv": [7.5, 6.25, 7.75, 6.5], "texture": "#1"},
				"west": {"uv": [6.75, 5.25, 7.25, 5.5], "texture": "#1"},
				"up": {"uv": [5, 7.25, 4.75, 6.75], "texture": "#1"},
				"down": {"uv": [7, 5.5, 6.75, 6], "texture": "#1"}
			}
		},
		{
			"from": [7.1, 18.2, 6.6],
			"to": [8.9, 19.1, 6.9],
			"faces": {
				"north": {"uv": [5.75, 6.75, 6.25, 7], "texture": "#1"},
				"east": {"uv": [6.5, 7.5, 6.75, 7.75], "texture": "#1"},
				"south": {"uv": [6.75, 6, 7.25, 6.25], "texture": "#1"},
				"west": {"uv": [7.5, 6.5, 7.75, 6.75], "texture": "#1"},
				"up": {"uv": [7.25, 6.5, 6.75, 6.25], "texture": "#1"},
				"down": {"uv": [7, 6.75, 6.5, 7], "texture": "#1"}
			}
		},
		{
			"from": [7.1, 17.54268, 6.66768],
			"to": [8.9, 18.29268, 6.94268],
			"rotation": {"angle": -22.5, "axis": "x", "origin": [8, 18.13018, 6.83018]},
			"faces": {
				"north": {"uv": [6.75, 6.5, 7.25, 6.75], "texture": "#1"},
				"east": {"uv": [6.75, 7.5, 7, 7.75], "texture": "#1"},
				"south": {"uv": [7, 0, 7.5, 0.25], "texture": "#1"},
				"west": {"uv": [7.5, 6.75, 7.75, 7], "texture": "#1"},
				"up": {"uv": [7.5, 0.5, 7, 0.25], "texture": "#1"},
				"down": {"uv": [7.5, 1, 7, 1.25], "texture": "#1"}
			}
		},
		{
			"from": [8.85795, 17.54205, 6.9],
			"to": [9.13295, 18.29205, 9.1],
			"rotation": {"angle": -22.5, "axis": "z", "origin": [8.97045, 18.12955, 8]},
			"faces": {
				"north": {"uv": [7, 7.5, 7.25, 7.75], "texture": "#1"},
				"east": {"uv": [7, 1.25, 7.5, 1.5], "texture": "#1"},
				"south": {"uv": [7.5, 7, 7.75, 7.25], "texture": "#1"},
				"west": {"uv": [1.5, 7, 2, 7.25], "texture": "#1"},
				"up": {"uv": [7.25, 2, 7, 1.5], "texture": "#1"},
				"down": {"uv": [2.25, 7, 2, 7.5], "texture": "#1"}
			}
		},
		{
			"from": [7.1, 17.55884, 9.06224],
			"to": [8.9, 18.28384, 9.33724],
			"rotation": {"angle": 22.5, "axis": "x", "origin": [8, 18.12134, 9.16224]},
			"faces": {
				"north": {"uv": [7, 2, 7.5, 2.25], "texture": "#1"},
				"east": {"uv": [7.25, 7.5, 7.5, 7.75], "texture": "#1"},
				"south": {"uv": [7, 2.25, 7.5, 2.5], "texture": "#1"},
				"west": {"uv": [7.5, 7.25, 7.75, 7.5], "texture": "#1"},
				"up": {"uv": [7.5, 2.75, 7, 2.5], "texture": "#1"},
				"down": {"uv": [3.25, 7, 2.75, 7.25], "texture": "#1"}
			}
		},
		{
			"from": [7.1, 18.2, 9.1],
			"to": [8.9, 19.1, 9.4],
			"rotation": {"angle": 0, "axis": "y", "origin": [0, 0, 2.5]},
			"faces": {
				"north": {"uv": [7, 2.75, 7.5, 3], "texture": "#1"},
				"east": {"uv": [7.5, 7.5, 7.75, 7.75], "texture": "#1"},
				"south": {"uv": [7, 3, 7.5, 3.25], "texture": "#1"},
				"west": {"uv": [7.75, 0, 8, 0.25], "texture": "#1"},
				"up": {"uv": [3.75, 7.25, 3.25, 7], "texture": "#1"},
				"down": {"uv": [7.5, 3.25, 7, 3.5], "texture": "#1"}
			}
		},
		{
			"from": [7.6, 18.2, 7.6],
			"to": [8.025, 19.075, 8.025],
			"rotation": {"angle": 45, "axis": "y", "origin": [9, 18.1, 9.3]},
			"faces": {
				"north": {"uv": [7.75, 0.25, 8, 0.5], "texture": "#1"},
				"east": {"uv": [7.75, 0.5, 8, 0.75], "texture": "#1"},
				"south": {"uv": [7.75, 0.75, 8, 1], "texture": "#1"},
				"west": {"uv": [7.75, 1, 8, 1.25], "texture": "#1"},
				"up": {"uv": [8, 1.5, 7.75, 1.25], "texture": "#1"},
				"down": {"uv": [1.75, 7.75, 1.5, 8], "texture": "#1"}
			}
		},
		{
			"from": [6.8, 18.2, 6.9],
			"to": [9.2, 19.1, 9.1],
			"faces": {
				"north": {"uv": [7, 3.5, 7.5, 3.75], "texture": "#1"},
				"east": {"uv": [7, 3.75, 7.5, 4], "texture": "#1"},
				"south": {"uv": [7, 4, 7.5, 4.25], "texture": "#1"},
				"west": {"uv": [7, 4.25, 7.5, 4.5], "texture": "#1"},
				"up": {"uv": [5.75, 6, 5.25, 5.5], "texture": "#1"},
				"down": {"uv": [6.25, 0.75, 5.75, 1.25], "texture": "#1"}
			}
		},
		{
			"from": [7.075, 17.525, 6.875],
			"to": [8.925, 17.575, 9.125],
			"rotation": {"angle": 0, "axis": "y", "origin": [0, 0.8, 0]},
			"faces": {
				"north": {"uv": [7, 4.5, 7.5, 4.75], "texture": "#1"},
				"east": {"uv": [7, 4.75, 7.5, 5], "texture": "#1"},
				"south": {"uv": [5, 7, 5.5, 7.25], "texture": "#1"},
				"west": {"uv": [7, 5, 7.5, 5.25], "texture": "#1"},
				"up": {"uv": [6.25, 1.75, 5.75, 1.25], "texture": "#1"},
				"down": {"uv": [6.25, 1.75, 5.75, 2.25], "texture": "#1"}
			}
		},
		{
			"from": [6.775, 0.3, 7.675],
			"to": [9.225, 2.5, 8.325],
			"rotation": {"angle": 45, "axis": "y", "origin": [8, 1.4, 8]},
			"faces": {
				"north": {"uv": [5.75, 2.25, 6.25, 2.75], "texture": "#1"},
				"east": {"uv": [2.25, 7, 2.5, 7.5], "texture": "#1"},
				"south": {"uv": [3, 5.75, 3.5, 6.25], "texture": "#1"},
				"west": {"uv": [3.75, 7, 4, 7.5], "texture": "#1"},
				"up": {"uv": [6, 7.25, 5.5, 7], "texture": "#1"},
				"down": {"uv": [7.5, 5.5, 7, 5.75], "texture": "#1"}
			}
		},
		{
			"from": [6.775, 0.3, 7.675],
			"to": [9.225, 2.5, 8.325],
			"rotation": {"angle": -45, "axis": "y", "origin": [8, 1.4, 8]},
			"faces": {
				"north": {"uv": [5.75, 3, 6.25, 3.5], "texture": "#1"},
				"east": {"uv": [6, 7, 6.25, 7.5], "texture": "#1"},
				"south": {"uv": [3.5, 5.75, 4, 6.25], "texture": "#1"},
				"west": {"uv": [6.25, 7, 6.5, 7.5], "texture": "#1"},
				"up": {"uv": [7.5, 6, 7, 5.75], "texture": "#1"},
				"down": {"uv": [7, 7, 6.5, 7.25], "texture": "#1"}
			}
		},
		{
			"from": [6.9, 0.3, 7.35],
			"to": [9.1, 2.5, 8.65],
			"faces": {
				"north": {"uv": [5.75, 3.5, 6.25, 4], "texture": "#1"},
				"east": {"uv": [7, 6.75, 7.25, 7.25], "texture": "#1"},
				"south": {"uv": [5.75, 5.5, 6.25, 6], "texture": "#1"},
				"west": {"uv": [7.25, 0.5, 7.5, 1], "texture": "#1"},
				"up": {"uv": [2, 7.5, 1.5, 7.25], "texture": "#1"},
				"down": {"uv": [7.75, 1.5, 7.25, 1.75], "texture": "#1"}
			}
		},
		{
			"from": [7.35, 0.3, 6.9],
			"to": [8.65, 2.5, 9.1],
			"rotation": {"angle": 0, "axis": "y", "origin": [8, 1.4, 8]},
			"faces": {
				"north": {"uv": [2.5, 7.25, 2.75, 7.75], "texture": "#1"},
				"east": {"uv": [4.25, 6, 4.75, 6.5], "texture": "#1"},
				"south": {"uv": [2.75, 7.25, 3, 7.75], "texture": "#1"},
				"west": {"uv": [4.75, 6, 5.25, 6.5], "texture": "#1"},
				"up": {"uv": [3.25, 7.75, 3, 7.25], "texture": "#1"},
				"down": {"uv": [3.5, 7.25, 3.25, 7.75], "texture": "#1"}
			}
		}
	],
	"display": {
		"thirdperson_righthand": {
			"rotation": [13, 27, 0],
			"translation": [0.25, -0.75, 1.75],
			"scale": [0.7, 0.7, 0.7]
		},
		"thirdperson_lefthand": {
			"rotation": [0, 15, 180],
			"translation": [-0.75, -3.5, 1],
			"scale": [0.7, 0.7, 0.7]
		},
		"firstperson_righthand": {
			"rotation": [-4, 27, 0],
			"translation": [2, 0, 0],
			"scale": [0.7, 0.7, 0.7]
		},
		"firstperson_lefthand": {
			"rotation": [-44, 19, 180],
			"translation": [-2.75, -3.75, 8]
		},
		"ground": {
			"rotation": [0, 0, -90],
			"translation": [-3.25, -2.75, 0],
			"scale": [0.6, 0.6, 0.6]
		},
		"gui": {
			"rotation": [90, -45, 75],
			"translation": [2.75, -2.75, 0],
			"scale": [0.7, 0.7, 0.7]
		},
		"head": {
			"rotation": [35, 59, 134],
			"translation": [10.5, 18.25, 0],
			"scale": [0.8, 0.8, 0.8]
		},
		"fixed": {
			"rotation": [90, -135, 90],
			"translation": [-3.25, -2.75, 0.5],
			"scale": [0.7, 0.7, 0.7]
		}
	},
	"groups": [
		0,
		1,
		2,
		3,
		4,
		5,
		6,
		7,
		8,
		9,
		10,
		11,
		12,
		13,
		14,
		15,
		16,
		{
			"name": "handle",
			"origin": [8, 9.75, 8],
			"color": 0,
			"children": [17, 18, 19, 20, 21]
		},
		22,
		23,
		24,
		25,
		26,
		27,
		28,
		29,
		30,
		31,
		32,
		33,
		34,
		35,
		36,
		37
	]
}