{
	"credit": "Made by LongWayToHome",
	"texture_size": [64, 64],
	"textures": {
		"1": "item/ironhoe"
	},
	"elements": [
		{
			"from": [7.45, 0.15, 8.55],
			"to": [8.55, 19.3, 8.95],
			"rotation": {"angle": 0, "axis": "y", "origin": [8, 9.8, 8]},
			"faces": {
				"north": {"uv": [3, 0, 3.25, 4.75], "texture": "#1"},
				"east": {"uv": [3.25, 0, 3.5, 4.75], "texture": "#1"},
				"south": {"uv": [3.5, 0, 3.75, 4.75], "texture": "#1"},
				"west": {"uv": [3.75, 0, 4, 4.75], "texture": "#1"},
				"up": {"uv": [5.25, 6.5, 5, 6.25], "texture": "#1"},
				"down": {"uv": [4, 7.25, 3.75, 7.5], "texture": "#1"}
			}
		},
		{
			"from": [7.45, 0.15, 7.05],
			"to": [8.55, 19.3, 7.55],
			"rotation": {"angle": 0, "axis": "y", "origin": [8, 9.8, 8]},
			"faces": {
				"north": {"uv": [4, 0, 4.25, 4.75], "texture": "#1"},
				"east": {"uv": [4.25, 0, 4.5, 4.75], "texture": "#1"},
				"south": {"uv": [4.5, 0, 4.75, 4.75], "texture": "#1"},
				"west": {"uv": [0, 4.75, 0.25, 9.5], "texture": "#1"},
				"up": {"uv": [4.25, 7.5, 4, 7.25], "texture": "#1"},
				"down": {"uv": [4.5, 7.25, 4.25, 7.5], "texture": "#1"}
			}
		},
		{
			"from": [6.95, 0.175, 7.725],
			"to": [9.05, 19.275, 8.275],
			"rotation": {"angle": -45, "axis": "y", "origin": [8, 9.75, 8]},
			"faces": {
				"north": {"uv": [0, 0, 0.5, 4.75], "texture": "#1"},
				"east": {"uv": [4.75, 0, 5, 4.75], "texture": "#1"},
				"south": {"uv": [0.5, 0, 1, 4.75], "texture": "#1"},
				"west": {"uv": [0.25, 4.75, 0.5, 9.5], "texture": "#1"},
				"up": {"uv": [5, 5.5, 4.5, 5.25], "texture": "#1"},
				"down": {"uv": [2.25, 5.75, 1.75, 6], "texture": "#1"}
			}
		},
		{
			"from": [7.05, 0.125, 7.45],
			"to": [8.95, 19.325, 8.55],
			"faces": {
				"north": {"uv": [1, 0, 1.5, 4.75], "texture": "#1"},
				"east": {"uv": [0.5, 4.75, 0.75, 9.5], "texture": "#1"},
				"south": {"uv": [1.5, 0, 2, 4.75], "texture": "#1"},
				"west": {"uv": [0.75, 4.75, 1, 9.5], "texture": "#1"},
				"up": {"uv": [2.75, 6, 2.25, 5.75], "texture": "#1"},
				"down": {"uv": [3.25, 5.75, 2.75, 6], "texture": "#1"}
			}
		},
		{
			"from": [7.725, 0.175, 6.95],
			"to": [8.275, 19.275, 9.05],
			"rotation": {"angle": -45, "axis": "y", "origin": [8, 9.75, 8]},
			"faces": {
				"north": {"uv": [1, 4.75, 1.25, 9.5], "texture": "#1"},
				"east": {"uv": [2, 0, 2.5, 4.75], "texture": "#1"},
				"south": {"uv": [1.25, 4.75, 1.5, 9.5], "texture": "#1"},
				"west": {"uv": [2.5, 0, 3, 4.75], "texture": "#1"},
				"up": {"uv": [3.5, 6.25, 3.25, 5.75], "texture": "#1"},
				"down": {"uv": [3.75, 5.75, 3.5, 6.25], "texture": "#1"}
			}
		},
		{
			"from": [8.85, 17.4, 8.85],
			"to": [9.275, 19.075, 9.275],
			"rotation": {"angle": 45, "axis": "y", "origin": [9, 18.1, 9.3]},
			"faces": {
				"north": {"uv": [3.75, 5.75, 4, 6.25], "texture": "#1"},
				"east": {"uv": [4, 5.75, 4.25, 6.25], "texture": "#1"},
				"south": {"uv": [4.25, 5.75, 4.5, 6.25], "texture": "#1"},
				"west": {"uv": [4.5, 5.75, 4.75, 6.25], "texture": "#1"},
				"up": {"uv": [4.75, 7.5, 4.5, 7.25], "texture": "#1"},
				"down": {"uv": [5, 7.25, 4.75, 7.5], "texture": "#1"}
			}
		},
		{
			"from": [7.375, 17.4, 5.325],
			"to": [7.8, 19.075, 5.75],
			"rotation": {"angle": 45, "axis": "y", "origin": [9, 18.1, 6.8]},
			"faces": {
				"north": {"uv": [4.75, 5.75, 5, 6.25], "texture": "#1"},
				"east": {"uv": [5.75, 4.75, 6, 5.25], "texture": "#1"},
				"south": {"uv": [5, 5.75, 5.25, 6.25], "texture": "#1"},
				"west": {"uv": [5.75, 5.25, 6, 5.75], "texture": "#1"},
				"up": {"uv": [7.5, 5, 7.25, 4.75], "texture": "#1"},
				"down": {"uv": [5.25, 7.25, 5, 7.5], "texture": "#1"}
			}
		},
		{
			"from": [8.625, 17.4, 6.575],
			"to": [9.05, 19.075, 7],
			"rotation": {"angle": 45, "axis": "y", "origin": [9, 18.1, 6.8]},
			"faces": {
				"north": {"uv": [5.5, 5.75, 5.75, 6.25], "texture": "#1"},
				"east": {"uv": [5.75, 5.75, 6, 6.25], "texture": "#1"},
				"south": {"uv": [1.75, 6, 2, 6.5], "texture": "#1"},
				"west": {"uv": [2, 6, 2.25, 6.5], "texture": "#1"},
				"up": {"uv": [7.5, 5.25, 7.25, 5], "texture": "#1"},
				"down": {"uv": [5.5, 7.25, 5.25, 7.5], "texture": "#1"}
			}
		},
		{
			"from": [7.35, 15.7625, 6.9],
			"to": [7.775, 15.9875, 9.1],
			"rotation": {"angle": -45, "axis": "z", "origin": [9.05, 17.25, 8]},
			"faces": {
				"north": {"uv": [7.25, 5.25, 7.5, 5.5], "texture": "#1"},
				"east": {"uv": [2.25, 6, 2.75, 6.25], "texture": "#1"},
				"south": {"uv": [5.5, 7.25, 5.75, 7.5], "texture": "#1"},
				"west": {"uv": [2.75, 6, 3.25, 6.25], "texture": "#1"},
				"up": {"uv": [6.25, 5.25, 6, 4.75], "texture": "#1"},
				"down": {"uv": [5.5, 6, 5.25, 6.5], "texture": "#1"}
			}
		},
		{
			"from": [7.1, 17.4, 6.6],
			"to": [8.9, 19.1, 6.9],
			"faces": {
				"north": {"uv": [2.5, 4.75, 3, 5.25], "texture": "#1"},
				"east": {"uv": [6, 5.25, 6.25, 5.75], "texture": "#1"},
				"south": {"uv": [3, 4.75, 3.5, 5.25], "texture": "#1"},
				"west": {"uv": [6, 5.75, 6.25, 6.25], "texture": "#1"},
				"up": {"uv": [6.75, 0.25, 6.25, 0], "texture": "#1"},
				"down": {"uv": [6.75, 0.25, 6.25, 0.5], "texture": "#1"}
			}
		},
		{
			"from": [7.1, 17.1, 6.725],
			"to": [8.9, 17.525, 6.95],
			"rotation": {"angle": -45, "axis": "x", "origin": [8.0375, 17.3125, 6.8125]},
			"faces": {
				"north": {"uv": [6.25, 0.5, 6.75, 0.75], "texture": "#1"},
				"east": {"uv": [7.25, 5.5, 7.5, 5.75], "texture": "#1"},
				"south": {"uv": [6.25, 0.75, 6.75, 1], "texture": "#1"},
				"west": {"uv": [5.75, 7.25, 6, 7.5], "texture": "#1"},
				"up": {"uv": [6.75, 1.25, 6.25, 1], "texture": "#1"},
				"down": {"uv": [6.75, 1.25, 6.25, 1.5], "texture": "#1"}
			}
		},
		{
			"from": [8.825, 17.0375, 6.9],
			"to": [9.05, 17.4625, 9.1],
			"rotation": {"angle": -45, "axis": "z", "origin": [9.05, 17.25, 8]},
			"faces": {
				"north": {"uv": [7.25, 5.75, 7.5, 6], "texture": "#1"},
				"east": {"uv": [6.25, 1.5, 6.75, 1.75], "texture": "#1"},
				"south": {"uv": [6, 7.25, 6.25, 7.5], "texture": "#1"},
				"west": {"uv": [6.25, 1.75, 6.75, 2], "texture": "#1"},
				"up": {"uv": [1.75, 6.75, 1.5, 6.25], "texture": "#1"},
				"down": {"uv": [6.5, 2, 6.25, 2.5], "texture": "#1"}
			}
		},
		{
			"from": [7.1, 17.325, 9],
			"to": [8.9, 17.525, 9.425],
			"rotation": {"angle": -45, "axis": "x", "origin": [8.0375, 17.3125, 9.3125]},
			"faces": {
				"north": {"uv": [2.25, 6.25, 2.75, 6.5], "texture": "#1"},
				"east": {"uv": [7.25, 6, 7.5, 6.25], "texture": "#1"},
				"south": {"uv": [6.25, 2.5, 6.75, 2.75], "texture": "#1"},
				"west": {"uv": [6.25, 7.25, 6.5, 7.5], "texture": "#1"},
				"up": {"uv": [3.25, 6.5, 2.75, 6.25], "texture": "#1"},
				"down": {"uv": [6.75, 2.75, 6.25, 3], "texture": "#1"}
			}
		},
		{
			"from": [7.1, 17.4, 9.1],
			"to": [8.9, 19.1, 9.4],
			"rotation": {"angle": 0, "axis": "y", "origin": [0, 0, 2.5]},
			"faces": {
				"north": {"uv": [3.5, 4.75, 4, 5.25], "texture": "#1"},
				"east": {"uv": [6.25, 3, 6.5, 3.5], "texture": "#1"},
				"south": {"uv": [4, 4.75, 4.5, 5.25], "texture": "#1"},
				"west": {"uv": [3.25, 6.25, 3.5, 6.75], "texture": "#1"},
				"up": {"uv": [4, 6.5, 3.5, 6.25], "texture": "#1"},
				"down": {"uv": [6.75, 3.5, 6.25, 3.75], "texture": "#1"}
			}
		},
		{
			"from": [7.6, 17.4, 7.6],
			"to": [8.025, 19.075, 8.025],
			"rotation": {"angle": 45, "axis": "y", "origin": [9, 18.1, 9.3]},
			"faces": {
				"north": {"uv": [6.25, 3.75, 6.5, 4.25], "texture": "#1"},
				"east": {"uv": [4, 6.25, 4.25, 6.75], "texture": "#1"},
				"south": {"uv": [4.25, 6.25, 4.5, 6.75], "texture": "#1"},
				"west": {"uv": [6.25, 4.25, 6.5, 4.75], "texture": "#1"},
				"up": {"uv": [6.75, 7.5, 6.5, 7.25], "texture": "#1"},
				"down": {"uv": [7, 7.25, 6.75, 7.5], "texture": "#1"}
			}
		},
		{
			"from": [6.8, 17.4, 6.9],
			"to": [9.2, 19.1, 9.1],
			"faces": {
				"north": {"uv": [4.5, 4.75, 5, 5.25], "texture": "#1"},
				"east": {"uv": [5, 0, 5.5, 0.5], "texture": "#1"},
				"south": {"uv": [5, 0.5, 5.5, 1], "texture": "#1"},
				"west": {"uv": [5, 1, 5.5, 1.5], "texture": "#1"},
				"up": {"uv": [5.5, 2, 5, 1.5], "texture": "#1"},
				"down": {"uv": [5.5, 2, 5, 2.5], "texture": "#1"}
			}
		},
		{
			"from": [6.6, 17, 0.4],
			"to": [9.4, 17.2, 0.7],
			"rotation": {"angle": -45, "axis": "x", "origin": [8, 17.3, 0.95]},
			"faces": {
				"north": {"uv": [1.5, 5.25, 2.25, 5.5], "texture": "#1"},
				"east": {"uv": [7, 7.25, 7.25, 7.5], "texture": "#1"},
				"south": {"uv": [2.25, 5.25, 3, 5.5], "texture": "#1"},
				"west": {"uv": [7.25, 7.25, 7.5, 7.5], "texture": "#1"},
				"up": {"uv": [3.75, 5.5, 3, 5.25], "texture": "#1"},
				"down": {"uv": [4.5, 5.25, 3.75, 5.5], "texture": "#1"}
			}
		},
		{
			"from": [6.625, 16.975, 0.7],
			"to": [9.375, 17.2, 1.1],
			"rotation": {"angle": -45, "axis": "x", "origin": [8, 17.3, 0.95]},
			"faces": {
				"north": {"uv": [5.5, 0, 6.25, 0.25], "texture": "#1"},
				"east": {"uv": [7.5, 0.5, 7.75, 0.75], "texture": "#1"},
				"south": {"uv": [5.5, 0.25, 6.25, 0.5], "texture": "#1"},
				"west": {"uv": [7.5, 0.75, 7.75, 1], "texture": "#1"},
				"up": {"uv": [6.25, 0.75, 5.5, 0.5], "texture": "#1"},
				"down": {"uv": [6.25, 0.75, 5.5, 1], "texture": "#1"}
			}
		},
		{
			"from": [6.65, 16.95, 1.1],
			"to": [9.35, 17.2, 1.5],
			"rotation": {"angle": -45, "axis": "x", "origin": [8, 17.3, 0.95]},
			"faces": {
				"north": {"uv": [5.5, 1, 6.25, 1.25], "texture": "#1"},
				"east": {"uv": [7.5, 1, 7.75, 1.25], "texture": "#1"},
				"south": {"uv": [5.5, 1.25, 6.25, 1.5], "texture": "#1"},
				"west": {"uv": [7.5, 1.25, 7.75, 1.5], "texture": "#1"},
				"up": {"uv": [2.25, 5.75, 1.5, 5.5], "texture": "#1"},
				"down": {"uv": [6.25, 1.5, 5.5, 1.75], "texture": "#1"}
			}
		},
		{
			"from": [6.675, 17.575, 1.5],
			"to": [9.325, 17.825, 1.7],
			"rotation": {"angle": -22.5, "axis": "x", "origin": [8, 17.5, 2.05]},
			"faces": {
				"north": {"uv": [5.5, 1.75, 6.25, 2], "texture": "#1"},
				"east": {"uv": [1.5, 7.5, 1.75, 7.75], "texture": "#1"},
				"south": {"uv": [5.5, 2, 6.25, 2.25], "texture": "#1"},
				"west": {"uv": [1.75, 7.5, 2, 7.75], "texture": "#1"},
				"up": {"uv": [3, 5.75, 2.25, 5.5], "texture": "#1"},
				"down": {"uv": [6.25, 2.25, 5.5, 2.5], "texture": "#1"}
			}
		},
		{
			"from": [6.7, 17.575, 1.7],
			"to": [9.3, 17.825, 2],
			"rotation": {"angle": -22.5, "axis": "x", "origin": [8, 17.5, 2.05]},
			"faces": {
				"north": {"uv": [5.5, 2.5, 6.25, 2.75], "texture": "#1"},
				"east": {"uv": [7.5, 2, 7.75, 2.25], "texture": "#1"},
				"south": {"uv": [5.5, 2.75, 6.25, 3], "texture": "#1"},
				"west": {"uv": [7.5, 2.25, 7.75, 2.5], "texture": "#1"},
				"up": {"uv": [3.75, 5.75, 3, 5.5], "texture": "#1"},
				"down": {"uv": [6.25, 3, 5.5, 3.25], "texture": "#1"}
			}
		},
		{
			"from": [6.725, 17.55, 2],
			"to": [9.275, 17.85, 2.2],
			"rotation": {"angle": -22.5, "axis": "x", "origin": [8, 17.5, 2.05]},
			"faces": {
				"north": {"uv": [5.5, 3.25, 6.25, 3.5], "texture": "#1"},
				"east": {"uv": [2.5, 7.5, 2.75, 7.75], "texture": "#1"},
				"south": {"uv": [5.5, 3.5, 6.25, 3.75], "texture": "#1"},
				"west": {"uv": [7.5, 2.5, 7.75, 2.75], "texture": "#1"},
				"up": {"uv": [4.5, 5.75, 3.75, 5.5], "texture": "#1"},
				"down": {"uv": [6.25, 3.75, 5.5, 4], "texture": "#1"}
			}
		},
		{
			"from": [6.75, 17.525, 2.2],
			"to": [9.25, 17.85, 2.5],
			"rotation": {"angle": -22.5, "axis": "x", "origin": [8, 17.5, 2.05]},
			"faces": {
				"north": {"uv": [5.5, 4, 6.25, 4.25], "texture": "#1"},
				"east": {"uv": [2.75, 7.5, 3, 7.75], "texture": "#1"},
				"south": {"uv": [5.5, 4.25, 6.25, 4.5], "texture": "#1"},
				"west": {"uv": [7.5, 2.75, 7.75, 3], "texture": "#1"},
				"up": {"uv": [5.25, 5.75, 4.5, 5.5], "texture": "#1"},
				"down": {"uv": [6.25, 4.5, 5.5, 4.75], "texture": "#1"}
			}
		},
		{
			"from": [6.775, 17.5, 2.5],
			"to": [9.225, 17.825, 2.7],
			"rotation": {"angle": -22.5, "axis": "x", "origin": [8, 17.5, 2.05]},
			"faces": {
				"north": {"uv": [4.5, 6.25, 5, 6.5], "texture": "#1"},
				"east": {"uv": [7.5, 3, 7.75, 3.25], "texture": "#1"},
				"south": {"uv": [6.25, 4.75, 6.75, 5], "texture": "#1"},
				"west": {"uv": [3.25, 7.5, 3.5, 7.75], "texture": "#1"},
				"up": {"uv": [6.75, 5.25, 6.25, 5], "texture": "#1"},
				"down": {"uv": [6.75, 5.25, 6.25, 5.5], "texture": "#1"}
			}
		},
		{
			"from": [6.8, 17.475, 2.7],
			"to": [9.2, 17.85, 3],
			"rotation": {"angle": -22.5, "axis": "x", "origin": [8, 17.5, 2.05]},
			"faces": {
				"north": {"uv": [5.5, 6.25, 6, 6.5], "texture": "#1"},
				"east": {"uv": [7.5, 3.25, 7.75, 3.5], "texture": "#1"},
				"south": {"uv": [6.25, 5.5, 6.75, 5.75], "texture": "#1"},
				"west": {"uv": [3.5, 7.5, 3.75, 7.75], "texture": "#1"},
				"up": {"uv": [6.75, 6, 6.25, 5.75], "texture": "#1"},
				"down": {"uv": [6.5, 6.25, 6, 6.5], "texture": "#1"}
			}
		},
		{
			"from": [6.825, 17.45, 3],
			"to": [9.175, 17.825, 3.2],
			"rotation": {"angle": -22.5, "axis": "x", "origin": [8, 17.5, 2.05]},
			"faces": {
				"north": {"uv": [6.25, 6, 6.75, 6.25], "texture": "#1"},
				"east": {"uv": [3.75, 7.5, 4, 7.75], "texture": "#1"},
				"south": {"uv": [1.75, 6.5, 2.25, 6.75], "texture": "#1"},
				"west": {"uv": [7.5, 3.75, 7.75, 4], "texture": "#1"},
				"up": {"uv": [7, 2.25, 6.5, 2], "texture": "#1"},
				"down": {"uv": [2.75, 6.5, 2.25, 6.75], "texture": "#1"}
			}
		},
		{
			"from": [6.85, 17.425, 3.2],
			"to": [9.15, 17.825, 3.5],
			"rotation": {"angle": -22.5, "axis": "x", "origin": [8, 17.5, 2.05]},
			"faces": {
				"north": {"uv": [6.5, 2.25, 7, 2.5], "texture": "#1"},
				"east": {"uv": [4, 7.5, 4.25, 7.75], "texture": "#1"},
				"south": {"uv": [2.75, 6.5, 3.25, 6.75], "texture": "#1"},
				"west": {"uv": [7.5, 4, 7.75, 4.25], "texture": "#1"},
				"up": {"uv": [7, 3.25, 6.5, 3], "texture": "#1"},
				"down": {"uv": [7, 3.25, 6.5, 3.5], "texture": "#1"}
			}
		},
		{
			"from": [6.9, 17.95, 3.5],
			"to": [9.1, 18.375, 3.7],
			"faces": {
				"north": {"uv": [3.5, 6.5, 4, 6.75], "texture": "#1"},
				"east": {"uv": [4.25, 7.5, 4.5, 7.75], "texture": "#1"},
				"south": {"uv": [6.5, 3.75, 7, 4], "texture": "#1"},
				"west": {"uv": [7.5, 4.25, 7.75, 4.5], "texture": "#1"},
				"up": {"uv": [7, 4.25, 6.5, 4], "texture": "#1"},
				"down": {"uv": [7, 4.25, 6.5, 4.5], "texture": "#1"}
			}
		},
		{
			"from": [6.875, 17.925, 3.25],
			"to": [9.125, 18.35, 3.5],
			"faces": {
				"north": {"uv": [4.5, 6.5, 5, 6.75], "texture": "#1"},
				"east": {"uv": [4.5, 7.5, 4.75, 7.75], "texture": "#1"},
				"south": {"uv": [6.5, 4.5, 7, 4.75], "texture": "#1"},
				"west": {"uv": [7.5, 4.5, 7.75, 4.75], "texture": "#1"},
				"up": {"uv": [5.5, 6.75, 5, 6.5], "texture": "#1"},
				"down": {"uv": [6, 6.5, 5.5, 6.75], "texture": "#1"}
			}
		},
		{
			"from": [6.925, 17.95, 3.7],
			"to": [9.075, 18.4, 3.9],
			"faces": {
				"north": {"uv": [6, 6.5, 6.5, 6.75], "texture": "#1"},
				"east": {"uv": [4.75, 7.5, 5, 7.75], "texture": "#1"},
				"south": {"uv": [6.5, 6.25, 7, 6.5], "texture": "#1"},
				"west": {"uv": [7.5, 4.75, 7.75, 5], "texture": "#1"},
				"up": {"uv": [7, 6.75, 6.5, 6.5], "texture": "#1"},
				"down": {"uv": [7.25, 0, 6.75, 0.25], "texture": "#1"}
			}
		},
		{
			"from": [6.95, 17.95, 3.9],
			"to": [9.05, 18.425, 4.1],
			"faces": {
				"north": {"uv": [6.75, 0.25, 7.25, 0.5], "texture": "#1"},
				"east": {"uv": [5, 7.5, 5.25, 7.75], "texture": "#1"},
				"south": {"uv": [6.75, 0.5, 7.25, 0.75], "texture": "#1"},
				"west": {"uv": [7.5, 5, 7.75, 5.25], "texture": "#1"},
				"up": {"uv": [7.25, 1, 6.75, 0.75], "texture": "#1"},
				"down": {"uv": [7.25, 1, 6.75, 1.25], "texture": "#1"}
			}
		},
		{
			"from": [6.975, 17.975, 4.1],
			"to": [9.025, 18.45, 4.3],
			"faces": {
				"north": {"uv": [6.75, 1.25, 7.25, 1.5], "texture": "#1"},
				"east": {"uv": [5.25, 7.5, 5.5, 7.75], "texture": "#1"},
				"south": {"uv": [1.5, 6.75, 2, 7], "texture": "#1"},
				"west": {"uv": [7.5, 5.25, 7.75, 5.5], "texture": "#1"},
				"up": {"uv": [7.25, 1.75, 6.75, 1.5], "texture": "#1"},
				"down": {"uv": [7.25, 1.75, 6.75, 2], "texture": "#1"}
			}
		},
		{
			"from": [7.025, 17.975, 4.5],
			"to": [8.975, 18.5, 4.7],
			"faces": {
				"north": {"uv": [2, 6.75, 2.5, 7], "texture": "#1"},
				"east": {"uv": [5.5, 7.5, 5.75, 7.75], "texture": "#1"},
				"south": {"uv": [2.5, 6.75, 3, 7], "texture": "#1"},
				"west": {"uv": [7.5, 5.5, 7.75, 5.75], "texture": "#1"},
				"up": {"uv": [7.25, 2.75, 6.75, 2.5], "texture": "#1"},
				"down": {"uv": [7.25, 2.75, 6.75, 3], "texture": "#1"}
			}
		},
		{
			"from": [7, 17.975, 4.3],
			"to": [9, 18.475, 4.5],
			"faces": {
				"north": {"uv": [3, 6.75, 3.5, 7], "texture": "#1"},
				"east": {"uv": [5.75, 7.5, 6, 7.75], "texture": "#1"},
				"south": {"uv": [3.5, 6.75, 4, 7], "texture": "#1"},
				"west": {"uv": [7.5, 5.75, 7.75, 6], "texture": "#1"},
				"up": {"uv": [7.25, 3.75, 6.75, 3.5], "texture": "#1"},
				"down": {"uv": [4.5, 6.75, 4, 7], "texture": "#1"}
			}
		},
		{
			"from": [7.05, 17.975, 4.7],
			"to": [8.95, 18.525, 4.9],
			"faces": {
				"north": {"uv": [4.5, 6.75, 5, 7], "texture": "#1"},
				"east": {"uv": [6, 7.5, 6.25, 7.75], "texture": "#1"},
				"south": {"uv": [6.75, 4.75, 7.25, 5], "texture": "#1"},
				"west": {"uv": [7.5, 6, 7.75, 6.25], "texture": "#1"},
				"up": {"uv": [5.5, 7, 5, 6.75], "texture": "#1"},
				"down": {"uv": [7.25, 5, 6.75, 5.25], "texture": "#1"}
			}
		},
		{
			"from": [7.1, 17.925, 5.1],
			"to": [8.9, 18.575, 5.3],
			"faces": {
				"north": {"uv": [6.75, 5.25, 7.25, 5.5], "texture": "#1"},
				"east": {"uv": [6.25, 7.5, 6.5, 7.75], "texture": "#1"},
				"south": {"uv": [5.5, 6.75, 6, 7], "texture": "#1"},
				"west": {"uv": [7.5, 6.25, 7.75, 6.5], "texture": "#1"},
				"up": {"uv": [7.25, 5.75, 6.75, 5.5], "texture": "#1"},
				"down": {"uv": [7.25, 5.75, 6.75, 6], "texture": "#1"}
			}
		},
		{
			"from": [7.075, 17.95, 4.9],
			"to": [8.925, 18.55, 5.1],
			"faces": {
				"north": {"uv": [6, 6.75, 6.5, 7], "texture": "#1"},
				"east": {"uv": [6.5, 7.5, 6.75, 7.75], "texture": "#1"},
				"south": {"uv": [6.75, 6, 7.25, 6.25], "texture": "#1"},
				"west": {"uv": [7.5, 6.5, 7.75, 6.75], "texture": "#1"},
				"up": {"uv": [7, 7, 6.5, 6.75], "texture": "#1"},
				"down": {"uv": [2, 7, 1.5, 7.25], "texture": "#1"}
			}
		},
		{
			"from": [7.125, 17.9, 5.3],
			"to": [8.875, 18.6, 5.5],
			"faces": {
				"north": {"uv": [2, 7, 2.5, 7.25], "texture": "#1"},
				"east": {"uv": [6.75, 7.5, 7, 7.75], "texture": "#1"},
				"south": {"uv": [7, 2, 7.5, 2.25], "texture": "#1"},
				"west": {"uv": [7.5, 6.75, 7.75, 7], "texture": "#1"},
				"up": {"uv": [7.5, 2.5, 7, 2.25], "texture": "#1"},
				"down": {"uv": [3, 7, 2.5, 7.25], "texture": "#1"}
			}
		},
		{
			"from": [7.15, 17.875, 5.5],
			"to": [8.85, 18.625, 5.7],
			"faces": {
				"north": {"uv": [3, 7, 3.5, 7.25], "texture": "#1"},
				"east": {"uv": [7, 7.5, 7.25, 7.75], "texture": "#1"},
				"south": {"uv": [7, 3, 7.5, 3.25], "texture": "#1"},
				"west": {"uv": [7.5, 7, 7.75, 7.25], "texture": "#1"},
				"up": {"uv": [7.5, 3.5, 7, 3.25], "texture": "#1"},
				"down": {"uv": [4, 7, 3.5, 7.25], "texture": "#1"}
			}
		},
		{
			"from": [7.1, 17.75, 6.3],
			"to": [8.9, 18.75, 6.6],
			"faces": {
				"north": {"uv": [7, 3.75, 7.5, 4], "texture": "#1"},
				"east": {"uv": [7.25, 7.5, 7.5, 7.75], "texture": "#1"},
				"south": {"uv": [4, 7, 4.5, 7.25], "texture": "#1"},
				"west": {"uv": [7.5, 7.25, 7.75, 7.5], "texture": "#1"},
				"up": {"uv": [7.5, 4.25, 7, 4], "texture": "#1"},
				"down": {"uv": [7.5, 4.25, 7, 4.5], "texture": "#1"}
			}
		},
		{
			"from": [7.125, 17.8, 6.1],
			"to": [8.875, 18.7, 6.3],
			"faces": {
				"north": {"uv": [4.5, 7, 5, 7.25], "texture": "#1"},
				"east": {"uv": [7.5, 7.5, 7.75, 7.75], "texture": "#1"},
				"south": {"uv": [7, 4.5, 7.5, 4.75], "texture": "#1"},
				"west": {"uv": [7.75, 0, 8, 0.25], "texture": "#1"},
				"up": {"uv": [5.5, 7.25, 5, 7], "texture": "#1"},
				"down": {"uv": [6, 7, 5.5, 7.25], "texture": "#1"}
			}
		},
		{
			"from": [7.15, 17.825, 5.9],
			"to": [8.85, 18.65, 6.1],
			"faces": {
				"north": {"uv": [6, 7, 6.5, 7.25], "texture": "#1"},
				"east": {"uv": [7.75, 0.25, 8, 0.5], "texture": "#1"},
				"south": {"uv": [7, 6.25, 7.5, 6.5], "texture": "#1"},
				"west": {"uv": [7.75, 0.5, 8, 0.75], "texture": "#1"},
				"up": {"uv": [7, 7.25, 6.5, 7], "texture": "#1"},
				"down": {"uv": [7.5, 6.5, 7, 6.75], "texture": "#1"}
			}
		},
		{
			"from": [7.175, 17.85, 5.7],
			"to": [8.825, 18.65, 5.9],
			"faces": {
				"north": {"uv": [7, 6.75, 7.5, 7], "texture": "#1"},
				"east": {"uv": [7.75, 0.75, 8, 1], "texture": "#1"},
				"south": {"uv": [7, 7, 7.5, 7.25], "texture": "#1"},
				"west": {"uv": [7.75, 1, 8, 1.25], "texture": "#1"},
				"up": {"uv": [7.75, 0.25, 7.25, 0], "texture": "#1"},
				"down": {"uv": [7.75, 0.25, 7.25, 0.5], "texture": "#1"}
			}
		},
		{
			"from": [6.775, 0.3, 7.675],
			"to": [9.225, 2.5, 8.325],
			"rotation": {"angle": 45, "axis": "y", "origin": [8, 1.4, 8]},
			"faces": {
				"north": {"uv": [5, 2.5, 5.5, 3], "texture": "#1"},
				"east": {"uv": [7.25, 0.5, 7.5, 1], "texture": "#1"},
				"south": {"uv": [5, 3, 5.5, 3.5], "texture": "#1"},
				"west": {"uv": [7.25, 1, 7.5, 1.5], "texture": "#1"},
				"up": {"uv": [2, 7.5, 1.5, 7.25], "texture": "#1"},
				"down": {"uv": [7.75, 1.5, 7.25, 1.75], "texture": "#1"}
			}
		},
		{
			"from": [6.775, 0.3, 7.675],
			"to": [9.225, 2.5, 8.325],
			"rotation": {"angle": -45, "axis": "y", "origin": [8, 1.4, 8]},
			"faces": {
				"north": {"uv": [5, 3.5, 5.5, 4], "texture": "#1"},
				"east": {"uv": [2, 7.25, 2.25, 7.75], "texture": "#1"},
				"south": {"uv": [5, 4, 5.5, 4.5], "texture": "#1"},
				"west": {"uv": [2.25, 7.25, 2.5, 7.75], "texture": "#1"},
				"up": {"uv": [7.75, 2, 7.25, 1.75], "texture": "#1"},
				"down": {"uv": [3, 7.25, 2.5, 7.5], "texture": "#1"}
			}
		},
		{
			"from": [6.9, 0.3, 7.35],
			"to": [9.1, 2.5, 8.65],
			"faces": {
				"north": {"uv": [5, 4.5, 5.5, 5], "texture": "#1"},
				"east": {"uv": [7.25, 2.5, 7.5, 3], "texture": "#1"},
				"south": {"uv": [5, 5, 5.5, 5.5], "texture": "#1"},
				"west": {"uv": [3, 7.25, 3.25, 7.75], "texture": "#1"},
				"up": {"uv": [3.75, 7.5, 3.25, 7.25], "texture": "#1"},
				"down": {"uv": [7.75, 3.5, 7.25, 3.75], "texture": "#1"}
			}
		},
		{
			"from": [7.35, 0.3, 6.9],
			"to": [8.65, 2.5, 9.1],
			"rotation": {"angle": 0, "axis": "y", "origin": [8, 1.4, 8]},
			"faces": {
				"north": {"uv": [5.5, 4.75, 5.75, 5.25], "texture": "#1"},
				"east": {"uv": [1.5, 4.75, 2, 5.25], "texture": "#1"},
				"south": {"uv": [5.25, 5.5, 5.5, 6], "texture": "#1"},
				"west": {"uv": [2, 4.75, 2.5, 5.25], "texture": "#1"},
				"up": {"uv": [5.75, 5.75, 5.5, 5.25], "texture": "#1"},
				"down": {"uv": [1.75, 5.75, 1.5, 6.25], "texture": "#1"}
			}
		}
	],
	"display": {
		"thirdperson_righthand": {
			"translation": [0, -0.25, 1],
			"scale": [0.7, 0.7, 0.7]
		},
		"thirdperson_lefthand": {
			"rotation": [0, -19, 180],
			"translation": [-1, -3.5, 1.25],
			"scale": [0.7, 0.7, 0.7]
		},
		"firstperson_righthand": {
			"rotation": [4, -1, -1],
			"translation": [2.25, -1.75, 0.25],
			"scale": [0.7, 0.7, 0.7]
		},
		"firstperson_lefthand": {
			"rotation": [-44, 11, 180],
			"translation": [-1.75, -0.5, 8.75],
			"scale": [0.7, 0.7, 0.7]
		},
		"ground": {
			"rotation": [0, 0, 90],
			"translation": [1, -3.25, 0],
			"scale": [0.6, 0.6, 0.6]
		},
		"gui": {
			"rotation": [-90, 45, 105],
			"translation": [2.25, -1, 0],
			"scale": [0.8, 0.8, 0.8]
		},
		"head": {
			"rotation": [-145.93, -17.74, 130.34],
			"translation": [2.25, -3, -16]
		},
		"fixed": {
			"rotation": [90, -135, 90],
			"translation": [-2.25, -1, 0],
			"scale": [0.9, 0.9, 0.9]
		}
	}
}