{
	"credit": "LongWayToHome (Karel)",
	"texture_size": [32, 32],
	"textures": {
		"0": "item/woodensword",
		"particle": "item/woodensword"
	},
	"elements": [
		{
			"name": "bladed",
			"from": [7.425, 0, 7.6],
			"to": [8.575, 10, 8.4],
			"faces": {
				"north": {"uv": [0, 0, 0.5, 5], "texture": "#0"},
				"east": {"uv": [0.5, 0, 1, 5], "texture": "#0"},
				"south": {"uv": [1, 0, 1.5, 5], "texture": "#0"},
				"west": {"uv": [1.5, 0, 2, 5], "texture": "#0"},
				"up": {"uv": [7, 3, 6.5, 2.5], "texture": "#0"},
				"down": {"uv": [3.5, 6.5, 3, 7], "texture": "#0"}
			}
		},
		{
			"name": "bladed",
			"from": [7.525, 10, 7.7],
			"to": [8.475, 20, 8.3],
			"faces": {
				"north": {"uv": [2, 0, 2.5, 5], "texture": "#0"},
				"east": {"uv": [2.5, 0, 3, 5], "texture": "#0"},
				"south": {"uv": [3, 0, 3.5, 5], "texture": "#0"},
				"west": {"uv": [3.5, 0, 4, 5], "texture": "#0"},
				"up": {"uv": [7, 6, 6.5, 5.5], "texture": "#0"},
				"down": {"uv": [6.5, 6.5, 6, 7], "texture": "#0"}
			}
		},
		{
			"name": "bladed",
			"from": [7.625, 20, 7.8],
			"to": [8.375, 29, 8.2],
			"faces": {
				"north": {"uv": [4, 0, 4.5, 4.5], "texture": "#0"},
				"east": {"uv": [4.5, 0, 5, 4.5], "texture": "#0"},
				"south": {"uv": [4, 4.5, 4.5, 9], "texture": "#0"},
				"west": {"uv": [4.5, 4.5, 5, 9], "texture": "#0"},
				"up": {"uv": [7, 6.5, 6.5, 6], "texture": "#0"},
				"down": {"uv": [7, 6.5, 6.5, 7], "texture": "#0"}
			}
		},
		{
			"name": "gardar",
			"from": [9.25, -0.2, 7.4],
			"to": [11.25, 0.45, 8.6],
			"rotation": {"angle": 22.5, "axis": "z", "origin": [10.3, -0.3, 8]},
			"faces": {
				"north": {"uv": [5.5, 3, 6.5, 3.5], "texture": "#0"},
				"east": {"uv": [6.5, 1, 7, 1.5], "texture": "#0"},
				"south": {"uv": [5.5, 3.5, 6.5, 4], "texture": "#0"},
				"west": {"uv": [1.5, 6.5, 2, 7], "texture": "#0"},
				"up": {"uv": [6.5, 4.5, 5.5, 4], "texture": "#0"},
				"down": {"uv": [6.5, 4.5, 5.5, 5], "texture": "#0"}
			}
		},
		{
			"name": "gardac",
			"from": [6.7, -0.6, 7.3],
			"to": [9.3, 0, 8.7],
			"faces": {
				"north": {"uv": [0, 5, 1.5, 5.5], "texture": "#0"},
				"east": {"uv": [6, 2.5, 6.5, 3], "texture": "#0"},
				"south": {"uv": [5, 0, 6.5, 0.5], "texture": "#0"},
				"west": {"uv": [5, 6, 5.5, 6.5], "texture": "#0"},
				"up": {"uv": [6.5, 1, 5, 0.5], "texture": "#0"},
				"down": {"uv": [6.5, 1, 5, 1.5], "texture": "#0"}
			}
		},
		{
			"name": "gardal",
			"from": [4.75, -0.2, 7.4],
			"to": [6.75, 0.45, 8.6],
			"rotation": {"angle": -22.5, "axis": "z", "origin": [5.7, -0.3, 8]},
			"faces": {
				"north": {"uv": [5.5, 5, 6.5, 5.5], "texture": "#0"},
				"east": {"uv": [2, 6.5, 2.5, 7], "texture": "#0"},
				"south": {"uv": [5.5, 5.5, 6.5, 6], "texture": "#0"},
				"west": {"uv": [2.5, 6.5, 3, 7], "texture": "#0"},
				"up": {"uv": [7, 2, 6, 1.5], "texture": "#0"},
				"down": {"uv": [7, 2, 6, 2.5], "texture": "#0"}
			}
		},
		{
			"name": "gripd",
			"from": [7.6, -6.9, 7.6],
			"to": [8.4, -3.9, 8.4],
			"faces": {
				"north": {"uv": [1.5, 5, 2, 6.5], "texture": "#0"},
				"east": {"uv": [5, 1.5, 5.5, 3], "texture": "#0"},
				"south": {"uv": [2, 5, 2.5, 6.5], "texture": "#0"},
				"west": {"uv": [2.5, 5, 3, 6.5], "texture": "#0"},
				"up": {"uv": [6, 6.5, 5.5, 6], "texture": "#0"},
				"down": {"uv": [6.5, 6, 6, 6.5], "texture": "#0"}
			}
		},
		{
			"name": "griph",
			"from": [7.6, -3.6, 7.6],
			"to": [8.4, -0.6, 8.4],
			"faces": {
				"north": {"uv": [0, 5.5, 0.5, 7], "texture": "#0"},
				"east": {"uv": [0.5, 5.5, 1, 7], "texture": "#0"},
				"south": {"uv": [1, 5.5, 1.5, 7], "texture": "#0"},
				"west": {"uv": [5.5, 1.5, 6, 3], "texture": "#0"},
				"up": {"uv": [7, 5.5, 6.5, 5], "texture": "#0"},
				"down": {"uv": [6, 6.5, 5.5, 7], "texture": "#0"}
			}
		},
		{
			"name": "gripm",
			"from": [7.7, -3.9, 7.7],
			"to": [8.3, -3.6, 8.3],
			"faces": {
				"north": {"uv": [6.5, 3, 7, 3.5], "texture": "#0"},
				"east": {"uv": [3.5, 6.5, 4, 7], "texture": "#0"},
				"south": {"uv": [6.5, 3.5, 7, 4], "texture": "#0"},
				"west": {"uv": [6.5, 4, 7, 4.5], "texture": "#0"},
				"up": {"uv": [7, 5, 6.5, 4.5], "texture": "#0"},
				"down": {"uv": [5.5, 6.5, 5, 7], "texture": "#0"}
			}
		},
		{
			"name": "pommel",
			"from": [7.4, -10, 7.4],
			"to": [8.6, -6.9, 8.6],
			"faces": {
				"north": {"uv": [3, 5, 3.5, 6.5], "texture": "#0"},
				"east": {"uv": [5, 3, 5.5, 4.5], "texture": "#0"},
				"south": {"uv": [3.5, 5, 4, 6.5], "texture": "#0"},
				"west": {"uv": [5, 4.5, 5.5, 6], "texture": "#0"},
				"up": {"uv": [7, 0.5, 6.5, 0], "texture": "#0"},
				"down": {"uv": [7, 0.5, 6.5, 1], "texture": "#0"}
			}
		}
	],
	"display": {
		"thirdperson_righthand": {
			"rotation": [0, 98, 0],
			"translation": [0, 7.25, 1.25],
			"scale": [0.8, 0.8, 0.8]
		},
		"thirdperson_lefthand": {
			"rotation": [0, 109, 0],
			"translation": [0, 1, 1.25],
			"scale": [0.7, 0.7, 0.7]
		},
		"firstperson_righthand": {
			"rotation": [0, 90, 1],
			"translation": [0, 5.75, 1.25],
			"scale": [0.5, 0.5, 0.5]
		},
		"firstperson_lefthand": {
			"rotation": [0, 87, 134],
			"translation": [-3.75, -1, 12.5],
			"scale": [0.5, 0.5, 0.5]
		},
		"ground": {
			"rotation": [135, 135, 0],
			"translation": [0, 8.25, 0],
			"scale": [0.8, 0.8, 0.8]
		},
		"gui": {
			"rotation": [0, 0, -45],
			"translation": [-0.25, -0.25, 0],
			"scale": [1.05, 0.5, 0.5]
		},
		"head": {
			"rotation": [90, 0, 58],
			"translation": [0, 7, 0.25]
		},
		"fixed": {
			"rotation": [0, 0, 45],
			"translation": [0.25, -0.25, 0],
			"scale": [1.05, 0.65, 0.65]
		}
	},
	"groups": [
		{
			"name": "bladed",
			"origin": [0, 0, 0],
			"color": 0,
			"children": [0, 1, 2]
		},
		{
			"name": "garda",
			"origin": [5.7, -0.3, 8],
			"color": 0,
			"children": [3, 4, 5]
		},
		{
			"name": "handle",
			"origin": [0, 0, 0],
			"color": 0,
			"children": [6, 7, 8, 9]
		}
	]
}