{
	"credit": "LongWayToHome (Karel)",
	"texture_size": [32, 32],
	"textures": {
		"0": "item/fleshhookpudge"
	},
	"elements": [
		{
			"name": "blade",
			"from": [7.45, 20.3, 15.5],
			"to": [8.55, 22.25, 17.8],
			"rotation": {"angle": 22.5, "axis": "x", "origin": [8, 20.275, 16.9]},
			"faces": {
				"north": {"uv": [0, 0, 6, 6], "texture": "#0"},
				"east": {"uv": [0, 0, 6, 6], "texture": "#0"},
				"south": {"uv": [0, 0, 6, 6], "texture": "#0"},
				"west": {"uv": [0, 0, 6, 6], "texture": "#0"},
				"up": {"uv": [0, 0, 6, 6], "texture": "#0"},
				"down": {"uv": [0, 0, 6, 6], "texture": "#0"}
			}
		},
		{
			"name": "blade",
			"from": [7.475, 23.95, 2.4],
			"to": [8.525, 25.7, 4.1],
			"faces": {
				"north": {"uv": [0, 0, 6, 6], "texture": "#0"},
				"east": {"uv": [0, 0, 6, 6], "texture": "#0"},
				"south": {"uv": [0, 0, 6, 6], "texture": "#0"},
				"west": {"uv": [0, 0, 6, 6], "texture": "#0"},
				"up": {"uv": [0, 0, 6, 6], "texture": "#0"},
				"down": {"uv": [0, 0, 6, 6], "texture": "#0"}
			}
		},
		{
			"name": "blade",
			"from": [7.55, 21.72155, 5.42848],
			"to": [8.45, 22.59655, 5.77848],
			"rotation": {"angle": 22.5, "axis": "x", "origin": [8, 21.48405, 5.32848]},
			"faces": {
				"north": {"uv": [0, 0, 6, 6], "texture": "#0"},
				"east": {"uv": [0, 0, 6, 6], "texture": "#0"},
				"south": {"uv": [0, 0, 6, 6], "texture": "#0"},
				"west": {"uv": [0, 0, 6, 6], "texture": "#0"},
				"up": {"uv": [0, 0, 6, 6], "texture": "#0"},
				"down": {"uv": [0, 0, 6, 6], "texture": "#0"}
			}
		},
		{
			"name": "blade",
			"from": [7.55, 20.84655, 5.20348],
			"to": [8.45, 21.72155, 5.90348],
			"rotation": {"angle": 22.5, "axis": "x", "origin": [8, 21.48405, 5.32848]},
			"faces": {
				"north": {"uv": [0, 0, 6, 6], "texture": "#0"},
				"east": {"uv": [0, 0, 6, 6], "texture": "#0"},
				"south": {"uv": [0, 0, 6, 6], "texture": "#0"},
				"west": {"uv": [0, 0, 6, 6], "texture": "#0"},
				"up": {"uv": [0, 0, 6, 6], "texture": "#0"},
				"down": {"uv": [0, 0, 6, 6], "texture": "#0"}
			}
		},
		{
			"name": "blade",
			"from": [7.55, 19.81899, 4.34922],
			"to": [8.45, 20.76899, 5.62422],
			"rotation": {"angle": -45, "axis": "x", "origin": [8, 20.24399, 4.57422]},
			"faces": {
				"north": {"uv": [0, 0, 6, 6], "texture": "#0"},
				"east": {"uv": [0, 0, 6, 6], "texture": "#0"},
				"south": {"uv": [0, 0, 6, 6], "texture": "#0"},
				"west": {"uv": [0, 0, 6, 6], "texture": "#0"},
				"up": {"uv": [0, 0, 6, 6], "texture": "#0"},
				"down": {"uv": [0, 0, 6, 6], "texture": "#0"}
			}
		},
		{
			"name": "blade",
			"from": [7.55, 19.2974, 3.55338],
			"to": [8.45, 20.2474, 4.55338],
			"rotation": {"angle": -22.5, "axis": "x", "origin": [8, 19.9349, 3.40338]},
			"faces": {
				"north": {"uv": [0, 0, 6, 6], "texture": "#0"},
				"east": {"uv": [0, 0, 6, 6], "texture": "#0"},
				"south": {"uv": [0, 0, 6, 6], "texture": "#0"},
				"west": {"uv": [0, 0, 6, 6], "texture": "#0"},
				"up": {"uv": [0, 0, 6, 6], "texture": "#0"},
				"down": {"uv": [0, 0, 6, 6], "texture": "#0"}
			}
		},
		{
			"name": "blade",
			"from": [7.55, 19.9, 2.9],
			"to": [8.45, 20.6, 3.2],
			"rotation": {"angle": -22.5, "axis": "x", "origin": [8, 21.075, 4]},
			"faces": {
				"north": {"uv": [0, 0, 6, 6], "texture": "#0"},
				"east": {"uv": [0, 0, 6, 6], "texture": "#0"},
				"south": {"uv": [0, 0, 6, 6], "texture": "#0"},
				"west": {"uv": [0, 0, 6, 6], "texture": "#0"},
				"up": {"uv": [0, 0, 6, 6], "texture": "#0"},
				"down": {"uv": [0, 0, 6, 6], "texture": "#0"}
			}
		},
		{
			"name": "blade",
			"from": [7.55, 21, 3.05],
			"to": [8.45, 21.65, 3.275],
			"rotation": {"angle": -22.5, "axis": "x", "origin": [8, 21.075, 4]},
			"faces": {
				"north": {"uv": [0, 0, 6, 6], "texture": "#0"},
				"east": {"uv": [0, 0, 6, 6], "texture": "#0"},
				"south": {"uv": [0, 0, 6, 6], "texture": "#0"},
				"west": {"uv": [0, 0, 6, 6], "texture": "#0"},
				"up": {"uv": [0, 0, 6, 6], "texture": "#0"},
				"down": {"uv": [0, 0, 6, 6], "texture": "#0"}
			}
		},
		{
			"name": "blade",
			"from": [7.55, 19.375, 3.425],
			"to": [8.45, 20.95, 3.8],
			"faces": {
				"north": {"uv": [0, 0, 6, 6], "texture": "#0"},
				"east": {"uv": [0, 0, 6, 6], "texture": "#0"},
				"south": {"uv": [0, 0, 6, 6], "texture": "#0"},
				"west": {"uv": [0, 0, 6, 6], "texture": "#0"},
				"up": {"uv": [0, 0, 6, 6], "texture": "#0"},
				"down": {"uv": [0, 0, 6, 6], "texture": "#0"}
			}
		},
		{
			"name": "blade",
			"from": [7.55, 20.2, 3.15],
			"to": [8.45, 21.95, 4.8],
			"faces": {
				"north": {"uv": [0, 0, 6, 6], "texture": "#0"},
				"east": {"uv": [0, 0, 6, 6], "texture": "#0"},
				"south": {"uv": [0, 0, 6, 6], "texture": "#0"},
				"west": {"uv": [0, 0, 6, 6], "texture": "#0"},
				"up": {"uv": [0, 0, 6, 6], "texture": "#0"},
				"down": {"uv": [0, 0, 6, 6], "texture": "#0"}
			}
		},
		{
			"name": "blade",
			"from": [7.575, 22.31721, 6.0233],
			"to": [8.425, 22.66721, 6.1733],
			"rotation": {"angle": 0, "axis": "y", "origin": [8, 21.92971, 5.6733]},
			"faces": {
				"north": {"uv": [0, 0, 6, 6], "texture": "#0"},
				"east": {"uv": [0, 0, 6, 6], "texture": "#0"},
				"south": {"uv": [0, 0, 6, 6], "texture": "#0"},
				"west": {"uv": [0, 0, 6, 6], "texture": "#0"},
				"up": {"uv": [0, 0, 6, 6], "texture": "#0"},
				"down": {"uv": [0, 0, 6, 6], "texture": "#0"}
			}
		},
		{
			"name": "blade",
			"from": [7.575, 21.46721, 5.6983],
			"to": [8.425, 22.01721, 5.9483],
			"rotation": {"angle": 0, "axis": "y", "origin": [8, 21.92971, 5.6733]},
			"faces": {
				"north": {"uv": [0, 0, 6, 6], "texture": "#0"},
				"east": {"uv": [0, 0, 6, 6], "texture": "#0"},
				"south": {"uv": [0, 0, 6, 6], "texture": "#0"},
				"west": {"uv": [0, 0, 6, 6], "texture": "#0"},
				"up": {"uv": [0, 0, 6, 6], "texture": "#0"},
				"down": {"uv": [0, 0, 6, 6], "texture": "#0"}
			}
		},
		{
			"name": "blade",
			"from": [7.6, 22.89294, 4.84977],
			"to": [8.4, 23.19294, 5.04977],
			"rotation": {"angle": 45, "axis": "x", "origin": [8, 21.50544, 4.82477]},
			"faces": {
				"north": {"uv": [0, 0, 6, 6], "texture": "#0"},
				"east": {"uv": [0, 0, 6, 6], "texture": "#0"},
				"south": {"uv": [0, 0, 6, 6], "texture": "#0"},
				"west": {"uv": [0, 0, 6, 6], "texture": "#0"},
				"up": {"uv": [0, 0, 6, 6], "texture": "#0"},
				"down": {"uv": [0, 0, 6, 6], "texture": "#0"}
			}
		},
		{
			"name": "blade",
			"from": [7.575, 22.01794, 4.99977],
			"to": [8.425, 22.79294, 5.24977],
			"rotation": {"angle": 45, "axis": "x", "origin": [8, 21.50544, 4.82477]},
			"faces": {
				"north": {"uv": [0, 0, 6, 6], "texture": "#0"},
				"east": {"uv": [0, 0, 6, 6], "texture": "#0"},
				"south": {"uv": [0, 0, 6, 6], "texture": "#0"},
				"west": {"uv": [0, 0, 6, 6], "texture": "#0"},
				"up": {"uv": [0, 0, 6, 6], "texture": "#0"},
				"down": {"uv": [0, 0, 6, 6], "texture": "#0"}
			}
		},
		{
			"name": "blade",
			"from": [7.45, 20.75, 4.35],
			"to": [8.55, 21.525, 4.7],
			"rotation": {"angle": -22.5, "axis": "x", "origin": [8, 22.075, 3.75]},
			"faces": {
				"north": {"uv": [0, 0, 6, 6], "texture": "#0"},
				"east": {"uv": [0, 0, 6, 6], "texture": "#0"},
				"south": {"uv": [0, 0, 6, 6], "texture": "#0"},
				"west": {"uv": [0, 0, 6, 6], "texture": "#0"},
				"up": {"uv": [0, 0, 6, 6], "texture": "#0"},
				"down": {"uv": [0, 0, 6, 6], "texture": "#0"}
			}
		},
		{
			"name": "blade",
			"from": [7.5, 21.525, 2.875],
			"to": [8.5, 22.875, 4.7],
			"rotation": {"angle": -22.5, "axis": "x", "origin": [8, 22.075, 3.75]},
			"faces": {
				"north": {"uv": [0, 0, 6, 6], "texture": "#0"},
				"east": {"uv": [0, 0, 6, 6], "texture": "#0"},
				"south": {"uv": [0, 0, 6, 6], "texture": "#0"},
				"west": {"uv": [0, 0, 6, 6], "texture": "#0"},
				"up": {"uv": [0, 0, 6, 6], "texture": "#0"},
				"down": {"uv": [0, 0, 6, 6], "texture": "#0"}
			}
		},
		{
			"name": "blade",
			"from": [7.525, 21.2, 2.9],
			"to": [8.475, 22.95, 4.6],
			"faces": {
				"north": {"uv": [0, 0, 6, 6], "texture": "#0"},
				"east": {"uv": [0, 0, 6, 6], "texture": "#0"},
				"south": {"uv": [0, 0, 6, 6], "texture": "#0"},
				"west": {"uv": [0, 0, 6, 6], "texture": "#0"},
				"up": {"uv": [0, 0, 6, 6], "texture": "#0"},
				"down": {"uv": [0, 0, 6, 6], "texture": "#0"}
			}
		},
		{
			"name": "blade",
			"from": [7.475, 22.525, 2.725],
			"to": [8.525, 24.35, 4.35],
			"rotation": {"angle": -22.5, "axis": "x", "origin": [8, 23.325, 3.5]},
			"faces": {
				"north": {"uv": [0, 0, 6, 6], "texture": "#0"},
				"east": {"uv": [0, 0, 6, 6], "texture": "#0"},
				"south": {"uv": [0, 0, 6, 6], "texture": "#0"},
				"west": {"uv": [0, 0, 6, 6], "texture": "#0"},
				"up": {"uv": [0, 0, 6, 6], "texture": "#0"},
				"down": {"uv": [0, 0, 6, 6], "texture": "#0"}
			}
		},
		{
			"name": "blade",
			"from": [7.5, 22.45, 2.65],
			"to": [8.5, 24.25, 4.35],
			"faces": {
				"north": {"uv": [0, 0, 6, 6], "texture": "#0"},
				"east": {"uv": [0, 0, 6, 6], "texture": "#0"},
				"south": {"uv": [0, 0, 6, 6], "texture": "#0"},
				"west": {"uv": [0, 0, 6, 6], "texture": "#0"},
				"up": {"uv": [0, 0, 6, 6], "texture": "#0"},
				"down": {"uv": [0, 0, 6, 6], "texture": "#0"}
			}
		},
		{
			"name": "blade",
			"from": [7.45, 25.7, 2.375],
			"to": [8.55, 26.825, 3.55],
			"faces": {
				"north": {"uv": [0, 0, 6, 6], "texture": "#0"},
				"east": {"uv": [0, 0, 6, 6], "texture": "#0"},
				"south": {"uv": [0, 0, 6, 6], "texture": "#0"},
				"west": {"uv": [0, 0, 6, 6], "texture": "#0"},
				"up": {"uv": [0, 0, 6, 6], "texture": "#0"},
				"down": {"uv": [0, 0, 6, 6], "texture": "#0"}
			}
		},
		{
			"name": "blade",
			"from": [7.45, 24.15, 3.525],
			"to": [8.55, 25.9, 4.8],
			"rotation": {"angle": 45, "axis": "x", "origin": [8, 24.825, 4.45]},
			"faces": {
				"north": {"uv": [0, 0, 6, 6], "texture": "#0"},
				"east": {"uv": [0, 0, 6, 6], "texture": "#0"},
				"south": {"uv": [0, 0, 6, 6], "texture": "#0"},
				"west": {"uv": [0, 0, 6, 6], "texture": "#0"},
				"up": {"uv": [0, 0, 6, 6], "texture": "#0"},
				"down": {"uv": [0, 0, 6, 6], "texture": "#0"}
			}
		},
		{
			"name": "blade",
			"from": [7.475, 21.75, 16.15],
			"to": [8.525, 23.75, 18.55],
			"faces": {
				"north": {"uv": [0, 0, 6, 6], "texture": "#0"},
				"east": {"uv": [0, 0, 6, 6], "texture": "#0"},
				"south": {"uv": [0, 0, 6, 6], "texture": "#0"},
				"west": {"uv": [0, 0, 6, 6], "texture": "#0"},
				"up": {"uv": [0, 0, 6, 6], "texture": "#0"},
				"down": {"uv": [0, 0, 6, 6], "texture": "#0"}
			}
		},
		{
			"name": "blade",
			"from": [7.45, 25.625, 2.15],
			"to": [8.55, 26.95, 3.55],
			"faces": {
				"north": {"uv": [0, 0, 6, 6], "texture": "#0"},
				"east": {"uv": [0, 0, 6, 6], "texture": "#0"},
				"south": {"uv": [0, 0, 6, 6], "texture": "#0"},
				"west": {"uv": [0, 0, 6, 6], "texture": "#0"},
				"up": {"uv": [0, 0, 6, 6], "texture": "#0"},
				"down": {"uv": [0, 0, 6, 6], "texture": "#0"}
			}
		},
		{
			"name": "blade",
			"from": [7.45, 25.2, 3.55],
			"to": [8.55, 26.95, 6.1],
			"faces": {
				"north": {"uv": [0, 0, 6, 6], "texture": "#0"},
				"east": {"uv": [0, 0, 6, 6], "texture": "#0"},
				"south": {"uv": [0, 0, 6, 6], "texture": "#0"},
				"west": {"uv": [0, 0, 6, 6], "texture": "#0"},
				"up": {"uv": [0, 0, 6, 6], "texture": "#0"},
				"down": {"uv": [0, 0, 6, 6], "texture": "#0"}
			}
		},
		{
			"name": "blade",
			"from": [7.45, 25.45, 5.15],
			"to": [8.55, 27.2, 7.35],
			"faces": {
				"north": {"uv": [0, 0, 6, 6], "texture": "#0"},
				"east": {"uv": [0, 0, 6, 6], "texture": "#0"},
				"south": {"uv": [0, 0, 6, 6], "texture": "#0"},
				"west": {"uv": [0, 0, 6, 6], "texture": "#0"},
				"up": {"uv": [0, 0, 6, 6], "texture": "#0"},
				"down": {"uv": [0, 0, 6, 6], "texture": "#0"}
			}
		},
		{
			"name": "blade",
			"from": [7.45, 25.7, 6.15],
			"to": [8.55, 27.45, 8.35],
			"faces": {
				"north": {"uv": [0, 0, 6, 6], "texture": "#0"},
				"east": {"uv": [0, 0, 6, 6], "texture": "#0"},
				"south": {"uv": [0, 0, 6, 6], "texture": "#0"},
				"west": {"uv": [0, 0, 6, 6], "texture": "#0"},
				"up": {"uv": [0, 0, 6, 6], "texture": "#0"},
				"down": {"uv": [0, 0, 6, 6], "texture": "#0"}
			}
		},
		{
			"name": "blade",
			"from": [7.45, 25.95, 6.9],
			"to": [8.55, 27.7, 9.1],
			"faces": {
				"north": {"uv": [0, 0, 6, 6], "texture": "#0"},
				"east": {"uv": [0, 0, 6, 6], "texture": "#0"},
				"south": {"uv": [0, 0, 6, 6], "texture": "#0"},
				"west": {"uv": [0, 0, 6, 6], "texture": "#0"},
				"up": {"uv": [0, 0, 6, 6], "texture": "#0"},
				"down": {"uv": [0, 0, 6, 6], "texture": "#0"}
			}
		},
		{
			"name": "blade",
			"from": [7.45, 26.2, 8.15],
			"to": [8.55, 27.95, 10.35],
			"faces": {
				"north": {"uv": [0, 0, 6, 6], "texture": "#0"},
				"east": {"uv": [0, 0, 6, 6], "texture": "#0"},
				"south": {"uv": [0, 0, 6, 6], "texture": "#0"},
				"west": {"uv": [0, 0, 6, 6], "texture": "#0"},
				"up": {"uv": [0, 0, 6, 6], "texture": "#0"},
				"down": {"uv": [0, 0, 6, 6], "texture": "#0"}
			}
		},
		{
			"name": "blade",
			"from": [7.45, 26.45, 9.65],
			"to": [8.55, 28.2, 11.65],
			"faces": {
				"north": {"uv": [0, 0, 6, 6], "texture": "#0"},
				"east": {"uv": [0, 0, 6, 6], "texture": "#0"},
				"south": {"uv": [0, 0, 6, 6], "texture": "#0"},
				"west": {"uv": [0, 0, 6, 6], "texture": "#0"},
				"up": {"uv": [0, 0, 6, 6], "texture": "#0"},
				"down": {"uv": [0, 0, 6, 6], "texture": "#0"}
			}
		},
		{
			"name": "blade",
			"from": [7.45, 26.45, 11.65],
			"to": [8.55, 28.2, 13.85],
			"faces": {
				"north": {"uv": [0, 0, 6, 6], "texture": "#0"},
				"east": {"uv": [0, 0, 6, 6], "texture": "#0"},
				"south": {"uv": [0, 0, 6, 6], "texture": "#0"},
				"west": {"uv": [0, 0, 6, 6], "texture": "#0"},
				"up": {"uv": [0, 0, 6, 6], "texture": "#0"},
				"down": {"uv": [0, 0, 6, 6], "texture": "#0"}
			}
		},
		{
			"name": "blade",
			"from": [7.45, 26.1, 13.6],
			"to": [8.55, 27.7, 15.6],
			"faces": {
				"north": {"uv": [0, 0, 6, 6], "texture": "#0"},
				"east": {"uv": [0, 0, 6, 6], "texture": "#0"},
				"south": {"uv": [0, 0, 6, 6], "texture": "#0"},
				"west": {"uv": [0, 0, 6, 6], "texture": "#0"},
				"up": {"uv": [0, 0, 6, 6], "texture": "#0"},
				"down": {"uv": [0, 0, 6, 6], "texture": "#0"}
			}
		},
		{
			"name": "blade",
			"from": [7.45, 23.15, 16.15],
			"to": [8.55, 25, 18.35],
			"rotation": {"angle": -22.5, "axis": "x", "origin": [8, 23.875, 17]},
			"faces": {
				"north": {"uv": [0, 0, 6, 6], "texture": "#0"},
				"east": {"uv": [0, 0, 6, 6], "texture": "#0"},
				"south": {"uv": [0, 0, 6, 6], "texture": "#0"},
				"west": {"uv": [0, 0, 6, 6], "texture": "#0"},
				"up": {"uv": [0, 0, 6, 6], "texture": "#0"},
				"down": {"uv": [0, 0, 6, 6], "texture": "#0"}
			}
		},
		{
			"name": "blade",
			"from": [7.475, 26.625, 12.75],
			"to": [8.525, 27.1, 14.05],
			"rotation": {"angle": 22.5, "axis": "x", "origin": [8, 24.875, 16]},
			"faces": {
				"north": {"uv": [0, 0, 6, 6], "texture": "#0"},
				"east": {"uv": [0, 0, 6, 6], "texture": "#0"},
				"south": {"uv": [0, 0, 6, 6], "texture": "#0"},
				"west": {"uv": [0, 0, 6, 6], "texture": "#0"},
				"up": {"uv": [0, 0, 6, 6], "texture": "#0"},
				"down": {"uv": [0, 0, 6, 6], "texture": "#0"}
			}
		},
		{
			"name": "blade",
			"from": [7.475, 28.23852, 8.2969],
			"to": [8.525, 28.71352, 8.9469],
			"rotation": {"angle": -22.5, "axis": "x", "origin": [8, 26.35102, 10.5094]},
			"faces": {
				"north": {"uv": [0, 0, 6, 6], "texture": "#0"},
				"east": {"uv": [0, 0, 6, 6], "texture": "#0"},
				"south": {"uv": [0, 0, 6, 6], "texture": "#0"},
				"west": {"uv": [0, 0, 6, 6], "texture": "#0"},
				"up": {"uv": [0, 0, 6, 6], "texture": "#0"},
				"down": {"uv": [0, 0, 6, 6], "texture": "#0"}
			}
		},
		{
			"name": "blade",
			"from": [7.475, 27.88852, 9.7219],
			"to": [8.525, 28.36352, 10.4469],
			"rotation": {"angle": -22.5, "axis": "x", "origin": [8, 26.35102, 10.5094]},
			"faces": {
				"north": {"uv": [0, 0, 6, 6], "texture": "#0"},
				"east": {"uv": [0, 0, 6, 6], "texture": "#0"},
				"south": {"uv": [0, 0, 6, 6], "texture": "#0"},
				"west": {"uv": [0, 0, 6, 6], "texture": "#0"},
				"up": {"uv": [0, 0, 6, 6], "texture": "#0"},
				"down": {"uv": [0, 0, 6, 6], "texture": "#0"}
			}
		},
		{
			"name": "blade",
			"from": [7.475, 28.48852, 7.0469],
			"to": [8.525, 28.96352, 7.6969],
			"rotation": {"angle": -22.5, "axis": "x", "origin": [8, 26.35102, 10.5094]},
			"faces": {
				"north": {"uv": [0, 0, 6, 6], "texture": "#0"},
				"east": {"uv": [0, 0, 6, 6], "texture": "#0"},
				"south": {"uv": [0, 0, 6, 6], "texture": "#0"},
				"west": {"uv": [0, 0, 6, 6], "texture": "#0"},
				"up": {"uv": [0, 0, 6, 6], "texture": "#0"},
				"down": {"uv": [0, 0, 6, 6], "texture": "#0"}
			}
		},
		{
			"name": "blade",
			"from": [7.45, 25.7574, 2.7271],
			"to": [8.55, 26.4324, 2.9021],
			"rotation": {"angle": -22.5, "axis": "x", "origin": [8, 24.8449, 1.1146]},
			"faces": {
				"north": {"uv": [0, 0, 6, 6], "texture": "#0"},
				"east": {"uv": [0, 0, 6, 6], "texture": "#0"},
				"south": {"uv": [0, 0, 6, 6], "texture": "#0"},
				"west": {"uv": [0, 0, 6, 6], "texture": "#0"},
				"up": {"uv": [0, 0, 6, 6], "texture": "#0"},
				"down": {"uv": [0, 0, 6, 6], "texture": "#0"}
			}
		},
		{
			"name": "blade",
			"from": [7.45, 24.5074, 2.3771],
			"to": [8.55, 25.1824, 2.8521],
			"rotation": {"angle": -22.5, "axis": "x", "origin": [8, 24.8449, 1.1146]},
			"faces": {
				"north": {"uv": [0, 0, 6, 6], "texture": "#0"},
				"east": {"uv": [0, 0, 6, 6], "texture": "#0"},
				"south": {"uv": [0, 0, 6, 6], "texture": "#0"},
				"west": {"uv": [0, 0, 6, 6], "texture": "#0"},
				"up": {"uv": [0, 0, 6, 6], "texture": "#0"},
				"down": {"uv": [0, 0, 6, 6], "texture": "#0"}
			}
		},
		{
			"name": "blade",
			"from": [7.45, 25.78279, 2.18638],
			"to": [8.55, 25.98279, 3.01138],
			"rotation": {"angle": 22.5, "axis": "x", "origin": [8, 26.84529, 4.97388]},
			"faces": {
				"north": {"uv": [0, 0, 6, 6], "texture": "#0"},
				"east": {"uv": [0, 0, 6, 6], "texture": "#0"},
				"south": {"uv": [0, 0, 6, 6], "texture": "#0"},
				"west": {"uv": [0, 0, 6, 6], "texture": "#0"},
				"up": {"uv": [0, 0, 6, 6], "texture": "#0"},
				"down": {"uv": [0, 0, 6, 6], "texture": "#0"}
			}
		},
		{
			"name": "blade",
			"from": [7.475, 28.68852, 5.2719],
			"to": [8.525, 29.16352, 5.8969],
			"rotation": {"angle": -22.5, "axis": "x", "origin": [8, 26.35102, 10.5094]},
			"faces": {
				"north": {"uv": [0, 0, 6, 6], "texture": "#0"},
				"east": {"uv": [0, 0, 6, 6], "texture": "#0"},
				"south": {"uv": [0, 0, 6, 6], "texture": "#0"},
				"west": {"uv": [0, 0, 6, 6], "texture": "#0"},
				"up": {"uv": [0, 0, 6, 6], "texture": "#0"},
				"down": {"uv": [0, 0, 6, 6], "texture": "#0"}
			}
		},
		{
			"name": "blade",
			"from": [7.475, 28.53852, 6.2719],
			"to": [8.525, 29.01352, 6.8969],
			"rotation": {"angle": -22.5, "axis": "x", "origin": [8, 26.35102, 10.5094]},
			"faces": {
				"north": {"uv": [0, 0, 6, 6], "texture": "#0"},
				"east": {"uv": [0, 0, 6, 6], "texture": "#0"},
				"south": {"uv": [0, 0, 6, 6], "texture": "#0"},
				"west": {"uv": [0, 0, 6, 6], "texture": "#0"},
				"up": {"uv": [0, 0, 6, 6], "texture": "#0"},
				"down": {"uv": [0, 0, 6, 6], "texture": "#0"}
			}
		},
		{
			"name": "blade",
			"from": [7.475, 26.73852, 7.2469],
			"to": [8.525, 27.21352, 7.8969],
			"rotation": {"angle": -22.5, "axis": "x", "origin": [8, 26.35102, 10.5094]},
			"faces": {
				"north": {"uv": [0, 0, 6, 6], "texture": "#0"},
				"east": {"uv": [0, 0, 6, 6], "texture": "#0"},
				"south": {"uv": [0, 0, 6, 6], "texture": "#0"},
				"west": {"uv": [0, 0, 6, 6], "texture": "#0"},
				"up": {"uv": [0, 0, 6, 6], "texture": "#0"},
				"down": {"uv": [0, 0, 6, 6], "texture": "#0"}
			}
		},
		{
			"name": "blade",
			"from": [7.475, 26.98852, 5.9969],
			"to": [8.525, 27.46352, 6.6219],
			"rotation": {"angle": -22.5, "axis": "x", "origin": [8, 26.35102, 10.5094]},
			"faces": {
				"north": {"uv": [0, 0, 6, 6], "texture": "#0"},
				"east": {"uv": [0, 0, 6, 6], "texture": "#0"},
				"south": {"uv": [0, 0, 6, 6], "texture": "#0"},
				"west": {"uv": [0, 0, 6, 6], "texture": "#0"},
				"up": {"uv": [0, 0, 6, 6], "texture": "#0"},
				"down": {"uv": [0, 0, 6, 6], "texture": "#0"}
			}
		},
		{
			"name": "blade",
			"from": [7.475, 26.58852, 8.2469],
			"to": [8.525, 27.06352, 8.8969],
			"rotation": {"angle": -22.5, "axis": "x", "origin": [8, 26.35102, 10.5094]},
			"faces": {
				"north": {"uv": [0, 0, 6, 6], "texture": "#0"},
				"east": {"uv": [0, 0, 6, 6], "texture": "#0"},
				"south": {"uv": [0, 0, 6, 6], "texture": "#0"},
				"west": {"uv": [0, 0, 6, 6], "texture": "#0"},
				"up": {"uv": [0, 0, 6, 6], "texture": "#0"},
				"down": {"uv": [0, 0, 6, 6], "texture": "#0"}
			}
		},
		{
			"name": "blade",
			"from": [7.475, 26.53852, 9.0469],
			"to": [8.525, 27.01352, 9.6719],
			"rotation": {"angle": -22.5, "axis": "x", "origin": [8, 26.35102, 10.5094]},
			"faces": {
				"north": {"uv": [0, 0, 6, 6], "texture": "#0"},
				"east": {"uv": [0, 0, 6, 6], "texture": "#0"},
				"south": {"uv": [0, 0, 6, 6], "texture": "#0"},
				"west": {"uv": [0, 0, 6, 6], "texture": "#0"},
				"up": {"uv": [0, 0, 6, 6], "texture": "#0"},
				"down": {"uv": [0, 0, 6, 6], "texture": "#0"}
			}
		},
		{
			"name": "blade",
			"from": [7.475, 26.31352, 10.2219],
			"to": [8.525, 26.78852, 10.8469],
			"rotation": {"angle": -22.5, "axis": "x", "origin": [8, 26.35102, 10.5094]},
			"faces": {
				"north": {"uv": [0, 0, 6, 6], "texture": "#0"},
				"east": {"uv": [0, 0, 6, 6], "texture": "#0"},
				"south": {"uv": [0, 0, 6, 6], "texture": "#0"},
				"west": {"uv": [0, 0, 6, 6], "texture": "#0"},
				"up": {"uv": [0, 0, 6, 6], "texture": "#0"},
				"down": {"uv": [0, 0, 6, 6], "texture": "#0"}
			}
		},
		{
			"name": "blade",
			"from": [7.475, 25.1, 12.4],
			"to": [8.525, 25.575, 13.325],
			"rotation": {"angle": 22.5, "axis": "x", "origin": [8, 24.875, 16]},
			"faces": {
				"north": {"uv": [0, 0, 6, 6], "texture": "#0"},
				"east": {"uv": [0, 0, 6, 6], "texture": "#0"},
				"south": {"uv": [0, 0, 6, 6], "texture": "#0"},
				"west": {"uv": [0, 0, 6, 6], "texture": "#0"},
				"up": {"uv": [0, 0, 6, 6], "texture": "#0"},
				"down": {"uv": [0, 0, 6, 6], "texture": "#0"}
			}
		},
		{
			"name": "blade",
			"from": [7.475, 23.9, 15.5],
			"to": [8.525, 27.15, 17.7],
			"rotation": {"angle": -45, "axis": "x", "origin": [8, 24.875, 16]},
			"faces": {
				"north": {"uv": [0, 0, 6, 6], "texture": "#0"},
				"east": {"uv": [0, 0, 6, 6], "texture": "#0"},
				"south": {"uv": [0, 0, 6, 6], "texture": "#0"},
				"west": {"uv": [0, 0, 6, 6], "texture": "#0"},
				"up": {"uv": [0, 0, 6, 6], "texture": "#0"},
				"down": {"uv": [0, 0, 6, 6], "texture": "#0"}
			}
		},
		{
			"name": "blade",
			"from": [7.475, 11.6, 7.6],
			"to": [8.525, 23.95, 9.8],
			"rotation": {"angle": 45, "axis": "x", "origin": [8, 12.375, 9]},
			"faces": {
				"north": {"uv": [0, 0, 6, 6], "texture": "#0"},
				"east": {"uv": [0, 0, 6, 6], "texture": "#0"},
				"south": {"uv": [0, 0, 6, 6], "texture": "#0"},
				"west": {"uv": [0, 0, 6, 6], "texture": "#0"},
				"up": {"uv": [0, 0, 6, 6], "texture": "#0"},
				"down": {"uv": [0, 0, 6, 6], "texture": "#0"}
			}
		},
		{
			"name": "ring",
			"from": [7.73361, -1.56984, 7.5],
			"to": [8.78361, -1.19484, 8.5],
			"rotation": {"angle": -45, "axis": "z", "origin": [8.90743, -1.80852, 8]},
			"faces": {
				"north": {"uv": [0, 14, 2, 16], "texture": "#0"},
				"east": {"uv": [0, 14, 2, 16], "texture": "#0"},
				"south": {"uv": [0, 14, 2, 16], "texture": "#0"},
				"west": {"uv": [0, 14, 2, 16], "texture": "#0"},
				"up": {"uv": [0, 14, 2, 16], "texture": "#0"},
				"down": {"uv": [0, 14, 2, 16], "texture": "#0"}
			}
		},
		{
			"name": "ring",
			"from": [8.87736, -2.32953, 7.525],
			"to": [9.25236, -1.27953, 8.475],
			"rotation": {"angle": 0, "axis": "y", "origin": [8.90743, -1.80852, 8]},
			"faces": {
				"north": {"uv": [0, 14, 2, 16], "texture": "#0"},
				"east": {"uv": [0, 14, 2, 16], "texture": "#0"},
				"south": {"uv": [0, 14, 2, 16], "texture": "#0"},
				"west": {"uv": [0, 14, 2, 16], "texture": "#0"},
				"up": {"uv": [0, 14, 2, 16], "texture": "#0"},
				"down": {"uv": [0, 14, 2, 16], "texture": "#0"}
			}
		},
		{
			"name": "ring",
			"from": [9.14611, -2.98234, 7.55],
			"to": [9.52111, -1.93234, 8.45],
			"rotation": {"angle": -45, "axis": "z", "origin": [8.90743, -1.80852, 8]},
			"faces": {
				"north": {"uv": [0, 14, 2, 16], "texture": "#0"},
				"east": {"uv": [0, 14, 2, 16], "texture": "#0"},
				"south": {"uv": [0, 14, 2, 16], "texture": "#0"},
				"west": {"uv": [0, 14, 2, 16], "texture": "#0"},
				"up": {"uv": [0, 14, 2, 16], "texture": "#0"},
				"down": {"uv": [0, 14, 2, 16], "texture": "#0"}
			}
		},
		{
			"name": "ring",
			"from": [6.7375, -2.3375, 7.525],
			"to": [7.1125, -1.2875, 8.475],
			"rotation": {"angle": 0, "axis": "y", "origin": [8, -0.7125, 8]},
			"faces": {
				"north": {"uv": [0, 14, 2, 16], "texture": "#0"},
				"east": {"uv": [0, 14, 2, 16], "texture": "#0"},
				"south": {"uv": [0, 14, 2, 16], "texture": "#0"},
				"west": {"uv": [0, 14, 2, 16], "texture": "#0"},
				"up": {"uv": [0, 14, 2, 16], "texture": "#0"},
				"down": {"uv": [0, 14, 2, 16], "texture": "#0"}
			}
		},
		{
			"name": "ring",
			"from": [7.78986, -2.31088, 7.55],
			"to": [8.83986, -1.93588, 8.45],
			"rotation": {"angle": -45, "axis": "z", "origin": [7.23986, -1.04838, 8]},
			"faces": {
				"north": {"uv": [0, 14, 2, 16], "texture": "#0"},
				"east": {"uv": [0, 14, 2, 16], "texture": "#0"},
				"south": {"uv": [0, 14, 2, 16], "texture": "#0"},
				"west": {"uv": [0, 14, 2, 16], "texture": "#0"},
				"up": {"uv": [0, 14, 2, 16], "texture": "#0"},
				"down": {"uv": [0, 14, 2, 16], "texture": "#0"}
			}
		},
		{
			"name": "ring",
			"from": [6.7, -0.6, 7.5],
			"to": [7.75, -0.225, 8.5],
			"rotation": {"angle": 45, "axis": "z", "origin": [8, -0.7125, 8]},
			"faces": {
				"north": {"uv": [0, 14, 2, 16], "texture": "#0"},
				"east": {"uv": [0, 14, 2, 16], "texture": "#0"},
				"south": {"uv": [0, 14, 2, 16], "texture": "#0"},
				"west": {"uv": [0, 14, 2, 16], "texture": "#0"},
				"up": {"uv": [0, 14, 2, 16], "texture": "#0"},
				"down": {"uv": [0, 14, 2, 16], "texture": "#0"}
			}
		},
		{
			"name": "ring",
			"from": [7.475, -3.075, 7.575],
			"to": [8.525, -2.65, 8.425],
			"rotation": {"angle": 0, "axis": "y", "origin": [0, 3.55, 0]},
			"faces": {
				"north": {"uv": [0, 14, 2, 16], "texture": "#0"},
				"east": {"uv": [0, 14, 2, 16], "texture": "#0"},
				"south": {"uv": [0, 14, 2, 16], "texture": "#0"},
				"west": {"uv": [0, 14, 2, 16], "texture": "#0"},
				"up": {"uv": [0, 14, 2, 16], "texture": "#0"},
				"down": {"uv": [0, 14, 2, 16], "texture": "#0"}
			}
		},
		{
			"name": "ring",
			"from": [7.475, -0.875, 7.475],
			"to": [8.525, -0.45, 8.525],
			"rotation": {"angle": 0, "axis": "y", "origin": [0, 3.55, 0]},
			"faces": {
				"north": {"uv": [0, 14, 2, 16], "texture": "#0"},
				"east": {"uv": [0, 14, 2, 16], "texture": "#0"},
				"south": {"uv": [0, 14, 2, 16], "texture": "#0"},
				"west": {"uv": [0, 14, 2, 16], "texture": "#0"},
				"up": {"uv": [0, 14, 2, 16], "texture": "#0"},
				"down": {"uv": [0, 14, 2, 16], "texture": "#0"}
			}
		},
		{
			"name": "handle",
			"from": [7.375, 8.275, 7.225],
			"to": [8.625, 8.4, 8.775],
			"faces": {
				"north": {"uv": [14, 14, 16, 16], "texture": "#0"},
				"east": {"uv": [14, 14, 16, 16], "texture": "#0"},
				"south": {"uv": [14, 14, 16, 16], "texture": "#0"},
				"west": {"uv": [14, 14, 16, 16], "texture": "#0"},
				"up": {"uv": [14, 14, 16, 16], "texture": "#0"},
				"down": {"uv": [14, 14, 16, 16], "texture": "#0"}
			}
		},
		{
			"name": "handle",
			"from": [7.3, 8.4, 7.15],
			"to": [8.7, 9.75, 8.85],
			"faces": {
				"north": {"uv": [14, 14, 16, 16], "texture": "#0"},
				"east": {"uv": [14, 14, 16, 16], "texture": "#0"},
				"south": {"uv": [14, 14, 16, 16], "texture": "#0"},
				"west": {"uv": [14, 14, 16, 16], "texture": "#0"},
				"up": {"uv": [14, 14, 16, 16], "texture": "#0"},
				"down": {"uv": [14, 14, 16, 16], "texture": "#0"}
			}
		},
		{
			"name": "handle",
			"from": [7.425, -0.45, 7.275],
			"to": [8.575, 0.9, 8.725],
			"faces": {
				"north": {"uv": [14, 14, 16, 16], "texture": "#0"},
				"east": {"uv": [14, 14, 16, 16], "texture": "#0"},
				"south": {"uv": [14, 14, 16, 16], "texture": "#0"},
				"west": {"uv": [14, 14, 16, 16], "texture": "#0"},
				"up": {"uv": [14, 14, 16, 16], "texture": "#0"},
				"down": {"uv": [14, 14, 16, 16], "texture": "#0"}
			}
		},
		{
			"name": "handle",
			"from": [7.475, 0.9, 7.325],
			"to": [8.525, 1.025, 8.675],
			"faces": {
				"north": {"uv": [14, 14, 16, 16], "texture": "#0"},
				"east": {"uv": [14, 14, 16, 16], "texture": "#0"},
				"south": {"uv": [14, 14, 16, 16], "texture": "#0"},
				"west": {"uv": [14, 14, 16, 16], "texture": "#0"},
				"up": {"uv": [14, 14, 16, 16], "texture": "#0"},
				"down": {"uv": [14, 14, 16, 16], "texture": "#0"}
			}
		},
		{
			"name": "handle",
			"from": [7.425, 1.025, 7.275],
			"to": [8.575, 2.375, 8.725],
			"faces": {
				"north": {"uv": [14, 14, 16, 16], "texture": "#0"},
				"east": {"uv": [14, 14, 16, 16], "texture": "#0"},
				"south": {"uv": [14, 14, 16, 16], "texture": "#0"},
				"west": {"uv": [14, 14, 16, 16], "texture": "#0"},
				"up": {"uv": [14, 14, 16, 16], "texture": "#0"},
				"down": {"uv": [14, 14, 16, 16], "texture": "#0"}
			}
		},
		{
			"name": "handle",
			"from": [7.475, 2.375, 7.325],
			"to": [8.525, 2.5, 8.675],
			"faces": {
				"north": {"uv": [14, 14, 16, 16], "texture": "#0"},
				"east": {"uv": [14, 14, 16, 16], "texture": "#0"},
				"south": {"uv": [14, 14, 16, 16], "texture": "#0"},
				"west": {"uv": [14, 14, 16, 16], "texture": "#0"},
				"up": {"uv": [14, 14, 16, 16], "texture": "#0"},
				"down": {"uv": [14, 14, 16, 16], "texture": "#0"}
			}
		},
		{
			"name": "handle",
			"from": [7.4, 2.5, 7.25],
			"to": [8.6, 3.85, 8.75],
			"faces": {
				"north": {"uv": [14, 14, 16, 16], "texture": "#0"},
				"east": {"uv": [14, 14, 16, 16], "texture": "#0"},
				"south": {"uv": [14, 14, 16, 16], "texture": "#0"},
				"west": {"uv": [14, 14, 16, 16], "texture": "#0"},
				"up": {"uv": [14, 14, 16, 16], "texture": "#0"},
				"down": {"uv": [14, 14, 16, 16], "texture": "#0"}
			}
		},
		{
			"name": "handle",
			"from": [7.45, 3.85, 7.3],
			"to": [8.55, 3.975, 8.7],
			"faces": {
				"north": {"uv": [14, 14, 16, 16], "texture": "#0"},
				"east": {"uv": [14, 14, 16, 16], "texture": "#0"},
				"south": {"uv": [14, 14, 16, 16], "texture": "#0"},
				"west": {"uv": [14, 14, 16, 16], "texture": "#0"},
				"up": {"uv": [14, 14, 16, 16], "texture": "#0"},
				"down": {"uv": [14, 14, 16, 16], "texture": "#0"}
			}
		},
		{
			"name": "handle",
			"from": [7.425, 5.325, 7.275],
			"to": [8.575, 5.45, 8.725],
			"faces": {
				"north": {"uv": [14, 14, 16, 16], "texture": "#0"},
				"east": {"uv": [14, 14, 16, 16], "texture": "#0"},
				"south": {"uv": [14, 14, 16, 16], "texture": "#0"},
				"west": {"uv": [14, 14, 16, 16], "texture": "#0"},
				"up": {"uv": [14, 14, 16, 16], "texture": "#0"},
				"down": {"uv": [14, 14, 16, 16], "texture": "#0"}
			}
		},
		{
			"name": "handle",
			"from": [7.35, 5.45, 7.2],
			"to": [8.65, 6.8, 8.8],
			"faces": {
				"north": {"uv": [14, 14, 16, 16], "texture": "#0"},
				"east": {"uv": [14, 14, 16, 16], "texture": "#0"},
				"south": {"uv": [14, 14, 16, 16], "texture": "#0"},
				"west": {"uv": [14, 14, 16, 16], "texture": "#0"},
				"up": {"uv": [14, 14, 16, 16], "texture": "#0"},
				"down": {"uv": [14, 14, 16, 16], "texture": "#0"}
			}
		},
		{
			"name": "handle",
			"from": [7.4, 6.8, 7.25],
			"to": [8.6, 6.925, 8.75],
			"faces": {
				"north": {"uv": [14, 14, 16, 16], "texture": "#0"},
				"east": {"uv": [14, 14, 16, 16], "texture": "#0"},
				"south": {"uv": [14, 14, 16, 16], "texture": "#0"},
				"west": {"uv": [14, 14, 16, 16], "texture": "#0"},
				"up": {"uv": [14, 14, 16, 16], "texture": "#0"},
				"down": {"uv": [14, 14, 16, 16], "texture": "#0"}
			}
		},
		{
			"name": "handle",
			"from": [7.375, 3.975, 7.225],
			"to": [8.625, 5.325, 8.775],
			"faces": {
				"north": {"uv": [14, 14, 16, 16], "texture": "#0"},
				"east": {"uv": [14, 14, 16, 16], "texture": "#0"},
				"south": {"uv": [14, 14, 16, 16], "texture": "#0"},
				"west": {"uv": [14, 14, 16, 16], "texture": "#0"},
				"up": {"uv": [14, 14, 16, 16], "texture": "#0"},
				"down": {"uv": [14, 14, 16, 16], "texture": "#0"}
			}
		},
		{
			"name": "handle",
			"from": [7.325, 6.925, 7.175],
			"to": [8.675, 8.275, 8.825],
			"faces": {
				"north": {"uv": [14, 14, 16, 16], "texture": "#0"},
				"east": {"uv": [14, 14, 16, 16], "texture": "#0"},
				"south": {"uv": [14, 14, 16, 16], "texture": "#0"},
				"west": {"uv": [14, 14, 16, 16], "texture": "#0"},
				"up": {"uv": [14, 14, 16, 16], "texture": "#0"},
				"down": {"uv": [14, 14, 16, 16], "texture": "#0"}
			}
		},
		{
			"name": "blade2",
			"from": [7.525, 22.37155, 5.52848],
			"to": [8.5, 22.69655, 5.67848],
			"rotation": {"angle": 22.5, "axis": "x", "origin": [8, 21.48405, 5.32848]},
			"faces": {
				"north": {"uv": [10, 0, 16, 6], "texture": "#0"},
				"east": {"uv": [10, 0, 16, 6], "texture": "#0"},
				"south": {"uv": [10, 0, 16, 6], "texture": "#0"},
				"west": {"uv": [10, 0, 16, 6], "texture": "#0"},
				"up": {"uv": [10, 0, 16, 6], "texture": "#0"},
				"down": {"uv": [10, 0, 16, 6], "texture": "#0"}
			}
		},
		{
			"name": "blade2",
			"from": [7.475, 22.04655, 5.52848],
			"to": [8.55, 22.37155, 5.67848],
			"rotation": {"angle": 22.5, "axis": "x", "origin": [8, 21.48405, 5.32848]},
			"faces": {
				"north": {"uv": [10, 0, 16, 6], "texture": "#0"},
				"east": {"uv": [10, 0, 16, 6], "texture": "#0"},
				"south": {"uv": [10, 0, 16, 6], "texture": "#0"},
				"west": {"uv": [10, 0, 16, 6], "texture": "#0"},
				"up": {"uv": [10, 0, 16, 6], "texture": "#0"},
				"down": {"uv": [10, 0, 16, 6], "texture": "#0"}
			}
		},
		{
			"name": "blade2",
			"from": [7.45, 21.72155, 5.52848],
			"to": [8.575, 22.04655, 5.67848],
			"rotation": {"angle": 22.5, "axis": "x", "origin": [8, 21.48405, 5.32848]},
			"faces": {
				"north": {"uv": [10, 0, 16, 6], "texture": "#0"},
				"east": {"uv": [10, 0, 16, 6], "texture": "#0"},
				"south": {"uv": [10, 0, 16, 6], "texture": "#0"},
				"west": {"uv": [10, 0, 16, 6], "texture": "#0"},
				"up": {"uv": [10, 0, 16, 6], "texture": "#0"},
				"down": {"uv": [10, 0, 16, 6], "texture": "#0"}
			}
		},
		{
			"name": "blade2",
			"from": [7.4, 20.92155, 5.32848],
			"to": [8.625, 21.72155, 5.70348],
			"rotation": {"angle": 22.5, "axis": "x", "origin": [8, 21.48405, 5.32848]},
			"faces": {
				"north": {"uv": [10, 0, 16, 6], "texture": "#0"},
				"east": {"uv": [10, 0, 16, 6], "texture": "#0"},
				"south": {"uv": [10, 0, 16, 6], "texture": "#0"},
				"west": {"uv": [10, 0, 16, 6], "texture": "#0"},
				"up": {"uv": [10, 0, 16, 6], "texture": "#0"},
				"down": {"uv": [10, 0, 16, 6], "texture": "#0"}
			}
		},
		{
			"name": "blade2",
			"from": [7.475, 21.64042, 5.74598],
			"to": [8.55, 21.99042, 5.84598],
			"rotation": {"angle": 45, "axis": "x", "origin": [8.0125, 21.99042, 5.57098]},
			"faces": {
				"north": {"uv": [10, 0, 16, 6], "texture": "#0"},
				"east": {"uv": [10, 0, 16, 6], "texture": "#0"},
				"south": {"uv": [10, 0, 16, 6], "texture": "#0"},
				"west": {"uv": [10, 0, 16, 6], "texture": "#0"},
				"up": {"uv": [10, 0, 16, 6], "texture": "#0"},
				"down": {"uv": [10, 0, 16, 6], "texture": "#0"}
			}
		},
		{
			"name": "blade2",
			"from": [7.425, 20.85, 4.55],
			"to": [8.6, 21.275, 5.425],
			"faces": {
				"north": {"uv": [10, 0, 16, 6], "texture": "#0"},
				"east": {"uv": [10, 0, 16, 6], "texture": "#0"},
				"south": {"uv": [10, 0, 16, 6], "texture": "#0"},
				"west": {"uv": [10, 0, 16, 6], "texture": "#0"},
				"up": {"uv": [10, 0, 16, 6], "texture": "#0"},
				"down": {"uv": [10, 0, 16, 6], "texture": "#0"}
			}
		},
		{
			"name": "blade2",
			"from": [7.4, 20.65, 4.45],
			"to": [8.625, 20.95, 4.65],
			"rotation": {"angle": -22.5, "axis": "x", "origin": [8, 22.075, 3.75]},
			"faces": {
				"north": {"uv": [10, 0, 16, 6], "texture": "#0"},
				"east": {"uv": [10, 0, 16, 6], "texture": "#0"},
				"south": {"uv": [10, 0, 16, 6], "texture": "#0"},
				"west": {"uv": [10, 0, 16, 6], "texture": "#0"},
				"up": {"uv": [10, 0, 16, 6], "texture": "#0"},
				"down": {"uv": [10, 0, 16, 6], "texture": "#0"}
			}
		},
		{
			"name": "blade2",
			"from": [7.35, 20.01899, 4.34922],
			"to": [8.675, 20.56899, 5.62422],
			"rotation": {"angle": -45, "axis": "x", "origin": [8, 20.24399, 4.57422]},
			"faces": {
				"north": {"uv": [10, 0, 16, 6], "texture": "#0"},
				"east": {"uv": [10, 0, 16, 6], "texture": "#0"},
				"south": {"uv": [10, 0, 16, 6], "texture": "#0"},
				"west": {"uv": [10, 0, 16, 6], "texture": "#0"},
				"up": {"uv": [10, 0, 16, 6], "texture": "#0"},
				"down": {"uv": [10, 0, 16, 6], "texture": "#0"}
			}
		},
		{
			"name": "blade2",
			"from": [7.375, 20.675, 3.975],
			"to": [8.65, 21.475, 5.025],
			"faces": {
				"north": {"uv": [10, 0, 16, 6], "texture": "#0"},
				"east": {"uv": [10, 0, 16, 6], "texture": "#0"},
				"south": {"uv": [10, 0, 16, 6], "texture": "#0"},
				"west": {"uv": [10, 0, 16, 6], "texture": "#0"},
				"up": {"uv": [10, 0, 16, 6], "texture": "#0"},
				"down": {"uv": [10, 0, 16, 6], "texture": "#0"}
			}
		},
		{
			"name": "blade2",
			"from": [7.275, 21.2, 3.1],
			"to": [8.75, 22.425, 4.4],
			"faces": {
				"north": {"uv": [10, 0, 16, 6], "texture": "#0"},
				"east": {"uv": [10, 0, 16, 6], "texture": "#0"},
				"south": {"uv": [10, 0, 16, 6], "texture": "#0"},
				"west": {"uv": [10, 0, 16, 6], "texture": "#0"},
				"up": {"uv": [10, 0, 16, 6], "texture": "#0"},
				"down": {"uv": [10, 0, 16, 6], "texture": "#0"}
			}
		},
		{
			"name": "blade2",
			"from": [7.325, 19.4974, 3.55338],
			"to": [8.7, 20.2474, 4.55338],
			"rotation": {"angle": -22.5, "axis": "x", "origin": [8, 19.9349, 3.40338]},
			"faces": {
				"north": {"uv": [10, 0, 16, 6], "texture": "#0"},
				"east": {"uv": [10, 0, 16, 6], "texture": "#0"},
				"south": {"uv": [10, 0, 16, 6], "texture": "#0"},
				"west": {"uv": [10, 0, 16, 6], "texture": "#0"},
				"up": {"uv": [10, 0, 16, 6], "texture": "#0"},
				"down": {"uv": [10, 0, 16, 6], "texture": "#0"}
			}
		},
		{
			"name": "blade2",
			"from": [7.3, 20.2, 3.35],
			"to": [8.725, 21.95, 4.65],
			"faces": {
				"north": {"uv": [10, 0, 16, 6], "texture": "#0"},
				"east": {"uv": [10, 0, 16, 6], "texture": "#0"},
				"south": {"uv": [10, 0, 16, 6], "texture": "#0"},
				"west": {"uv": [10, 0, 16, 6], "texture": "#0"},
				"up": {"uv": [10, 0, 16, 6], "texture": "#0"},
				"down": {"uv": [10, 0, 16, 6], "texture": "#0"}
			}
		},
		{
			"name": "blade2",
			"from": [7.325, 20.875, 3.2125],
			"to": [8.725, 21.55, 3.5125],
			"rotation": {"angle": -22.5, "axis": "x", "origin": [8, 21.075, 4]},
			"faces": {
				"north": {"uv": [10, 0, 16, 6], "texture": "#0"},
				"east": {"uv": [10, 0, 16, 6], "texture": "#0"},
				"south": {"uv": [10, 0, 16, 6], "texture": "#0"},
				"west": {"uv": [10, 0, 16, 6], "texture": "#0"},
				"up": {"uv": [10, 0, 16, 6], "texture": "#0"},
				"down": {"uv": [10, 0, 16, 6], "texture": "#0"}
			}
		},
		{
			"name": "blade2",
			"from": [7.4, 21.05, 4.3],
			"to": [8.625, 21.55, 4.5],
			"rotation": {"angle": -22.5, "axis": "x", "origin": [8, 22.075, 3.75]},
			"faces": {
				"north": {"uv": [10, 0, 16, 6], "texture": "#0"},
				"east": {"uv": [10, 0, 16, 6], "texture": "#0"},
				"south": {"uv": [10, 0, 16, 6], "texture": "#0"},
				"west": {"uv": [10, 0, 16, 6], "texture": "#0"},
				"up": {"uv": [10, 0, 16, 6], "texture": "#0"},
				"down": {"uv": [10, 0, 16, 6], "texture": "#0"}
			}
		},
		{
			"name": "blade2",
			"from": [7.25, 21.625, 3.075],
			"to": [8.775, 22.775, 4.5],
			"rotation": {"angle": -22.5, "axis": "x", "origin": [8, 22.075, 3.75]},
			"faces": {
				"north": {"uv": [10, 0, 16, 6], "texture": "#0"},
				"east": {"uv": [10, 0, 16, 6], "texture": "#0"},
				"south": {"uv": [10, 0, 16, 6], "texture": "#0"},
				"west": {"uv": [10, 0, 16, 6], "texture": "#0"},
				"up": {"uv": [10, 0, 16, 6], "texture": "#0"},
				"down": {"uv": [10, 0, 16, 6], "texture": "#0"}
			}
		},
		{
			"name": "blade2",
			"from": [7.225, 22.45, 2.85],
			"to": [8.8, 22.95, 3.1],
			"faces": {
				"north": {"uv": [10, 0, 16, 6], "texture": "#0"},
				"east": {"uv": [10, 0, 16, 6], "texture": "#0"},
				"south": {"uv": [10, 0, 16, 6], "texture": "#0"},
				"west": {"uv": [10, 0, 16, 6], "texture": "#0"},
				"up": {"uv": [10, 0, 16, 6], "texture": "#0"},
				"down": {"uv": [10, 0, 16, 6], "texture": "#0"}
			}
		},
		{
			"name": "blade2",
			"from": [7.2, 22.95, 2.85],
			"to": [8.8, 23.95, 4.1],
			"faces": {
				"north": {"uv": [10, 0, 16, 6], "texture": "#0"},
				"east": {"uv": [10, 0, 16, 6], "texture": "#0"},
				"south": {"uv": [10, 0, 16, 6], "texture": "#0"},
				"west": {"uv": [10, 0, 16, 6], "texture": "#0"},
				"up": {"uv": [10, 0, 16, 6], "texture": "#0"},
				"down": {"uv": [10, 0, 16, 6], "texture": "#0"}
			}
		},
		{
			"name": "blade2",
			"from": [7.225, 22.6, 2.925],
			"to": [8.775, 24.225, 4.15],
			"rotation": {"angle": -22.5, "axis": "x", "origin": [8, 23.325, 3.5]},
			"faces": {
				"north": {"uv": [10, 0, 16, 6], "texture": "#0"},
				"east": {"uv": [10, 0, 16, 6], "texture": "#0"},
				"south": {"uv": [10, 0, 16, 6], "texture": "#0"},
				"west": {"uv": [10, 0, 16, 6], "texture": "#0"},
				"up": {"uv": [10, 0, 16, 6], "texture": "#0"},
				"down": {"uv": [10, 0, 16, 6], "texture": "#0"}
			}
		},
		{
			"name": "blade2",
			"from": [7.225, 22.425, 3.1],
			"to": [8.8, 22.95, 4.4],
			"faces": {
				"north": {"uv": [10, 0, 16, 6], "texture": "#0"},
				"east": {"uv": [10, 0, 16, 6], "texture": "#0"},
				"south": {"uv": [10, 0, 16, 6], "texture": "#0"},
				"west": {"uv": [10, 0, 16, 6], "texture": "#0"},
				"up": {"uv": [10, 0, 16, 6], "texture": "#0"},
				"down": {"uv": [10, 0, 16, 6], "texture": "#0"}
			}
		},
		{
			"name": "blade2",
			"from": [7.2, 23.95, 2.6],
			"to": [8.8, 25.7, 4.1],
			"faces": {
				"north": {"uv": [10, 0, 16, 6], "texture": "#0"},
				"east": {"uv": [10, 0, 16, 6], "texture": "#0"},
				"south": {"uv": [10, 0, 16, 6], "texture": "#0"},
				"west": {"uv": [10, 0, 16, 6], "texture": "#0"},
				"up": {"uv": [10, 0, 16, 6], "texture": "#0"},
				"down": {"uv": [10, 0, 16, 6], "texture": "#0"}
			}
		},
		{
			"name": "blade2",
			"from": [7.175, 25.7, 2.4],
			"to": [8.825, 26.825, 3.55],
			"faces": {
				"north": {"uv": [10, 0, 16, 6], "texture": "#0"},
				"east": {"uv": [10, 0, 16, 6], "texture": "#0"},
				"south": {"uv": [10, 0, 16, 6], "texture": "#0"},
				"west": {"uv": [10, 0, 16, 6], "texture": "#0"},
				"up": {"uv": [10, 0, 16, 6], "texture": "#0"},
				"down": {"uv": [10, 0, 16, 6], "texture": "#0"}
			}
		},
		{
			"name": "blade2",
			"from": [7.225, 26.11754, 2.22154],
			"to": [8.775, 26.76754, 2.49654],
			"rotation": {"angle": -22.5, "axis": "x", "origin": [8, 26.64254, 4.90904]},
			"faces": {
				"north": {"uv": [10, 0, 16, 6], "texture": "#0"},
				"east": {"uv": [10, 0, 16, 6], "texture": "#0"},
				"south": {"uv": [10, 0, 16, 6], "texture": "#0"},
				"west": {"uv": [10, 0, 16, 6], "texture": "#0"},
				"up": {"uv": [10, 0, 16, 6], "texture": "#0"},
				"down": {"uv": [10, 0, 16, 6], "texture": "#0"}
			}
		},
		{
			"name": "blade2",
			"from": [7.225, 24.075, 3.425],
			"to": [8.775, 25.975, 4.6],
			"rotation": {"angle": 45, "axis": "x", "origin": [8, 24.825, 4.45]},
			"faces": {
				"north": {"uv": [10, 0, 16, 6], "texture": "#0"},
				"east": {"uv": [10, 0, 16, 6], "texture": "#0"},
				"south": {"uv": [10, 0, 16, 6], "texture": "#0"},
				"west": {"uv": [10, 0, 16, 6], "texture": "#0"},
				"up": {"uv": [10, 0, 16, 6], "texture": "#0"},
				"down": {"uv": [10, 0, 16, 6], "texture": "#0"}
			}
		},
		{
			"name": "blade2",
			"from": [7.15, 25.5, 4.1],
			"to": [8.85, 26.65, 6.1],
			"faces": {
				"north": {"uv": [10, 0, 16, 6], "texture": "#0"},
				"east": {"uv": [10, 0, 16, 6], "texture": "#0"},
				"south": {"uv": [10, 0, 16, 6], "texture": "#0"},
				"west": {"uv": [10, 0, 16, 6], "texture": "#0"},
				"up": {"uv": [10, 0, 16, 6], "texture": "#0"},
				"down": {"uv": [10, 0, 16, 6], "texture": "#0"}
			}
		},
		{
			"name": "blade2",
			"from": [7.175, 25.7, 3.55],
			"to": [8.825, 26.65, 4.1],
			"faces": {
				"north": {"uv": [10, 0, 16, 6], "texture": "#0"},
				"east": {"uv": [10, 0, 16, 6], "texture": "#0"},
				"south": {"uv": [10, 0, 16, 6], "texture": "#0"},
				"west": {"uv": [10, 0, 16, 6], "texture": "#0"},
				"up": {"uv": [10, 0, 16, 6], "texture": "#0"},
				"down": {"uv": [10, 0, 16, 6], "texture": "#0"}
			}
		},
		{
			"name": "blade2",
			"from": [7.2, 26.00504, 3.58404],
			"to": [8.8, 26.28004, 4.23404],
			"rotation": {"angle": 22.5, "axis": "x", "origin": [8, 26.64254, 4.90904]},
			"faces": {
				"north": {"uv": [10, 0, 16, 6], "texture": "#0"},
				"east": {"uv": [10, 0, 16, 6], "texture": "#0"},
				"south": {"uv": [10, 0, 16, 6], "texture": "#0"},
				"west": {"uv": [10, 0, 16, 6], "texture": "#0"},
				"up": {"uv": [10, 0, 16, 6], "texture": "#0"},
				"down": {"uv": [10, 0, 16, 6], "texture": "#0"}
			}
		},
		{
			"name": "blade2",
			"from": [7.175, 28.62602, 5.1219],
			"to": [8.825, 28.90102, 5.7719],
			"rotation": {"angle": -22.5, "axis": "x", "origin": [8, 26.35102, 10.5094]},
			"faces": {
				"north": {"uv": [10, 0, 16, 6], "texture": "#0"},
				"east": {"uv": [10, 0, 16, 6], "texture": "#0"},
				"south": {"uv": [10, 0, 16, 6], "texture": "#0"},
				"west": {"uv": [10, 0, 16, 6], "texture": "#0"},
				"up": {"uv": [10, 0, 16, 6], "texture": "#0"},
				"down": {"uv": [10, 0, 16, 6], "texture": "#0"}
			}
		},
		{
			"name": "blade2",
			"from": [7.15, 26.65, 5.15],
			"to": [8.85, 26.9, 6.1],
			"faces": {
				"north": {"uv": [10, 0, 16, 6], "texture": "#0"},
				"east": {"uv": [10, 0, 16, 6], "texture": "#0"},
				"south": {"uv": [10, 0, 16, 6], "texture": "#0"},
				"west": {"uv": [10, 0, 16, 6], "texture": "#0"},
				"up": {"uv": [10, 0, 16, 6], "texture": "#0"},
				"down": {"uv": [10, 0, 16, 6], "texture": "#0"}
			}
		},
		{
			"name": "blade2",
			"from": [7.175, 28.47602, 6.1219],
			"to": [8.825, 28.75102, 6.7969],
			"rotation": {"angle": -22.5, "axis": "x", "origin": [8, 26.35102, 10.5094]},
			"faces": {
				"north": {"uv": [10, 0, 16, 6], "texture": "#0"},
				"east": {"uv": [10, 0, 16, 6], "texture": "#0"},
				"south": {"uv": [10, 0, 16, 6], "texture": "#0"},
				"west": {"uv": [10, 0, 16, 6], "texture": "#0"},
				"up": {"uv": [10, 0, 16, 6], "texture": "#0"},
				"down": {"uv": [10, 0, 16, 6], "texture": "#0"}
			}
		},
		{
			"name": "blade2",
			"from": [7.15, 26.9, 6.15],
			"to": [8.85, 27.15, 7.35],
			"faces": {
				"north": {"uv": [10, 0, 16, 6], "texture": "#0"},
				"east": {"uv": [10, 0, 16, 6], "texture": "#0"},
				"south": {"uv": [10, 0, 16, 6], "texture": "#0"},
				"west": {"uv": [10, 0, 16, 6], "texture": "#0"},
				"up": {"uv": [10, 0, 16, 6], "texture": "#0"},
				"down": {"uv": [10, 0, 16, 6], "texture": "#0"}
			}
		},
		{
			"name": "blade2",
			"from": [7.175, 28.42602, 6.9219],
			"to": [8.825, 28.70102, 7.5719],
			"rotation": {"angle": -22.5, "axis": "x", "origin": [8, 26.35102, 10.5094]},
			"faces": {
				"north": {"uv": [10, 0, 16, 6], "texture": "#0"},
				"east": {"uv": [10, 0, 16, 6], "texture": "#0"},
				"south": {"uv": [10, 0, 16, 6], "texture": "#0"},
				"west": {"uv": [10, 0, 16, 6], "texture": "#0"},
				"up": {"uv": [10, 0, 16, 6], "texture": "#0"},
				"down": {"uv": [10, 0, 16, 6], "texture": "#0"}
			}
		},
		{
			"name": "blade2",
			"from": [7.15, 27.15, 6.9],
			"to": [8.85, 27.4, 8.35],
			"faces": {
				"north": {"uv": [10, 0, 16, 6], "texture": "#0"},
				"east": {"uv": [10, 0, 16, 6], "texture": "#0"},
				"south": {"uv": [10, 0, 16, 6], "texture": "#0"},
				"west": {"uv": [10, 0, 16, 6], "texture": "#0"},
				"up": {"uv": [10, 0, 16, 6], "texture": "#0"},
				"down": {"uv": [10, 0, 16, 6], "texture": "#0"}
			}
		},
		{
			"name": "blade2",
			"from": [7.15, 26, 7.35],
			"to": [8.85, 27.15, 8.35],
			"faces": {
				"north": {"uv": [10, 0, 16, 6], "texture": "#0"},
				"east": {"uv": [10, 0, 16, 6], "texture": "#0"},
				"south": {"uv": [10, 0, 16, 6], "texture": "#0"},
				"west": {"uv": [10, 0, 16, 6], "texture": "#0"},
				"up": {"uv": [10, 0, 16, 6], "texture": "#0"},
				"down": {"uv": [10, 0, 16, 6], "texture": "#0"}
			}
		},
		{
			"name": "blade2",
			"from": [7.175, 27.02602, 7.3469],
			"to": [8.825, 27.25102, 8.0719],
			"rotation": {"angle": -22.5, "axis": "x", "origin": [8, 26.35102, 10.5094]},
			"faces": {
				"north": {"uv": [10, 0, 16, 6], "texture": "#0"},
				"east": {"uv": [10, 0, 16, 6], "texture": "#0"},
				"south": {"uv": [10, 0, 16, 6], "texture": "#0"},
				"west": {"uv": [10, 0, 16, 6], "texture": "#0"},
				"up": {"uv": [10, 0, 16, 6], "texture": "#0"},
				"down": {"uv": [10, 0, 16, 6], "texture": "#0"}
			}
		},
		{
			"name": "blade2",
			"from": [7.175, 27.25102, 6.0969],
			"to": [8.825, 27.50102, 6.7719],
			"rotation": {"angle": -22.5, "axis": "x", "origin": [8, 26.35102, 10.5094]},
			"faces": {
				"north": {"uv": [10, 0, 16, 6], "texture": "#0"},
				"east": {"uv": [10, 0, 16, 6], "texture": "#0"},
				"south": {"uv": [10, 0, 16, 6], "texture": "#0"},
				"west": {"uv": [10, 0, 16, 6], "texture": "#0"},
				"up": {"uv": [10, 0, 16, 6], "texture": "#0"},
				"down": {"uv": [10, 0, 16, 6], "texture": "#0"}
			}
		},
		{
			"name": "blade2",
			"from": [7.15, 25.75, 6.1],
			"to": [8.85, 26.9, 7.35],
			"faces": {
				"north": {"uv": [10, 0, 16, 6], "texture": "#0"},
				"east": {"uv": [10, 0, 16, 6], "texture": "#0"},
				"south": {"uv": [10, 0, 16, 6], "texture": "#0"},
				"west": {"uv": [10, 0, 16, 6], "texture": "#0"},
				"up": {"uv": [10, 0, 16, 6], "texture": "#0"},
				"down": {"uv": [10, 0, 16, 6], "texture": "#0"}
			}
		},
		{
			"name": "blade2",
			"from": [7.175, 26.85102, 8.3719],
			"to": [8.825, 27.10102, 9.0469],
			"rotation": {"angle": -22.5, "axis": "x", "origin": [8, 26.35102, 10.5094]},
			"faces": {
				"north": {"uv": [10, 0, 16, 6], "texture": "#0"},
				"east": {"uv": [10, 0, 16, 6], "texture": "#0"},
				"south": {"uv": [10, 0, 16, 6], "texture": "#0"},
				"west": {"uv": [10, 0, 16, 6], "texture": "#0"},
				"up": {"uv": [10, 0, 16, 6], "texture": "#0"},
				"down": {"uv": [10, 0, 16, 6], "texture": "#0"}
			}
		},
		{
			"name": "blade2",
			"from": [7.15, 26.25, 8.35],
			"to": [8.85, 27.4, 9.1],
			"faces": {
				"north": {"uv": [10, 0, 16, 6], "texture": "#0"},
				"east": {"uv": [10, 0, 16, 6], "texture": "#0"},
				"south": {"uv": [10, 0, 16, 6], "texture": "#0"},
				"west": {"uv": [10, 0, 16, 6], "texture": "#0"},
				"up": {"uv": [10, 0, 16, 6], "texture": "#0"},
				"down": {"uv": [10, 0, 16, 6], "texture": "#0"}
			}
		},
		{
			"name": "blade2",
			"from": [7.175, 26.82602, 9.1719],
			"to": [8.825, 27.02602, 9.7469],
			"rotation": {"angle": -22.5, "axis": "x", "origin": [8, 26.35102, 10.5094]},
			"faces": {
				"north": {"uv": [10, 0, 16, 6], "texture": "#0"},
				"east": {"uv": [10, 0, 16, 6], "texture": "#0"},
				"south": {"uv": [10, 0, 16, 6], "texture": "#0"},
				"west": {"uv": [10, 0, 16, 6], "texture": "#0"},
				"up": {"uv": [10, 0, 16, 6], "texture": "#0"},
				"down": {"uv": [10, 0, 16, 6], "texture": "#0"}
			}
		},
		{
			"name": "blade2",
			"from": [7.15, 26.5, 9.1],
			"to": [8.85, 27.4, 9.65],
			"faces": {
				"north": {"uv": [10, 0, 16, 6], "texture": "#0"},
				"east": {"uv": [10, 0, 16, 6], "texture": "#0"},
				"south": {"uv": [10, 0, 16, 6], "texture": "#0"},
				"west": {"uv": [10, 0, 16, 6], "texture": "#0"},
				"up": {"uv": [10, 0, 16, 6], "texture": "#0"},
				"down": {"uv": [10, 0, 16, 6], "texture": "#0"}
			}
		},
		{
			"name": "blade2",
			"from": [7.15, 26.5, 9.65],
			"to": [8.85, 26.75, 10.35],
			"faces": {
				"north": {"uv": [10, 0, 16, 6], "texture": "#0"},
				"east": {"uv": [10, 0, 16, 6], "texture": "#0"},
				"south": {"uv": [10, 0, 16, 6], "texture": "#0"},
				"west": {"uv": [10, 0, 16, 6], "texture": "#0"},
				"up": {"uv": [10, 0, 16, 6], "texture": "#0"},
				"down": {"uv": [10, 0, 16, 6], "texture": "#0"}
			}
		},
		{
			"name": "blade2",
			"from": [7.15, 27.4, 8.15],
			"to": [8.85, 27.65, 9.65],
			"faces": {
				"north": {"uv": [10, 0, 16, 6], "texture": "#0"},
				"east": {"uv": [10, 0, 16, 6], "texture": "#0"},
				"south": {"uv": [10, 0, 16, 6], "texture": "#0"},
				"west": {"uv": [10, 0, 16, 6], "texture": "#0"},
				"up": {"uv": [10, 0, 16, 6], "texture": "#0"},
				"down": {"uv": [10, 0, 16, 6], "texture": "#0"}
			}
		},
		{
			"name": "blade2",
			"from": [7.175, 28.17602, 8.0719],
			"to": [8.825, 28.45102, 8.8219],
			"rotation": {"angle": -22.5, "axis": "x", "origin": [8, 26.35102, 10.5094]},
			"faces": {
				"north": {"uv": [10, 0, 16, 6], "texture": "#0"},
				"east": {"uv": [10, 0, 16, 6], "texture": "#0"},
				"south": {"uv": [10, 0, 16, 6], "texture": "#0"},
				"west": {"uv": [10, 0, 16, 6], "texture": "#0"},
				"up": {"uv": [10, 0, 16, 6], "texture": "#0"},
				"down": {"uv": [10, 0, 16, 6], "texture": "#0"}
			}
		},
		{
			"name": "blade2",
			"from": [7.175, 27.80102, 9.6719],
			"to": [8.825, 28.10102, 10.3219],
			"rotation": {"angle": -22.5, "axis": "x", "origin": [8, 26.35102, 10.5094]},
			"faces": {
				"north": {"uv": [10, 0, 16, 6], "texture": "#0"},
				"east": {"uv": [10, 0, 16, 6], "texture": "#0"},
				"south": {"uv": [10, 0, 16, 6], "texture": "#0"},
				"west": {"uv": [10, 0, 16, 6], "texture": "#0"},
				"up": {"uv": [10, 0, 16, 6], "texture": "#0"},
				"down": {"uv": [10, 0, 16, 6], "texture": "#0"}
			}
		},
		{
			"name": "blade2",
			"from": [7.15, 26.75, 9.65],
			"to": [8.85, 27.9, 11.65],
			"faces": {
				"north": {"uv": [10, 0, 16, 6], "texture": "#0"},
				"east": {"uv": [10, 0, 16, 6], "texture": "#0"},
				"south": {"uv": [10, 0, 16, 6], "texture": "#0"},
				"west": {"uv": [10, 0, 16, 6], "texture": "#0"},
				"up": {"uv": [10, 0, 16, 6], "texture": "#0"},
				"down": {"uv": [10, 0, 16, 6], "texture": "#0"}
			}
		},
		{
			"name": "blade2",
			"from": [7.15, 26.75, 11.65],
			"to": [8.85, 27.9, 13.85],
			"faces": {
				"north": {"uv": [10, 0, 16, 6], "texture": "#0"},
				"east": {"uv": [10, 0, 16, 6], "texture": "#0"},
				"south": {"uv": [10, 0, 16, 6], "texture": "#0"},
				"west": {"uv": [10, 0, 16, 6], "texture": "#0"},
				"up": {"uv": [10, 0, 16, 6], "texture": "#0"},
				"down": {"uv": [10, 0, 16, 6], "texture": "#0"}
			}
		},
		{
			"name": "blade2",
			"from": [7.175, 26.425, 12.825],
			"to": [8.825, 26.825, 13.85],
			"rotation": {"angle": 22.5, "axis": "x", "origin": [8, 24.875, 16]},
			"faces": {
				"north": {"uv": [10, 0, 16, 6], "texture": "#0"},
				"east": {"uv": [10, 0, 16, 6], "texture": "#0"},
				"south": {"uv": [10, 0, 16, 6], "texture": "#0"},
				"west": {"uv": [10, 0, 16, 6], "texture": "#0"},
				"up": {"uv": [10, 0, 16, 6], "texture": "#0"},
				"down": {"uv": [10, 0, 16, 6], "texture": "#0"}
			}
		},
		{
			"name": "blade2",
			"from": [7.15, 26.8, 13.8],
			"to": [8.85, 27.5, 14.975],
			"faces": {
				"north": {"uv": [10, 0, 16, 6], "texture": "#0"},
				"east": {"uv": [10, 0, 16, 6], "texture": "#0"},
				"south": {"uv": [10, 0, 16, 6], "texture": "#0"},
				"west": {"uv": [10, 0, 16, 6], "texture": "#0"},
				"up": {"uv": [10, 0, 16, 6], "texture": "#0"},
				"down": {"uv": [10, 0, 16, 6], "texture": "#0"}
			}
		},
		{
			"name": "blade2",
			"from": [7.175, 25.775, 13.25],
			"to": [8.825, 26.2, 14.1],
			"rotation": {"angle": 22.5, "axis": "x", "origin": [8, 24.875, 16]},
			"faces": {
				"north": {"uv": [10, 0, 16, 6], "texture": "#0"},
				"east": {"uv": [10, 0, 16, 6], "texture": "#0"},
				"south": {"uv": [10, 0, 16, 6], "texture": "#0"},
				"west": {"uv": [10, 0, 16, 6], "texture": "#0"},
				"up": {"uv": [10, 0, 16, 6], "texture": "#0"},
				"down": {"uv": [10, 0, 16, 6], "texture": "#0"}
			}
		},
		{
			"name": "blade2",
			"from": [7.15, 24.2, 16.1],
			"to": [8.85, 27.45, 17.125],
			"rotation": {"angle": -45, "axis": "x", "origin": [8, 24.875, 16]},
			"faces": {
				"north": {"uv": [10, 0, 16, 6], "texture": "#0"},
				"east": {"uv": [10, 0, 16, 6], "texture": "#0"},
				"south": {"uv": [10, 0, 16, 6], "texture": "#0"},
				"west": {"uv": [10, 0, 16, 6], "texture": "#0"},
				"up": {"uv": [10, 0, 16, 6], "texture": "#0"},
				"down": {"uv": [10, 0, 16, 6], "texture": "#0"}
			}
		},
		{
			"name": "blade2",
			"from": [7.15, 23.15, 16.75],
			"to": [8.85, 25, 17.75],
			"rotation": {"angle": -22.5, "axis": "x", "origin": [8, 23.875, 17]},
			"faces": {
				"north": {"uv": [10, 0, 16, 6], "texture": "#0"},
				"east": {"uv": [10, 0, 16, 6], "texture": "#0"},
				"south": {"uv": [10, 0, 16, 6], "texture": "#0"},
				"west": {"uv": [10, 0, 16, 6], "texture": "#0"},
				"up": {"uv": [10, 0, 16, 6], "texture": "#0"},
				"down": {"uv": [10, 0, 16, 6], "texture": "#0"}
			}
		},
		{
			"name": "blade2",
			"from": [7.15, 21.975, 16.9],
			"to": [8.85, 23.5, 17.975],
			"faces": {
				"north": {"uv": [10, 0, 16, 6], "texture": "#0"},
				"east": {"uv": [10, 0, 16, 6], "texture": "#0"},
				"south": {"uv": [10, 0, 16, 6], "texture": "#0"},
				"west": {"uv": [10, 0, 16, 6], "texture": "#0"},
				"up": {"uv": [10, 0, 16, 6], "texture": "#0"},
				"down": {"uv": [10, 0, 16, 6], "texture": "#0"}
			}
		},
		{
			"name": "blade2",
			"from": [7.15, 20.525, 16.125],
			"to": [8.85, 22.275, 17.225],
			"rotation": {"angle": 22.5, "axis": "x", "origin": [8, 20.275, 16.9]},
			"faces": {
				"north": {"uv": [10, 0, 16, 6], "texture": "#0"},
				"east": {"uv": [10, 0, 16, 6], "texture": "#0"},
				"south": {"uv": [10, 0, 16, 6], "texture": "#0"},
				"west": {"uv": [10, 0, 16, 6], "texture": "#0"},
				"up": {"uv": [10, 0, 16, 6], "texture": "#0"},
				"down": {"uv": [10, 0, 16, 6], "texture": "#0"}
			}
		},
		{
			"name": "blade2",
			"from": [7.15, 11.7, 8.2],
			"to": [8.85, 23.95, 9.2],
			"rotation": {"angle": 45, "axis": "x", "origin": [8, 12.375, 9]},
			"faces": {
				"north": {"uv": [10, 0, 16, 6], "texture": "#0"},
				"east": {"uv": [10, 0, 16, 6], "texture": "#0"},
				"south": {"uv": [10, 0, 16, 6], "texture": "#0"},
				"west": {"uv": [10, 0, 16, 6], "texture": "#0"},
				"up": {"uv": [10, 0, 16, 6], "texture": "#0"},
				"down": {"uv": [10, 0, 16, 6], "texture": "#0"}
			}
		},
		{
			"name": "blade2",
			"from": [7.15, 9.38845, 9.15857],
			"to": [8.85, 11.13845, 11.35857],
			"rotation": {"angle": 22.5, "axis": "x", "origin": [8, 16.2397, 12.67336]},
			"faces": {
				"north": {"uv": [10, 0, 16, 6], "texture": "#0"},
				"east": {"uv": [10, 0, 16, 6], "texture": "#0"},
				"south": {"uv": [10, 0, 16, 6], "texture": "#0"},
				"west": {"uv": [10, 0, 16, 6], "texture": "#0"},
				"up": {"uv": [10, 0, 16, 6], "texture": "#0"},
				"down": {"uv": [10, 0, 16, 6], "texture": "#0"}
			}
		},
		{
			"name": "blade2",
			"from": [7.175, 9.75, 6.9],
			"to": [8.85, 11.5, 9.1],
			"faces": {
				"north": {"uv": [10, 0, 16, 6], "texture": "#0"},
				"east": {"uv": [10, 0, 16, 6], "texture": "#0"},
				"south": {"uv": [10, 0, 16, 6], "texture": "#0"},
				"west": {"uv": [10, 0, 16, 6], "texture": "#0"},
				"up": {"uv": [10, 0, 16, 6], "texture": "#0"},
				"down": {"uv": [10, 0, 16, 6], "texture": "#0"}
			}
		}
	],
	"display": {
		"thirdperson_righthand": {
			"rotation": [-21, 34, 17],
			"translation": [0, 0, 1.75]
		},
		"firstperson_righthand": {
			"rotation": [-28, 34, 0],
			"translation": [0, -0.5, 0],
			"scale": [0.8, 0.8, 0.8]
		},
		"firstperson_lefthand": {
			"rotation": [-35, 16, -20]
		},
		"gui": {
			"rotation": [-70, 46, 83],
			"translation": [2.5, -3.25, 0],
			"scale": [0.6, 0.6, 0.6]
		},
		"head": {
			"rotation": [-11, 0, 0],
			"translation": [0, -8, 10]
		},
		"fixed": {
			"rotation": [90, -135, 90],
			"translation": [-3.5, -4.25, 0],
			"scale": [0.6, 0.6, 0.6]
		}
	},
	"groups": [
		{
			"name": "group",
			"origin": [8, 20.275, 16.9],
			"color": 0,
			"children": [
				{
					"name": "blade",
					"origin": [8, 12.375, 9],
					"color": 0,
					"children": [
						0,
						1,
						2,
						3,
						4,
						5,
						6,
						7,
						8,
						9,
						10,
						11,
						12,
						13,
						14,
						15,
						16,
						17,
						18,
						19,
						20,
						21,
						22,
						23,
						24,
						25,
						26,
						27,
						28,
						29,
						30,
						31,
						32,
						33,
						34,
						35,
						36,
						37,
						38,
						39,
						40,
						41,
						42,
						43,
						44,
						45,
						46,
						47,
						48
					]
				},
				{
					"name": "ring",
					"origin": [0, 3.55, 0],
					"color": 0,
					"children": [49, 50, 51, 52, 53, 54, 55, 56]
				},
				{
					"name": "handle",
					"origin": [0, 0, 0],
					"color": 0,
					"children": [57, 58, 59, 60, 61, 62, 63, 64, 65, 66, 67, 68, 69]
				},
				{
					"name": "blade2",
					"origin": [0, 0, 0],
					"color": 0,
					"children": [
						70,
						71,
						72,
						73,
						74,
						75,
						76,
						77,
						78,
						79,
						80,
						81,
						82,
						83,
						84,
						85,
						86,
						87,
						88,
						89,
						90,
						91,
						92,
						93,
						94,
						95,
						96,
						97,
						98,
						99,
						100,
						101,
						102,
						103,
						104,
						105,
						106,
						107,
						108,
						109,
						110,
						111,
						112,
						113,
						114,
						115,
						116,
						117,
						118,
						119,
						120,
						121,
						122,
						123,
						124,
						125
					]
				}
			]
		}
	]
}