{
  "model": {
    "type": "select",
    "property": "custom_model_data",
    "fallback": {
      "type": "model",
      "model": "item/apple"
    },
    "cases": [
      {
        "when": "8003",
        "model": {
          "type": "model",
          "model": "custommodeldata/food/honeyed_apple"
        }
      },
      {
        "when": "8004",
        "model": {
          "type": "model",
          "model": "custommodeldata/food/hot_dog"
        }
      },{
        "when": "8005",
        "model": {
          "type": "model",
          "model": "custommodeldata/food/sausage_roll"
        }
      },{
        "when": "8006",
        "model": {
          "type": "model",
          "model": "custommodeldata/food/hamburger"
        }
      },{
        "when": "honeyed_apple",
        "model": {
          "type": "model",
          "model": "custommodeldata/food/honeyed_apple"
        }
      },
      {
        "when": "hot_dog",
        "model": {
          "type": "model",
          "model": "custommodeldata/food/hot_dog"
        }
      },{
        "when": "sausage_roll",
        "model": {
          "type": "model",
          "model": "custommodeldata/food/sausage_roll"
        }
      },{
        "when": "hamburger",
        "model": {
          "type": "model",
          "model": "custommodeldata/food/hamburger"
        }
      }
    ]
  }
}