{
  "model": {
    "type": "select",
    "property": "custom_model_data",
    "fallback": {
      "type": "model",
      "model": "item/gold_nugget"
    },
    "cases": [
      {
        "when": "7771",
        "model": {
          "type": "model",
          "model": "custommodeldata/money/fivegrand"
        }
      },{
        "when": "fivegrand",
        "model": {
          "type": "model",
          "model": "custommodeldata/money/fivegrand"
        }
      },
	  {
        "when": "7772",
        "model": {
          "type": "model",
          "model": "custommodeldata/money/tengrand"
        }
      },{
        "when": "tengrand",
        "model": {
          "type": "model",
          "model": "custommodeldata/money/tengrand"
        }
      },
	  {
        "when": "7773",
        "model": {
          "type": "model",
          "model": "custommodeldata/money/twentygrand"
        }
      },{
        "when": "twentygrand",
        "model": {
          "type": "model",
          "model": "custommodeldata/money/twentygrand"
        }
      },
	  {
        "when": "7774",
        "model": {
          "type": "model",
          "model": "custommodeldata/money/fiftygrand"
        }
      },{
        "when": "fiftygrand",
        "model": {
          "type": "model",
          "model": "custommodeldata/money/fiftygrand"
        }
      },
	  {
        "when": "7775",
        "model": {
          "type": "model",
          "model": "custommodeldata/money/hundredgrand"
        }
      },{
        "when": "hundredgrand",
        "model": {
          "type": "model",
          "model": "custommodeldata/money/hundredgrand"
        }
      },
	  {
        "when": "7776",
        "model": {
          "type": "model",
          "model": "custommodeldata/money/fivehundredgrand"
        }
      },{
        "when": "fivehundredgrand",
        "model": {
          "type": "model",
          "model": "custommodeldata/money/fivehundredgrand"
        }
      },
	  {
        "when": "7777",
        "model": {
          "type": "model",
          "model": "custommodeldata/money/million"
        }
      },{
        "when": "million",
        "model": {
          "type": "model",
          "model": "custommodeldata/money/million"
        }
      }
    ]
  }
}