{
  "model": {
    "type": "select",
    "property": "custom_model_data",
    "fallback": {
      "type": "model",
      "model": "item/honey_bottle"
    },
    "cases": [
      {
        "when": "8001",
        "model": {
          "type": "model",
          "model": "custommodeldata/food/builders_tea"
        }
      },{
        "when": "builders_tea",
        "model": {
          "type": "model",
          "model": "custommodeldata/food/builders_tea"
        }
      },
	  {
        "when": "8007",
        "model": {
          "type": "model",
          "model": "custommodeldata/food/sweet_berry_milkshake"
        }
      },{
        "when": "sweet_berry_milkshake",
        "model": {
          "type": "model",
          "model": "custommodeldata/food/sweet_berry_milkshake"
        }
      }
    ]
  }
}