{
  "model": {
    "type": "select",
    "property": "custom_model_data",
    "fallback": {
      "type": "model",
      "model": "replacements/iron_hoe"
    },
    "cases": [
      {
        "when": "322",
        "model": {
          "type": "model",
          "model": "custommodeldata/weapons/fleshhookpudge"
        }
      },{
        "when": "fleshhookpudge",
        "model": {
          "type": "model",
          "model": "custommodeldata/weapons/fleshhookpudge"
        }
      }
    ]
  }
}