{
  "model": {
    "type": "select",
    "property": "custom_model_data",
    "fallback": {
      "type": "model",
      "model": "item/iron_nugget"
    },
    "cases": [
      {
        "when": "1",
        "model": {
          "type": "model",
          "model": "custommodeldata/gems/chrysolite"
        }
      },{
        "when": "chrysolite",
        "model": {
          "type": "model",
          "model": "custommodeldata/gems/chrysolite"
        }
      },
	  {
        "when": "2",
        "model": {
          "type": "model",
          "model": "custommodeldata/gems/topaz"
        }
      },{
        "when": "topaz",
        "model": {
          "type": "model",
          "model": "custommodeldata/gems/topaz"
        }
      },
	  {
        "when": "3",
        "model": {
          "type": "model",
          "model": "custommodeldata/gems/almandine"
        }
      },{
        "when": "almandine",
        "model": {
          "type": "model",
          "model": "custommodeldata/gems/almandine"
        }
      },
	  {
        "when": "4",
        "model": {
          "type": "model",
          "model": "custommodeldata/gems/support"
        }
      },{
        "when": "support",
        "model": {
          "type": "model",
          "model": "custommodeldata/gems/support"
        }
      },
	  {
        "when": "5",
        "model": {
          "type": "model",
          "model": "custommodeldata/gems/pearl"
        }
      },{
        "when": "pearl",
        "model": {
          "type": "model",
          "model": "custommodeldata/gems/pearl"
        }
      },
	  {
        "when": "6",
        "model": {
          "type": "model",
          "model": "custommodeldata/gems/sapphire"
        }
      },{
        "when": "sapphire",
        "model": {
          "type": "model",
          "model": "custommodeldata/gems/sapphire"
        }
      },
	  {
        "when": "7",
        "model": {
          "type": "model",
          "model": "custommodeldata/gems/amber"
        }
      },{
        "when": "amber",
        "model": {
          "type": "model",
          "model": "custommodeldata/gems/amber"
        }
      },
	  {
        "when": "8",
        "model": {
          "type": "model",
          "model": "custommodeldata/gems/faq"
        }
      },{
        "when": "faq",
        "model": {
          "type": "model",
          "model": "custommodeldata/gems/faq"
        }
      },
	  {
        "when": "9",
        "model": {
          "type": "model",
          "model": "custommodeldata/gems/youtuber"
        }
      },{
        "when": "youtuber",
        "model": {
          "type": "model",
          "model": "custommodeldata/gems/youtuber"
        }
      },
	  {
        "when": "10",
        "model": {
          "type": "model",
          "model": "custommodeldata/gems/battlepass"
        }
      },{
        "when": "battlepass",
        "model": {
          "type": "model",
          "model": "custommodeldata/gems/battlepass"
        }
      }
    ]
  }
}