{
    "providers": [
        {
            "type": "bitmap",
            "file": "minecraft:font/player.png",
            "height": 10,
            "ascent": 10,
            "chars": [
                "\u2160"
            ]
        },
        {
            "type": "bitmap",
            "file": "minecraft:font/chrysolite.png",
            "height": 10,
            "ascent": 10,
            "chars": [
                "\u2161"
            ]
        },
        {
            "type": "bitmap",
            "file": "minecraft:font/topaz.png",
            "height": 10,
            "ascent": 10,
            "chars": [
                "\u2162"
            ]
        },
        {
            "type": "bitmap",
            "file": "minecraft:font/almandine.png",
            "height": 10,
            "ascent": 10,
            "chars": [
                "\u2163"
            ]
        },
        {
            "type": "bitmap",
            "file": "minecraft:font/support.png",
            "height": 10,
            "ascent": 10,
            "chars": [
                "\u2164"
            ]
        },
        {
            "type": "bitmap",
            "file": "minecraft:font/pearl.png",
            "height": 10,
            "ascent": 10,
            "chars": [
                "\u2165"
            ]
        },
        {
            "type": "bitmap",
            "file": "minecraft:font/sapphire.png",
            "height": 10,
            "ascent": 10,
            "chars": [
                "\u2166"
            ]
        },
        {
            "type": "bitmap",
            "file": "minecraft:font/amber.png",
            "height": 10,
            "ascent": 10,
            "chars": [
                "\u2167"
            ]
        },
        {
            "type": "bitmap",
            "file": "minecraft:font/youtuber.png",
            "height": 10,
            "ascent": 10,
            "chars": [
                "\u2168"
            ]
        },
        {
            "type": "bitmap",
            "file": "minecraft:font/battlepass.png",
            "height": 10,
            "ascent": 10,
            "chars": [
                "\u2169"
            ]
        },
        {
            "type": "bitmap",
            "file": "minecraft:font/helper.png",
            "height": 10,
            "ascent": 10,
            "chars": [
                "\u222B"
            ]
        },
        {
            "type": "bitmap",
            "file": "minecraft:font/moderator.png",
            "height": 10,
            "ascent": 10,
            "chars": [
                "\u222C"
            ]
        },
        {
            "type": "bitmap",
            "file": "minecraft:font/administrator.png",
            "height": 10,
            "ascent": 10,
            "chars": [
                "\u222D"
            ]
        },
        {
            "type": "bitmap",
            "file": "minecraft:font/faq.png",
            "height": 10,
            "ascent": 10,
            "chars": [
                "\u2200"
            ]
        }
    ]
}
